2025-04-03 10:02:49:249 error: Lỗi khởi tạo vai trò mặc định: Role.initRoles is not a function
2025-04-03 12:41:38:4138 error: Lỗi khởi tạo vai trò mặc định: Role.initRoles is not a function
2025-04-06 08:55:53:5553 error: Lỗi khởi tạo vai trò mặc định: Role.initRoles is not a function
2025-04-06 10:20:38:2038 error: Lỗi khởi tạo vai trò mặc định: Role.initRoles is not a function
2025-04-06 10:30:25:3025 error: Lỗi khởi tạo vai trò mặc định: Role.initRoles is not a function
2025-04-08 15:30:38:3038 error: Lỗi khởi tạo vai trò mặc định: Role.initRoles is not a function
2025-04-08 15:32:54:3254 error: Lỗi khởi tạo vai trò mặc định: Role.initRoles is not a function
2025-04-08 15:33:09:339 error: Lỗi khởi tạo vai trò mặc định: Role.initRoles is not a function
2025-04-08 16:14:09:149 error: Lỗi lấy thông tin người dùng: Cast to ObjectId failed for value ":67ea2bdf5a694619a948fa08" (type string) at path "_id" for model "User"
2025-04-08 16:15:57:1557 error: Không tìm thấy - /api/monan
Error: Không tìm thấy - /api/monan
    at notFound (G:\Đồ án nodejs\NodeJs_Project\BE\middlewares\errorHandler.js:11:17)
    at Layer.handle [as handle_request] (G:\Đồ án nodejs\NodeJs_Project\BE\node_modules\express\lib\router\layer.js:95:5)
    at trim_prefix (G:\Đồ án nodejs\NodeJs_Project\BE\node_modules\express\lib\router\index.js:328:13)
    at G:\Đồ án nodejs\NodeJs_Project\BE\node_modules\express\lib\router\index.js:286:9
    at Function.process_params (G:\Đồ án nodejs\NodeJs_Project\BE\node_modules\express\lib\router\index.js:346:12)
    at next (G:\Đồ án nodejs\NodeJs_Project\BE\node_modules\express\lib\router\index.js:280:10)
    at logger (G:\Đồ án nodejs\NodeJs_Project\BE\node_modules\morgan\index.js:144:5)
    at Layer.handle [as handle_request] (G:\Đồ án nodejs\NodeJs_Project\BE\node_modules\express\lib\router\layer.js:95:5)
    at trim_prefix (G:\Đồ án nodejs\NodeJs_Project\BE\node_modules\express\lib\router\index.js:328:13)
    at G:\Đồ án nodejs\NodeJs_Project\BE\node_modules\express\lib\router\index.js:286:9
2025-04-08 16:16:07:167 error: Không tìm thấy - /api/monan
Error: Không tìm thấy - /api/monan
    at notFound (G:\Đồ án nodejs\NodeJs_Project\BE\middlewares\errorHandler.js:11:17)
    at Layer.handle [as handle_request] (G:\Đồ án nodejs\NodeJs_Project\BE\node_modules\express\lib\router\layer.js:95:5)
    at trim_prefix (G:\Đồ án nodejs\NodeJs_Project\BE\node_modules\express\lib\router\index.js:328:13)
    at G:\Đồ án nodejs\NodeJs_Project\BE\node_modules\express\lib\router\index.js:286:9
    at Function.process_params (G:\Đồ án nodejs\NodeJs_Project\BE\node_modules\express\lib\router\index.js:346:12)
    at next (G:\Đồ án nodejs\NodeJs_Project\BE\node_modules\express\lib\router\index.js:280:10)
    at logger (G:\Đồ án nodejs\NodeJs_Project\BE\node_modules\morgan\index.js:144:5)
    at Layer.handle [as handle_request] (G:\Đồ án nodejs\NodeJs_Project\BE\node_modules\express\lib\router\layer.js:95:5)
    at trim_prefix (G:\Đồ án nodejs\NodeJs_Project\BE\node_modules\express\lib\router\index.js:328:13)
    at G:\Đồ án nodejs\NodeJs_Project\BE\node_modules\express\lib\router\index.js:286:9
2025-04-08 16:16:18:1618 error: Không tìm thấy - /api/monan
Error: Không tìm thấy - /api/monan
    at notFound (G:\Đồ án nodejs\NodeJs_Project\BE\middlewares\errorHandler.js:11:17)
    at Layer.handle [as handle_request] (G:\Đồ án nodejs\NodeJs_Project\BE\node_modules\express\lib\router\layer.js:95:5)
    at trim_prefix (G:\Đồ án nodejs\NodeJs_Project\BE\node_modules\express\lib\router\index.js:328:13)
    at G:\Đồ án nodejs\NodeJs_Project\BE\node_modules\express\lib\router\index.js:286:9
    at Function.process_params (G:\Đồ án nodejs\NodeJs_Project\BE\node_modules\express\lib\router\index.js:346:12)
    at next (G:\Đồ án nodejs\NodeJs_Project\BE\node_modules\express\lib\router\index.js:280:10)
    at logger (G:\Đồ án nodejs\NodeJs_Project\BE\node_modules\morgan\index.js:144:5)
    at Layer.handle [as handle_request] (G:\Đồ án nodejs\NodeJs_Project\BE\node_modules\express\lib\router\layer.js:95:5)
    at trim_prefix (G:\Đồ án nodejs\NodeJs_Project\BE\node_modules\express\lib\router\index.js:328:13)
    at G:\Đồ án nodejs\NodeJs_Project\BE\node_modules\express\lib\router\index.js:286:9
2025-04-09 15:39:48:3948 error: Không tìm thấy - /api/dashboard/stats
Error: Không tìm thấy - /api/dashboard/stats
    at notFound (G:\Đồ án nodejs\NodeJs_Project\BE\middlewares\errorHandler.js:11:17)
    at Layer.handle [as handle_request] (G:\Đồ án nodejs\NodeJs_Project\BE\node_modules\express\lib\router\layer.js:95:5)
    at trim_prefix (G:\Đồ án nodejs\NodeJs_Project\BE\node_modules\express\lib\router\index.js:328:13)
    at G:\Đồ án nodejs\NodeJs_Project\BE\node_modules\express\lib\router\index.js:286:9
    at Function.process_params (G:\Đồ án nodejs\NodeJs_Project\BE\node_modules\express\lib\router\index.js:346:12)
    at next (G:\Đồ án nodejs\NodeJs_Project\BE\node_modules\express\lib\router\index.js:280:10)
    at logger (G:\Đồ án nodejs\NodeJs_Project\BE\node_modules\morgan\index.js:144:5)
    at Layer.handle [as handle_request] (G:\Đồ án nodejs\NodeJs_Project\BE\node_modules\express\lib\router\layer.js:95:5)
    at trim_prefix (G:\Đồ án nodejs\NodeJs_Project\BE\node_modules\express\lib\router\index.js:328:13)
    at G:\Đồ án nodejs\NodeJs_Project\BE\node_modules\express\lib\router\index.js:286:9
2025-04-09 15:39:48:3948 error: Không tìm thấy - /api/dashboard/stats
Error: Không tìm thấy - /api/dashboard/stats
    at notFound (G:\Đồ án nodejs\NodeJs_Project\BE\middlewares\errorHandler.js:11:17)
    at Layer.handle [as handle_request] (G:\Đồ án nodejs\NodeJs_Project\BE\node_modules\express\lib\router\layer.js:95:5)
    at trim_prefix (G:\Đồ án nodejs\NodeJs_Project\BE\node_modules\express\lib\router\index.js:328:13)
    at G:\Đồ án nodejs\NodeJs_Project\BE\node_modules\express\lib\router\index.js:286:9
    at Function.process_params (G:\Đồ án nodejs\NodeJs_Project\BE\node_modules\express\lib\router\index.js:346:12)
    at next (G:\Đồ án nodejs\NodeJs_Project\BE\node_modules\express\lib\router\index.js:280:10)
    at logger (G:\Đồ án nodejs\NodeJs_Project\BE\node_modules\morgan\index.js:144:5)
    at Layer.handle [as handle_request] (G:\Đồ án nodejs\NodeJs_Project\BE\node_modules\express\lib\router\layer.js:95:5)
    at trim_prefix (G:\Đồ án nodejs\NodeJs_Project\BE\node_modules\express\lib\router\index.js:328:13)
    at G:\Đồ án nodejs\NodeJs_Project\BE\node_modules\express\lib\router\index.js:286:9
2025-04-09 15:39:48:3948 error: Không tìm thấy - /api/dashboard/recent-orders?limit=5
Error: Không tìm thấy - /api/dashboard/recent-orders?limit=5
    at notFound (G:\Đồ án nodejs\NodeJs_Project\BE\middlewares\errorHandler.js:11:17)
    at Layer.handle [as handle_request] (G:\Đồ án nodejs\NodeJs_Project\BE\node_modules\express\lib\router\layer.js:95:5)
    at trim_prefix (G:\Đồ án nodejs\NodeJs_Project\BE\node_modules\express\lib\router\index.js:328:13)
    at G:\Đồ án nodejs\NodeJs_Project\BE\node_modules\express\lib\router\index.js:286:9
    at Function.process_params (G:\Đồ án nodejs\NodeJs_Project\BE\node_modules\express\lib\router\index.js:346:12)
    at next (G:\Đồ án nodejs\NodeJs_Project\BE\node_modules\express\lib\router\index.js:280:10)
    at logger (G:\Đồ án nodejs\NodeJs_Project\BE\node_modules\morgan\index.js:144:5)
    at Layer.handle [as handle_request] (G:\Đồ án nodejs\NodeJs_Project\BE\node_modules\express\lib\router\layer.js:95:5)
    at trim_prefix (G:\Đồ án nodejs\NodeJs_Project\BE\node_modules\express\lib\router\index.js:328:13)
    at G:\Đồ án nodejs\NodeJs_Project\BE\node_modules\express\lib\router\index.js:286:9
2025-04-09 15:39:48:3948 error: Không tìm thấy - /api/dashboard/recent-orders?limit=5
Error: Không tìm thấy - /api/dashboard/recent-orders?limit=5
    at notFound (G:\Đồ án nodejs\NodeJs_Project\BE\middlewares\errorHandler.js:11:17)
    at Layer.handle [as handle_request] (G:\Đồ án nodejs\NodeJs_Project\BE\node_modules\express\lib\router\layer.js:95:5)
    at trim_prefix (G:\Đồ án nodejs\NodeJs_Project\BE\node_modules\express\lib\router\index.js:328:13)
    at G:\Đồ án nodejs\NodeJs_Project\BE\node_modules\express\lib\router\index.js:286:9
    at Function.process_params (G:\Đồ án nodejs\NodeJs_Project\BE\node_modules\express\lib\router\index.js:346:12)
    at next (G:\Đồ án nodejs\NodeJs_Project\BE\node_modules\express\lib\router\index.js:280:10)
    at logger (G:\Đồ án nodejs\NodeJs_Project\BE\node_modules\morgan\index.js:144:5)
    at Layer.handle [as handle_request] (G:\Đồ án nodejs\NodeJs_Project\BE\node_modules\express\lib\router\layer.js:95:5)
    at trim_prefix (G:\Đồ án nodejs\NodeJs_Project\BE\node_modules\express\lib\router\index.js:328:13)
    at G:\Đồ án nodejs\NodeJs_Project\BE\node_modules\express\lib\router\index.js:286:9
2025-04-09 15:39:48:3948 error: Không tìm thấy - /api/dashboard/recent-reservations?limit=5
Error: Không tìm thấy - /api/dashboard/recent-reservations?limit=5
    at notFound (G:\Đồ án nodejs\NodeJs_Project\BE\middlewares\errorHandler.js:11:17)
    at Layer.handle [as handle_request] (G:\Đồ án nodejs\NodeJs_Project\BE\node_modules\express\lib\router\layer.js:95:5)
    at trim_prefix (G:\Đồ án nodejs\NodeJs_Project\BE\node_modules\express\lib\router\index.js:328:13)
    at G:\Đồ án nodejs\NodeJs_Project\BE\node_modules\express\lib\router\index.js:286:9
    at Function.process_params (G:\Đồ án nodejs\NodeJs_Project\BE\node_modules\express\lib\router\index.js:346:12)
    at next (G:\Đồ án nodejs\NodeJs_Project\BE\node_modules\express\lib\router\index.js:280:10)
    at logger (G:\Đồ án nodejs\NodeJs_Project\BE\node_modules\morgan\index.js:144:5)
    at Layer.handle [as handle_request] (G:\Đồ án nodejs\NodeJs_Project\BE\node_modules\express\lib\router\layer.js:95:5)
    at trim_prefix (G:\Đồ án nodejs\NodeJs_Project\BE\node_modules\express\lib\router\index.js:328:13)
    at G:\Đồ án nodejs\NodeJs_Project\BE\node_modules\express\lib\router\index.js:286:9
2025-04-09 15:39:48:3948 error: Không tìm thấy - /api/dashboard/recent-reservations?limit=5
Error: Không tìm thấy - /api/dashboard/recent-reservations?limit=5
    at notFound (G:\Đồ án nodejs\NodeJs_Project\BE\middlewares\errorHandler.js:11:17)
    at Layer.handle [as handle_request] (G:\Đồ án nodejs\NodeJs_Project\BE\node_modules\express\lib\router\layer.js:95:5)
    at trim_prefix (G:\Đồ án nodejs\NodeJs_Project\BE\node_modules\express\lib\router\index.js:328:13)
    at G:\Đồ án nodejs\NodeJs_Project\BE\node_modules\express\lib\router\index.js:286:9
    at Function.process_params (G:\Đồ án nodejs\NodeJs_Project\BE\node_modules\express\lib\router\index.js:346:12)
    at next (G:\Đồ án nodejs\NodeJs_Project\BE\node_modules\express\lib\router\index.js:280:10)
    at logger (G:\Đồ án nodejs\NodeJs_Project\BE\node_modules\morgan\index.js:144:5)
    at Layer.handle [as handle_request] (G:\Đồ án nodejs\NodeJs_Project\BE\node_modules\express\lib\router\layer.js:95:5)
    at trim_prefix (G:\Đồ án nodejs\NodeJs_Project\BE\node_modules\express\lib\router\index.js:328:13)
    at G:\Đồ án nodejs\NodeJs_Project\BE\node_modules\express\lib\router\index.js:286:9
2025-04-09 15:39:48:3948 error: Không tìm thấy - /api/dashboard/popular-items?limit=5
Error: Không tìm thấy - /api/dashboard/popular-items?limit=5
    at notFound (G:\Đồ án nodejs\NodeJs_Project\BE\middlewares\errorHandler.js:11:17)
    at Layer.handle [as handle_request] (G:\Đồ án nodejs\NodeJs_Project\BE\node_modules\express\lib\router\layer.js:95:5)
    at trim_prefix (G:\Đồ án nodejs\NodeJs_Project\BE\node_modules\express\lib\router\index.js:328:13)
    at G:\Đồ án nodejs\NodeJs_Project\BE\node_modules\express\lib\router\index.js:286:9
    at Function.process_params (G:\Đồ án nodejs\NodeJs_Project\BE\node_modules\express\lib\router\index.js:346:12)
    at next (G:\Đồ án nodejs\NodeJs_Project\BE\node_modules\express\lib\router\index.js:280:10)
    at logger (G:\Đồ án nodejs\NodeJs_Project\BE\node_modules\morgan\index.js:144:5)
    at Layer.handle [as handle_request] (G:\Đồ án nodejs\NodeJs_Project\BE\node_modules\express\lib\router\layer.js:95:5)
    at trim_prefix (G:\Đồ án nodejs\NodeJs_Project\BE\node_modules\express\lib\router\index.js:328:13)
    at G:\Đồ án nodejs\NodeJs_Project\BE\node_modules\express\lib\router\index.js:286:9
2025-04-09 15:39:48:3948 error: Không tìm thấy - /api/dashboard/popular-items?limit=5
Error: Không tìm thấy - /api/dashboard/popular-items?limit=5
    at notFound (G:\Đồ án nodejs\NodeJs_Project\BE\middlewares\errorHandler.js:11:17)
    at Layer.handle [as handle_request] (G:\Đồ án nodejs\NodeJs_Project\BE\node_modules\express\lib\router\layer.js:95:5)
    at trim_prefix (G:\Đồ án nodejs\NodeJs_Project\BE\node_modules\express\lib\router\index.js:328:13)
    at G:\Đồ án nodejs\NodeJs_Project\BE\node_modules\express\lib\router\index.js:286:9
    at Function.process_params (G:\Đồ án nodejs\NodeJs_Project\BE\node_modules\express\lib\router\index.js:346:12)
    at next (G:\Đồ án nodejs\NodeJs_Project\BE\node_modules\express\lib\router\index.js:280:10)
    at logger (G:\Đồ án nodejs\NodeJs_Project\BE\node_modules\morgan\index.js:144:5)
    at Layer.handle [as handle_request] (G:\Đồ án nodejs\NodeJs_Project\BE\node_modules\express\lib\router\layer.js:95:5)
    at trim_prefix (G:\Đồ án nodejs\NodeJs_Project\BE\node_modules\express\lib\router\index.js:328:13)
    at G:\Đồ án nodejs\NodeJs_Project\BE\node_modules\express\lib\router\index.js:286:9
2025-04-09 15:41:30:4130 error: Không tìm thấy - /api/dashboard/stats
Error: Không tìm thấy - /api/dashboard/stats
    at notFound (G:\Đồ án nodejs\NodeJs_Project\BE\middlewares\errorHandler.js:11:17)
    at Layer.handle [as handle_request] (G:\Đồ án nodejs\NodeJs_Project\BE\node_modules\express\lib\router\layer.js:95:5)
    at trim_prefix (G:\Đồ án nodejs\NodeJs_Project\BE\node_modules\express\lib\router\index.js:328:13)
    at G:\Đồ án nodejs\NodeJs_Project\BE\node_modules\express\lib\router\index.js:286:9
    at Function.process_params (G:\Đồ án nodejs\NodeJs_Project\BE\node_modules\express\lib\router\index.js:346:12)
    at next (G:\Đồ án nodejs\NodeJs_Project\BE\node_modules\express\lib\router\index.js:280:10)
    at logger (G:\Đồ án nodejs\NodeJs_Project\BE\node_modules\morgan\index.js:144:5)
    at Layer.handle [as handle_request] (G:\Đồ án nodejs\NodeJs_Project\BE\node_modules\express\lib\router\layer.js:95:5)
    at trim_prefix (G:\Đồ án nodejs\NodeJs_Project\BE\node_modules\express\lib\router\index.js:328:13)
    at G:\Đồ án nodejs\NodeJs_Project\BE\node_modules\express\lib\router\index.js:286:9
2025-04-09 15:41:30:4130 error: Không tìm thấy - /api/dashboard/stats
Error: Không tìm thấy - /api/dashboard/stats
    at notFound (G:\Đồ án nodejs\NodeJs_Project\BE\middlewares\errorHandler.js:11:17)
    at Layer.handle [as handle_request] (G:\Đồ án nodejs\NodeJs_Project\BE\node_modules\express\lib\router\layer.js:95:5)
    at trim_prefix (G:\Đồ án nodejs\NodeJs_Project\BE\node_modules\express\lib\router\index.js:328:13)
    at G:\Đồ án nodejs\NodeJs_Project\BE\node_modules\express\lib\router\index.js:286:9
    at Function.process_params (G:\Đồ án nodejs\NodeJs_Project\BE\node_modules\express\lib\router\index.js:346:12)
    at next (G:\Đồ án nodejs\NodeJs_Project\BE\node_modules\express\lib\router\index.js:280:10)
    at logger (G:\Đồ án nodejs\NodeJs_Project\BE\node_modules\morgan\index.js:144:5)
    at Layer.handle [as handle_request] (G:\Đồ án nodejs\NodeJs_Project\BE\node_modules\express\lib\router\layer.js:95:5)
    at trim_prefix (G:\Đồ án nodejs\NodeJs_Project\BE\node_modules\express\lib\router\index.js:328:13)
    at G:\Đồ án nodejs\NodeJs_Project\BE\node_modules\express\lib\router\index.js:286:9
2025-04-09 15:41:30:4130 error: Không tìm thấy - /api/dashboard/recent-orders?limit=5
Error: Không tìm thấy - /api/dashboard/recent-orders?limit=5
    at notFound (G:\Đồ án nodejs\NodeJs_Project\BE\middlewares\errorHandler.js:11:17)
    at Layer.handle [as handle_request] (G:\Đồ án nodejs\NodeJs_Project\BE\node_modules\express\lib\router\layer.js:95:5)
    at trim_prefix (G:\Đồ án nodejs\NodeJs_Project\BE\node_modules\express\lib\router\index.js:328:13)
    at G:\Đồ án nodejs\NodeJs_Project\BE\node_modules\express\lib\router\index.js:286:9
    at Function.process_params (G:\Đồ án nodejs\NodeJs_Project\BE\node_modules\express\lib\router\index.js:346:12)
    at next (G:\Đồ án nodejs\NodeJs_Project\BE\node_modules\express\lib\router\index.js:280:10)
    at logger (G:\Đồ án nodejs\NodeJs_Project\BE\node_modules\morgan\index.js:144:5)
    at Layer.handle [as handle_request] (G:\Đồ án nodejs\NodeJs_Project\BE\node_modules\express\lib\router\layer.js:95:5)
    at trim_prefix (G:\Đồ án nodejs\NodeJs_Project\BE\node_modules\express\lib\router\index.js:328:13)
    at G:\Đồ án nodejs\NodeJs_Project\BE\node_modules\express\lib\router\index.js:286:9
2025-04-09 15:41:30:4130 error: Không tìm thấy - /api/dashboard/recent-orders?limit=5
Error: Không tìm thấy - /api/dashboard/recent-orders?limit=5
    at notFound (G:\Đồ án nodejs\NodeJs_Project\BE\middlewares\errorHandler.js:11:17)
    at Layer.handle [as handle_request] (G:\Đồ án nodejs\NodeJs_Project\BE\node_modules\express\lib\router\layer.js:95:5)
    at trim_prefix (G:\Đồ án nodejs\NodeJs_Project\BE\node_modules\express\lib\router\index.js:328:13)
    at G:\Đồ án nodejs\NodeJs_Project\BE\node_modules\express\lib\router\index.js:286:9
    at Function.process_params (G:\Đồ án nodejs\NodeJs_Project\BE\node_modules\express\lib\router\index.js:346:12)
    at next (G:\Đồ án nodejs\NodeJs_Project\BE\node_modules\express\lib\router\index.js:280:10)
    at logger (G:\Đồ án nodejs\NodeJs_Project\BE\node_modules\morgan\index.js:144:5)
    at Layer.handle [as handle_request] (G:\Đồ án nodejs\NodeJs_Project\BE\node_modules\express\lib\router\layer.js:95:5)
    at trim_prefix (G:\Đồ án nodejs\NodeJs_Project\BE\node_modules\express\lib\router\index.js:328:13)
    at G:\Đồ án nodejs\NodeJs_Project\BE\node_modules\express\lib\router\index.js:286:9
2025-04-09 15:41:30:4130 error: Không tìm thấy - /api/dashboard/recent-reservations?limit=5
Error: Không tìm thấy - /api/dashboard/recent-reservations?limit=5
    at notFound (G:\Đồ án nodejs\NodeJs_Project\BE\middlewares\errorHandler.js:11:17)
    at Layer.handle [as handle_request] (G:\Đồ án nodejs\NodeJs_Project\BE\node_modules\express\lib\router\layer.js:95:5)
    at trim_prefix (G:\Đồ án nodejs\NodeJs_Project\BE\node_modules\express\lib\router\index.js:328:13)
    at G:\Đồ án nodejs\NodeJs_Project\BE\node_modules\express\lib\router\index.js:286:9
    at Function.process_params (G:\Đồ án nodejs\NodeJs_Project\BE\node_modules\express\lib\router\index.js:346:12)
    at next (G:\Đồ án nodejs\NodeJs_Project\BE\node_modules\express\lib\router\index.js:280:10)
    at logger (G:\Đồ án nodejs\NodeJs_Project\BE\node_modules\morgan\index.js:144:5)
    at Layer.handle [as handle_request] (G:\Đồ án nodejs\NodeJs_Project\BE\node_modules\express\lib\router\layer.js:95:5)
    at trim_prefix (G:\Đồ án nodejs\NodeJs_Project\BE\node_modules\express\lib\router\index.js:328:13)
    at G:\Đồ án nodejs\NodeJs_Project\BE\node_modules\express\lib\router\index.js:286:9
2025-04-09 15:41:30:4130 error: Không tìm thấy - /api/dashboard/recent-reservations?limit=5
Error: Không tìm thấy - /api/dashboard/recent-reservations?limit=5
    at notFound (G:\Đồ án nodejs\NodeJs_Project\BE\middlewares\errorHandler.js:11:17)
    at Layer.handle [as handle_request] (G:\Đồ án nodejs\NodeJs_Project\BE\node_modules\express\lib\router\layer.js:95:5)
    at trim_prefix (G:\Đồ án nodejs\NodeJs_Project\BE\node_modules\express\lib\router\index.js:328:13)
    at G:\Đồ án nodejs\NodeJs_Project\BE\node_modules\express\lib\router\index.js:286:9
    at Function.process_params (G:\Đồ án nodejs\NodeJs_Project\BE\node_modules\express\lib\router\index.js:346:12)
    at next (G:\Đồ án nodejs\NodeJs_Project\BE\node_modules\express\lib\router\index.js:280:10)
    at logger (G:\Đồ án nodejs\NodeJs_Project\BE\node_modules\morgan\index.js:144:5)
    at Layer.handle [as handle_request] (G:\Đồ án nodejs\NodeJs_Project\BE\node_modules\express\lib\router\layer.js:95:5)
    at trim_prefix (G:\Đồ án nodejs\NodeJs_Project\BE\node_modules\express\lib\router\index.js:328:13)
    at G:\Đồ án nodejs\NodeJs_Project\BE\node_modules\express\lib\router\index.js:286:9
2025-04-09 15:41:30:4130 error: Không tìm thấy - /api/dashboard/popular-items?limit=5
Error: Không tìm thấy - /api/dashboard/popular-items?limit=5
    at notFound (G:\Đồ án nodejs\NodeJs_Project\BE\middlewares\errorHandler.js:11:17)
    at Layer.handle [as handle_request] (G:\Đồ án nodejs\NodeJs_Project\BE\node_modules\express\lib\router\layer.js:95:5)
    at trim_prefix (G:\Đồ án nodejs\NodeJs_Project\BE\node_modules\express\lib\router\index.js:328:13)
    at G:\Đồ án nodejs\NodeJs_Project\BE\node_modules\express\lib\router\index.js:286:9
    at Function.process_params (G:\Đồ án nodejs\NodeJs_Project\BE\node_modules\express\lib\router\index.js:346:12)
    at next (G:\Đồ án nodejs\NodeJs_Project\BE\node_modules\express\lib\router\index.js:280:10)
    at logger (G:\Đồ án nodejs\NodeJs_Project\BE\node_modules\morgan\index.js:144:5)
    at Layer.handle [as handle_request] (G:\Đồ án nodejs\NodeJs_Project\BE\node_modules\express\lib\router\layer.js:95:5)
    at trim_prefix (G:\Đồ án nodejs\NodeJs_Project\BE\node_modules\express\lib\router\index.js:328:13)
    at G:\Đồ án nodejs\NodeJs_Project\BE\node_modules\express\lib\router\index.js:286:9
2025-04-09 15:41:30:4130 error: Không tìm thấy - /api/dashboard/popular-items?limit=5
Error: Không tìm thấy - /api/dashboard/popular-items?limit=5
    at notFound (G:\Đồ án nodejs\NodeJs_Project\BE\middlewares\errorHandler.js:11:17)
    at Layer.handle [as handle_request] (G:\Đồ án nodejs\NodeJs_Project\BE\node_modules\express\lib\router\layer.js:95:5)
    at trim_prefix (G:\Đồ án nodejs\NodeJs_Project\BE\node_modules\express\lib\router\index.js:328:13)
    at G:\Đồ án nodejs\NodeJs_Project\BE\node_modules\express\lib\router\index.js:286:9
    at Function.process_params (G:\Đồ án nodejs\NodeJs_Project\BE\node_modules\express\lib\router\index.js:346:12)
    at next (G:\Đồ án nodejs\NodeJs_Project\BE\node_modules\express\lib\router\index.js:280:10)
    at logger (G:\Đồ án nodejs\NodeJs_Project\BE\node_modules\morgan\index.js:144:5)
    at Layer.handle [as handle_request] (G:\Đồ án nodejs\NodeJs_Project\BE\node_modules\express\lib\router\layer.js:95:5)
    at trim_prefix (G:\Đồ án nodejs\NodeJs_Project\BE\node_modules\express\lib\router\index.js:328:13)
    at G:\Đồ án nodejs\NodeJs_Project\BE\node_modules\express\lib\router\index.js:286:9
2025-04-09 15:41:48:4148 error: Không tìm thấy - /api/dashboard/stats
Error: Không tìm thấy - /api/dashboard/stats
    at notFound (G:\Đồ án nodejs\NodeJs_Project\BE\middlewares\errorHandler.js:11:17)
    at Layer.handle [as handle_request] (G:\Đồ án nodejs\NodeJs_Project\BE\node_modules\express\lib\router\layer.js:95:5)
    at trim_prefix (G:\Đồ án nodejs\NodeJs_Project\BE\node_modules\express\lib\router\index.js:328:13)
    at G:\Đồ án nodejs\NodeJs_Project\BE\node_modules\express\lib\router\index.js:286:9
    at Function.process_params (G:\Đồ án nodejs\NodeJs_Project\BE\node_modules\express\lib\router\index.js:346:12)
    at next (G:\Đồ án nodejs\NodeJs_Project\BE\node_modules\express\lib\router\index.js:280:10)
    at logger (G:\Đồ án nodejs\NodeJs_Project\BE\node_modules\morgan\index.js:144:5)
    at Layer.handle [as handle_request] (G:\Đồ án nodejs\NodeJs_Project\BE\node_modules\express\lib\router\layer.js:95:5)
    at trim_prefix (G:\Đồ án nodejs\NodeJs_Project\BE\node_modules\express\lib\router\index.js:328:13)
    at G:\Đồ án nodejs\NodeJs_Project\BE\node_modules\express\lib\router\index.js:286:9
2025-04-09 15:41:48:4148 error: Không tìm thấy - /api/dashboard/stats
Error: Không tìm thấy - /api/dashboard/stats
    at notFound (G:\Đồ án nodejs\NodeJs_Project\BE\middlewares\errorHandler.js:11:17)
    at Layer.handle [as handle_request] (G:\Đồ án nodejs\NodeJs_Project\BE\node_modules\express\lib\router\layer.js:95:5)
    at trim_prefix (G:\Đồ án nodejs\NodeJs_Project\BE\node_modules\express\lib\router\index.js:328:13)
    at G:\Đồ án nodejs\NodeJs_Project\BE\node_modules\express\lib\router\index.js:286:9
    at Function.process_params (G:\Đồ án nodejs\NodeJs_Project\BE\node_modules\express\lib\router\index.js:346:12)
    at next (G:\Đồ án nodejs\NodeJs_Project\BE\node_modules\express\lib\router\index.js:280:10)
    at logger (G:\Đồ án nodejs\NodeJs_Project\BE\node_modules\morgan\index.js:144:5)
    at Layer.handle [as handle_request] (G:\Đồ án nodejs\NodeJs_Project\BE\node_modules\express\lib\router\layer.js:95:5)
    at trim_prefix (G:\Đồ án nodejs\NodeJs_Project\BE\node_modules\express\lib\router\index.js:328:13)
    at G:\Đồ án nodejs\NodeJs_Project\BE\node_modules\express\lib\router\index.js:286:9
2025-04-09 15:41:48:4148 error: Không tìm thấy - /api/dashboard/recent-orders?limit=5
Error: Không tìm thấy - /api/dashboard/recent-orders?limit=5
    at notFound (G:\Đồ án nodejs\NodeJs_Project\BE\middlewares\errorHandler.js:11:17)
    at Layer.handle [as handle_request] (G:\Đồ án nodejs\NodeJs_Project\BE\node_modules\express\lib\router\layer.js:95:5)
    at trim_prefix (G:\Đồ án nodejs\NodeJs_Project\BE\node_modules\express\lib\router\index.js:328:13)
    at G:\Đồ án nodejs\NodeJs_Project\BE\node_modules\express\lib\router\index.js:286:9
    at Function.process_params (G:\Đồ án nodejs\NodeJs_Project\BE\node_modules\express\lib\router\index.js:346:12)
    at next (G:\Đồ án nodejs\NodeJs_Project\BE\node_modules\express\lib\router\index.js:280:10)
    at logger (G:\Đồ án nodejs\NodeJs_Project\BE\node_modules\morgan\index.js:144:5)
    at Layer.handle [as handle_request] (G:\Đồ án nodejs\NodeJs_Project\BE\node_modules\express\lib\router\layer.js:95:5)
    at trim_prefix (G:\Đồ án nodejs\NodeJs_Project\BE\node_modules\express\lib\router\index.js:328:13)
    at G:\Đồ án nodejs\NodeJs_Project\BE\node_modules\express\lib\router\index.js:286:9
2025-04-09 15:41:48:4148 error: Không tìm thấy - /api/dashboard/recent-orders?limit=5
Error: Không tìm thấy - /api/dashboard/recent-orders?limit=5
    at notFound (G:\Đồ án nodejs\NodeJs_Project\BE\middlewares\errorHandler.js:11:17)
    at Layer.handle [as handle_request] (G:\Đồ án nodejs\NodeJs_Project\BE\node_modules\express\lib\router\layer.js:95:5)
    at trim_prefix (G:\Đồ án nodejs\NodeJs_Project\BE\node_modules\express\lib\router\index.js:328:13)
    at G:\Đồ án nodejs\NodeJs_Project\BE\node_modules\express\lib\router\index.js:286:9
    at Function.process_params (G:\Đồ án nodejs\NodeJs_Project\BE\node_modules\express\lib\router\index.js:346:12)
    at next (G:\Đồ án nodejs\NodeJs_Project\BE\node_modules\express\lib\router\index.js:280:10)
    at logger (G:\Đồ án nodejs\NodeJs_Project\BE\node_modules\morgan\index.js:144:5)
    at Layer.handle [as handle_request] (G:\Đồ án nodejs\NodeJs_Project\BE\node_modules\express\lib\router\layer.js:95:5)
    at trim_prefix (G:\Đồ án nodejs\NodeJs_Project\BE\node_modules\express\lib\router\index.js:328:13)
    at G:\Đồ án nodejs\NodeJs_Project\BE\node_modules\express\lib\router\index.js:286:9
2025-04-09 15:41:48:4148 error: Không tìm thấy - /api/dashboard/recent-reservations?limit=5
Error: Không tìm thấy - /api/dashboard/recent-reservations?limit=5
    at notFound (G:\Đồ án nodejs\NodeJs_Project\BE\middlewares\errorHandler.js:11:17)
    at Layer.handle [as handle_request] (G:\Đồ án nodejs\NodeJs_Project\BE\node_modules\express\lib\router\layer.js:95:5)
    at trim_prefix (G:\Đồ án nodejs\NodeJs_Project\BE\node_modules\express\lib\router\index.js:328:13)
    at G:\Đồ án nodejs\NodeJs_Project\BE\node_modules\express\lib\router\index.js:286:9
    at Function.process_params (G:\Đồ án nodejs\NodeJs_Project\BE\node_modules\express\lib\router\index.js:346:12)
    at next (G:\Đồ án nodejs\NodeJs_Project\BE\node_modules\express\lib\router\index.js:280:10)
    at logger (G:\Đồ án nodejs\NodeJs_Project\BE\node_modules\morgan\index.js:144:5)
    at Layer.handle [as handle_request] (G:\Đồ án nodejs\NodeJs_Project\BE\node_modules\express\lib\router\layer.js:95:5)
    at trim_prefix (G:\Đồ án nodejs\NodeJs_Project\BE\node_modules\express\lib\router\index.js:328:13)
    at G:\Đồ án nodejs\NodeJs_Project\BE\node_modules\express\lib\router\index.js:286:9
2025-04-09 15:41:48:4148 error: Không tìm thấy - /api/dashboard/recent-reservations?limit=5
Error: Không tìm thấy - /api/dashboard/recent-reservations?limit=5
    at notFound (G:\Đồ án nodejs\NodeJs_Project\BE\middlewares\errorHandler.js:11:17)
    at Layer.handle [as handle_request] (G:\Đồ án nodejs\NodeJs_Project\BE\node_modules\express\lib\router\layer.js:95:5)
    at trim_prefix (G:\Đồ án nodejs\NodeJs_Project\BE\node_modules\express\lib\router\index.js:328:13)
    at G:\Đồ án nodejs\NodeJs_Project\BE\node_modules\express\lib\router\index.js:286:9
    at Function.process_params (G:\Đồ án nodejs\NodeJs_Project\BE\node_modules\express\lib\router\index.js:346:12)
    at next (G:\Đồ án nodejs\NodeJs_Project\BE\node_modules\express\lib\router\index.js:280:10)
    at logger (G:\Đồ án nodejs\NodeJs_Project\BE\node_modules\morgan\index.js:144:5)
    at Layer.handle [as handle_request] (G:\Đồ án nodejs\NodeJs_Project\BE\node_modules\express\lib\router\layer.js:95:5)
    at trim_prefix (G:\Đồ án nodejs\NodeJs_Project\BE\node_modules\express\lib\router\index.js:328:13)
    at G:\Đồ án nodejs\NodeJs_Project\BE\node_modules\express\lib\router\index.js:286:9
2025-04-09 15:41:48:4148 error: Không tìm thấy - /api/dashboard/popular-items?limit=5
Error: Không tìm thấy - /api/dashboard/popular-items?limit=5
    at notFound (G:\Đồ án nodejs\NodeJs_Project\BE\middlewares\errorHandler.js:11:17)
    at Layer.handle [as handle_request] (G:\Đồ án nodejs\NodeJs_Project\BE\node_modules\express\lib\router\layer.js:95:5)
    at trim_prefix (G:\Đồ án nodejs\NodeJs_Project\BE\node_modules\express\lib\router\index.js:328:13)
    at G:\Đồ án nodejs\NodeJs_Project\BE\node_modules\express\lib\router\index.js:286:9
    at Function.process_params (G:\Đồ án nodejs\NodeJs_Project\BE\node_modules\express\lib\router\index.js:346:12)
    at next (G:\Đồ án nodejs\NodeJs_Project\BE\node_modules\express\lib\router\index.js:280:10)
    at logger (G:\Đồ án nodejs\NodeJs_Project\BE\node_modules\morgan\index.js:144:5)
    at Layer.handle [as handle_request] (G:\Đồ án nodejs\NodeJs_Project\BE\node_modules\express\lib\router\layer.js:95:5)
    at trim_prefix (G:\Đồ án nodejs\NodeJs_Project\BE\node_modules\express\lib\router\index.js:328:13)
    at G:\Đồ án nodejs\NodeJs_Project\BE\node_modules\express\lib\router\index.js:286:9
2025-04-09 15:41:48:4148 error: Không tìm thấy - /api/dashboard/popular-items?limit=5
Error: Không tìm thấy - /api/dashboard/popular-items?limit=5
    at notFound (G:\Đồ án nodejs\NodeJs_Project\BE\middlewares\errorHandler.js:11:17)
    at Layer.handle [as handle_request] (G:\Đồ án nodejs\NodeJs_Project\BE\node_modules\express\lib\router\layer.js:95:5)
    at trim_prefix (G:\Đồ án nodejs\NodeJs_Project\BE\node_modules\express\lib\router\index.js:328:13)
    at G:\Đồ án nodejs\NodeJs_Project\BE\node_modules\express\lib\router\index.js:286:9
    at Function.process_params (G:\Đồ án nodejs\NodeJs_Project\BE\node_modules\express\lib\router\index.js:346:12)
    at next (G:\Đồ án nodejs\NodeJs_Project\BE\node_modules\express\lib\router\index.js:280:10)
    at logger (G:\Đồ án nodejs\NodeJs_Project\BE\node_modules\morgan\index.js:144:5)
    at Layer.handle [as handle_request] (G:\Đồ án nodejs\NodeJs_Project\BE\node_modules\express\lib\router\layer.js:95:5)
    at trim_prefix (G:\Đồ án nodejs\NodeJs_Project\BE\node_modules\express\lib\router\index.js:328:13)
    at G:\Đồ án nodejs\NodeJs_Project\BE\node_modules\express\lib\router\index.js:286:9
2025-04-09 15:41:50:4150 error: Không tìm thấy - /api/auth/users?page=1&limit=5
Error: Không tìm thấy - /api/auth/users?page=1&limit=5
    at notFound (G:\Đồ án nodejs\NodeJs_Project\BE\middlewares\errorHandler.js:11:17)
    at Layer.handle [as handle_request] (G:\Đồ án nodejs\NodeJs_Project\BE\node_modules\express\lib\router\layer.js:95:5)
    at trim_prefix (G:\Đồ án nodejs\NodeJs_Project\BE\node_modules\express\lib\router\index.js:328:13)
    at G:\Đồ án nodejs\NodeJs_Project\BE\node_modules\express\lib\router\index.js:286:9
    at Function.process_params (G:\Đồ án nodejs\NodeJs_Project\BE\node_modules\express\lib\router\index.js:346:12)
    at next (G:\Đồ án nodejs\NodeJs_Project\BE\node_modules\express\lib\router\index.js:280:10)
    at G:\Đồ án nodejs\NodeJs_Project\BE\node_modules\express\lib\router\index.js:646:15
    at next (G:\Đồ án nodejs\NodeJs_Project\BE\node_modules\express\lib\router\index.js:265:14)
    at Function.handle (G:\Đồ án nodejs\NodeJs_Project\BE\node_modules\express\lib\router\index.js:175:3)
    at router (G:\Đồ án nodejs\NodeJs_Project\BE\node_modules\express\lib\router\index.js:47:12)
2025-04-09 15:41:50:4150 error: Không tìm thấy - /api/auth/users?page=1&limit=5
Error: Không tìm thấy - /api/auth/users?page=1&limit=5
    at notFound (G:\Đồ án nodejs\NodeJs_Project\BE\middlewares\errorHandler.js:11:17)
    at Layer.handle [as handle_request] (G:\Đồ án nodejs\NodeJs_Project\BE\node_modules\express\lib\router\layer.js:95:5)
    at trim_prefix (G:\Đồ án nodejs\NodeJs_Project\BE\node_modules\express\lib\router\index.js:328:13)
    at G:\Đồ án nodejs\NodeJs_Project\BE\node_modules\express\lib\router\index.js:286:9
    at Function.process_params (G:\Đồ án nodejs\NodeJs_Project\BE\node_modules\express\lib\router\index.js:346:12)
    at next (G:\Đồ án nodejs\NodeJs_Project\BE\node_modules\express\lib\router\index.js:280:10)
    at G:\Đồ án nodejs\NodeJs_Project\BE\node_modules\express\lib\router\index.js:646:15
    at next (G:\Đồ án nodejs\NodeJs_Project\BE\node_modules\express\lib\router\index.js:265:14)
    at Function.handle (G:\Đồ án nodejs\NodeJs_Project\BE\node_modules\express\lib\router\index.js:175:3)
    at router (G:\Đồ án nodejs\NodeJs_Project\BE\node_modules\express\lib\router\index.js:47:12)
2025-04-09 15:44:17:4417 error: Không tìm thấy - /api/auth/users?page=1&limit=5
Error: Không tìm thấy - /api/auth/users?page=1&limit=5
    at notFound (G:\Đồ án nodejs\NodeJs_Project\BE\middlewares\errorHandler.js:11:17)
    at Layer.handle [as handle_request] (G:\Đồ án nodejs\NodeJs_Project\BE\node_modules\express\lib\router\layer.js:95:5)
    at trim_prefix (G:\Đồ án nodejs\NodeJs_Project\BE\node_modules\express\lib\router\index.js:328:13)
    at G:\Đồ án nodejs\NodeJs_Project\BE\node_modules\express\lib\router\index.js:286:9
    at Function.process_params (G:\Đồ án nodejs\NodeJs_Project\BE\node_modules\express\lib\router\index.js:346:12)
    at next (G:\Đồ án nodejs\NodeJs_Project\BE\node_modules\express\lib\router\index.js:280:10)
    at G:\Đồ án nodejs\NodeJs_Project\BE\node_modules\express\lib\router\index.js:646:15
    at next (G:\Đồ án nodejs\NodeJs_Project\BE\node_modules\express\lib\router\index.js:265:14)
    at Function.handle (G:\Đồ án nodejs\NodeJs_Project\BE\node_modules\express\lib\router\index.js:175:3)
    at router (G:\Đồ án nodejs\NodeJs_Project\BE\node_modules\express\lib\router\index.js:47:12)
2025-04-09 15:44:17:4417 error: Không tìm thấy - /api/auth/users?page=1&limit=5
Error: Không tìm thấy - /api/auth/users?page=1&limit=5
    at notFound (G:\Đồ án nodejs\NodeJs_Project\BE\middlewares\errorHandler.js:11:17)
    at Layer.handle [as handle_request] (G:\Đồ án nodejs\NodeJs_Project\BE\node_modules\express\lib\router\layer.js:95:5)
    at trim_prefix (G:\Đồ án nodejs\NodeJs_Project\BE\node_modules\express\lib\router\index.js:328:13)
    at G:\Đồ án nodejs\NodeJs_Project\BE\node_modules\express\lib\router\index.js:286:9
    at Function.process_params (G:\Đồ án nodejs\NodeJs_Project\BE\node_modules\express\lib\router\index.js:346:12)
    at next (G:\Đồ án nodejs\NodeJs_Project\BE\node_modules\express\lib\router\index.js:280:10)
    at G:\Đồ án nodejs\NodeJs_Project\BE\node_modules\express\lib\router\index.js:646:15
    at next (G:\Đồ án nodejs\NodeJs_Project\BE\node_modules\express\lib\router\index.js:265:14)
    at Function.handle (G:\Đồ án nodejs\NodeJs_Project\BE\node_modules\express\lib\router\index.js:175:3)
    at router (G:\Đồ án nodejs\NodeJs_Project\BE\node_modules\express\lib\router\index.js:47:12)
2025-04-09 15:44:20:4420 error: Không tìm thấy - /api/dashboard/stats
Error: Không tìm thấy - /api/dashboard/stats
    at notFound (G:\Đồ án nodejs\NodeJs_Project\BE\middlewares\errorHandler.js:11:17)
    at Layer.handle [as handle_request] (G:\Đồ án nodejs\NodeJs_Project\BE\node_modules\express\lib\router\layer.js:95:5)
    at trim_prefix (G:\Đồ án nodejs\NodeJs_Project\BE\node_modules\express\lib\router\index.js:328:13)
    at G:\Đồ án nodejs\NodeJs_Project\BE\node_modules\express\lib\router\index.js:286:9
    at Function.process_params (G:\Đồ án nodejs\NodeJs_Project\BE\node_modules\express\lib\router\index.js:346:12)
    at next (G:\Đồ án nodejs\NodeJs_Project\BE\node_modules\express\lib\router\index.js:280:10)
    at logger (G:\Đồ án nodejs\NodeJs_Project\BE\node_modules\morgan\index.js:144:5)
    at Layer.handle [as handle_request] (G:\Đồ án nodejs\NodeJs_Project\BE\node_modules\express\lib\router\layer.js:95:5)
    at trim_prefix (G:\Đồ án nodejs\NodeJs_Project\BE\node_modules\express\lib\router\index.js:328:13)
    at G:\Đồ án nodejs\NodeJs_Project\BE\node_modules\express\lib\router\index.js:286:9
2025-04-09 15:44:20:4420 error: Không tìm thấy - /api/dashboard/stats
Error: Không tìm thấy - /api/dashboard/stats
    at notFound (G:\Đồ án nodejs\NodeJs_Project\BE\middlewares\errorHandler.js:11:17)
    at Layer.handle [as handle_request] (G:\Đồ án nodejs\NodeJs_Project\BE\node_modules\express\lib\router\layer.js:95:5)
    at trim_prefix (G:\Đồ án nodejs\NodeJs_Project\BE\node_modules\express\lib\router\index.js:328:13)
    at G:\Đồ án nodejs\NodeJs_Project\BE\node_modules\express\lib\router\index.js:286:9
    at Function.process_params (G:\Đồ án nodejs\NodeJs_Project\BE\node_modules\express\lib\router\index.js:346:12)
    at next (G:\Đồ án nodejs\NodeJs_Project\BE\node_modules\express\lib\router\index.js:280:10)
    at logger (G:\Đồ án nodejs\NodeJs_Project\BE\node_modules\morgan\index.js:144:5)
    at Layer.handle [as handle_request] (G:\Đồ án nodejs\NodeJs_Project\BE\node_modules\express\lib\router\layer.js:95:5)
    at trim_prefix (G:\Đồ án nodejs\NodeJs_Project\BE\node_modules\express\lib\router\index.js:328:13)
    at G:\Đồ án nodejs\NodeJs_Project\BE\node_modules\express\lib\router\index.js:286:9
2025-04-09 15:44:20:4420 error: Không tìm thấy - /api/dashboard/recent-orders?limit=5
Error: Không tìm thấy - /api/dashboard/recent-orders?limit=5
    at notFound (G:\Đồ án nodejs\NodeJs_Project\BE\middlewares\errorHandler.js:11:17)
    at Layer.handle [as handle_request] (G:\Đồ án nodejs\NodeJs_Project\BE\node_modules\express\lib\router\layer.js:95:5)
    at trim_prefix (G:\Đồ án nodejs\NodeJs_Project\BE\node_modules\express\lib\router\index.js:328:13)
    at G:\Đồ án nodejs\NodeJs_Project\BE\node_modules\express\lib\router\index.js:286:9
    at Function.process_params (G:\Đồ án nodejs\NodeJs_Project\BE\node_modules\express\lib\router\index.js:346:12)
    at next (G:\Đồ án nodejs\NodeJs_Project\BE\node_modules\express\lib\router\index.js:280:10)
    at logger (G:\Đồ án nodejs\NodeJs_Project\BE\node_modules\morgan\index.js:144:5)
    at Layer.handle [as handle_request] (G:\Đồ án nodejs\NodeJs_Project\BE\node_modules\express\lib\router\layer.js:95:5)
    at trim_prefix (G:\Đồ án nodejs\NodeJs_Project\BE\node_modules\express\lib\router\index.js:328:13)
    at G:\Đồ án nodejs\NodeJs_Project\BE\node_modules\express\lib\router\index.js:286:9
2025-04-09 15:44:20:4420 error: Không tìm thấy - /api/dashboard/recent-orders?limit=5
Error: Không tìm thấy - /api/dashboard/recent-orders?limit=5
    at notFound (G:\Đồ án nodejs\NodeJs_Project\BE\middlewares\errorHandler.js:11:17)
    at Layer.handle [as handle_request] (G:\Đồ án nodejs\NodeJs_Project\BE\node_modules\express\lib\router\layer.js:95:5)
    at trim_prefix (G:\Đồ án nodejs\NodeJs_Project\BE\node_modules\express\lib\router\index.js:328:13)
    at G:\Đồ án nodejs\NodeJs_Project\BE\node_modules\express\lib\router\index.js:286:9
    at Function.process_params (G:\Đồ án nodejs\NodeJs_Project\BE\node_modules\express\lib\router\index.js:346:12)
    at next (G:\Đồ án nodejs\NodeJs_Project\BE\node_modules\express\lib\router\index.js:280:10)
    at logger (G:\Đồ án nodejs\NodeJs_Project\BE\node_modules\morgan\index.js:144:5)
    at Layer.handle [as handle_request] (G:\Đồ án nodejs\NodeJs_Project\BE\node_modules\express\lib\router\layer.js:95:5)
    at trim_prefix (G:\Đồ án nodejs\NodeJs_Project\BE\node_modules\express\lib\router\index.js:328:13)
    at G:\Đồ án nodejs\NodeJs_Project\BE\node_modules\express\lib\router\index.js:286:9
2025-04-09 15:44:20:4420 error: Không tìm thấy - /api/dashboard/recent-reservations?limit=5
Error: Không tìm thấy - /api/dashboard/recent-reservations?limit=5
    at notFound (G:\Đồ án nodejs\NodeJs_Project\BE\middlewares\errorHandler.js:11:17)
    at Layer.handle [as handle_request] (G:\Đồ án nodejs\NodeJs_Project\BE\node_modules\express\lib\router\layer.js:95:5)
    at trim_prefix (G:\Đồ án nodejs\NodeJs_Project\BE\node_modules\express\lib\router\index.js:328:13)
    at G:\Đồ án nodejs\NodeJs_Project\BE\node_modules\express\lib\router\index.js:286:9
    at Function.process_params (G:\Đồ án nodejs\NodeJs_Project\BE\node_modules\express\lib\router\index.js:346:12)
    at next (G:\Đồ án nodejs\NodeJs_Project\BE\node_modules\express\lib\router\index.js:280:10)
    at logger (G:\Đồ án nodejs\NodeJs_Project\BE\node_modules\morgan\index.js:144:5)
    at Layer.handle [as handle_request] (G:\Đồ án nodejs\NodeJs_Project\BE\node_modules\express\lib\router\layer.js:95:5)
    at trim_prefix (G:\Đồ án nodejs\NodeJs_Project\BE\node_modules\express\lib\router\index.js:328:13)
    at G:\Đồ án nodejs\NodeJs_Project\BE\node_modules\express\lib\router\index.js:286:9
2025-04-09 15:44:20:4420 error: Không tìm thấy - /api/dashboard/recent-reservations?limit=5
Error: Không tìm thấy - /api/dashboard/recent-reservations?limit=5
    at notFound (G:\Đồ án nodejs\NodeJs_Project\BE\middlewares\errorHandler.js:11:17)
    at Layer.handle [as handle_request] (G:\Đồ án nodejs\NodeJs_Project\BE\node_modules\express\lib\router\layer.js:95:5)
    at trim_prefix (G:\Đồ án nodejs\NodeJs_Project\BE\node_modules\express\lib\router\index.js:328:13)
    at G:\Đồ án nodejs\NodeJs_Project\BE\node_modules\express\lib\router\index.js:286:9
    at Function.process_params (G:\Đồ án nodejs\NodeJs_Project\BE\node_modules\express\lib\router\index.js:346:12)
    at next (G:\Đồ án nodejs\NodeJs_Project\BE\node_modules\express\lib\router\index.js:280:10)
    at logger (G:\Đồ án nodejs\NodeJs_Project\BE\node_modules\morgan\index.js:144:5)
    at Layer.handle [as handle_request] (G:\Đồ án nodejs\NodeJs_Project\BE\node_modules\express\lib\router\layer.js:95:5)
    at trim_prefix (G:\Đồ án nodejs\NodeJs_Project\BE\node_modules\express\lib\router\index.js:328:13)
    at G:\Đồ án nodejs\NodeJs_Project\BE\node_modules\express\lib\router\index.js:286:9
2025-04-09 15:44:20:4420 error: Không tìm thấy - /api/dashboard/popular-items?limit=5
Error: Không tìm thấy - /api/dashboard/popular-items?limit=5
    at notFound (G:\Đồ án nodejs\NodeJs_Project\BE\middlewares\errorHandler.js:11:17)
    at Layer.handle [as handle_request] (G:\Đồ án nodejs\NodeJs_Project\BE\node_modules\express\lib\router\layer.js:95:5)
    at trim_prefix (G:\Đồ án nodejs\NodeJs_Project\BE\node_modules\express\lib\router\index.js:328:13)
    at G:\Đồ án nodejs\NodeJs_Project\BE\node_modules\express\lib\router\index.js:286:9
    at Function.process_params (G:\Đồ án nodejs\NodeJs_Project\BE\node_modules\express\lib\router\index.js:346:12)
    at next (G:\Đồ án nodejs\NodeJs_Project\BE\node_modules\express\lib\router\index.js:280:10)
    at logger (G:\Đồ án nodejs\NodeJs_Project\BE\node_modules\morgan\index.js:144:5)
    at Layer.handle [as handle_request] (G:\Đồ án nodejs\NodeJs_Project\BE\node_modules\express\lib\router\layer.js:95:5)
    at trim_prefix (G:\Đồ án nodejs\NodeJs_Project\BE\node_modules\express\lib\router\index.js:328:13)
    at G:\Đồ án nodejs\NodeJs_Project\BE\node_modules\express\lib\router\index.js:286:9
2025-04-09 15:44:20:4420 error: Không tìm thấy - /api/dashboard/popular-items?limit=5
Error: Không tìm thấy - /api/dashboard/popular-items?limit=5
    at notFound (G:\Đồ án nodejs\NodeJs_Project\BE\middlewares\errorHandler.js:11:17)
    at Layer.handle [as handle_request] (G:\Đồ án nodejs\NodeJs_Project\BE\node_modules\express\lib\router\layer.js:95:5)
    at trim_prefix (G:\Đồ án nodejs\NodeJs_Project\BE\node_modules\express\lib\router\index.js:328:13)
    at G:\Đồ án nodejs\NodeJs_Project\BE\node_modules\express\lib\router\index.js:286:9
    at Function.process_params (G:\Đồ án nodejs\NodeJs_Project\BE\node_modules\express\lib\router\index.js:346:12)
    at next (G:\Đồ án nodejs\NodeJs_Project\BE\node_modules\express\lib\router\index.js:280:10)
    at logger (G:\Đồ án nodejs\NodeJs_Project\BE\node_modules\morgan\index.js:144:5)
    at Layer.handle [as handle_request] (G:\Đồ án nodejs\NodeJs_Project\BE\node_modules\express\lib\router\layer.js:95:5)
    at trim_prefix (G:\Đồ án nodejs\NodeJs_Project\BE\node_modules\express\lib\router\index.js:328:13)
    at G:\Đồ án nodejs\NodeJs_Project\BE\node_modules\express\lib\router\index.js:286:9
2025-04-09 15:44:27:4427 error: Không tìm thấy - /api/auth/users?page=1&limit=5
Error: Không tìm thấy - /api/auth/users?page=1&limit=5
    at notFound (G:\Đồ án nodejs\NodeJs_Project\BE\middlewares\errorHandler.js:11:17)
    at Layer.handle [as handle_request] (G:\Đồ án nodejs\NodeJs_Project\BE\node_modules\express\lib\router\layer.js:95:5)
    at trim_prefix (G:\Đồ án nodejs\NodeJs_Project\BE\node_modules\express\lib\router\index.js:328:13)
    at G:\Đồ án nodejs\NodeJs_Project\BE\node_modules\express\lib\router\index.js:286:9
    at Function.process_params (G:\Đồ án nodejs\NodeJs_Project\BE\node_modules\express\lib\router\index.js:346:12)
    at next (G:\Đồ án nodejs\NodeJs_Project\BE\node_modules\express\lib\router\index.js:280:10)
    at G:\Đồ án nodejs\NodeJs_Project\BE\node_modules\express\lib\router\index.js:646:15
    at next (G:\Đồ án nodejs\NodeJs_Project\BE\node_modules\express\lib\router\index.js:265:14)
    at Function.handle (G:\Đồ án nodejs\NodeJs_Project\BE\node_modules\express\lib\router\index.js:175:3)
    at router (G:\Đồ án nodejs\NodeJs_Project\BE\node_modules\express\lib\router\index.js:47:12)
2025-04-09 15:44:27:4427 error: Không tìm thấy - /api/auth/users?page=1&limit=5
Error: Không tìm thấy - /api/auth/users?page=1&limit=5
    at notFound (G:\Đồ án nodejs\NodeJs_Project\BE\middlewares\errorHandler.js:11:17)
    at Layer.handle [as handle_request] (G:\Đồ án nodejs\NodeJs_Project\BE\node_modules\express\lib\router\layer.js:95:5)
    at trim_prefix (G:\Đồ án nodejs\NodeJs_Project\BE\node_modules\express\lib\router\index.js:328:13)
    at G:\Đồ án nodejs\NodeJs_Project\BE\node_modules\express\lib\router\index.js:286:9
    at Function.process_params (G:\Đồ án nodejs\NodeJs_Project\BE\node_modules\express\lib\router\index.js:346:12)
    at next (G:\Đồ án nodejs\NodeJs_Project\BE\node_modules\express\lib\router\index.js:280:10)
    at G:\Đồ án nodejs\NodeJs_Project\BE\node_modules\express\lib\router\index.js:646:15
    at next (G:\Đồ án nodejs\NodeJs_Project\BE\node_modules\express\lib\router\index.js:265:14)
    at Function.handle (G:\Đồ án nodejs\NodeJs_Project\BE\node_modules\express\lib\router\index.js:175:3)
    at router (G:\Đồ án nodejs\NodeJs_Project\BE\node_modules\express\lib\router\index.js:47:12)
2025-04-09 15:44:30:4430 error: Không tìm thấy - /api/dashboard/stats
Error: Không tìm thấy - /api/dashboard/stats
    at notFound (G:\Đồ án nodejs\NodeJs_Project\BE\middlewares\errorHandler.js:11:17)
    at Layer.handle [as handle_request] (G:\Đồ án nodejs\NodeJs_Project\BE\node_modules\express\lib\router\layer.js:95:5)
    at trim_prefix (G:\Đồ án nodejs\NodeJs_Project\BE\node_modules\express\lib\router\index.js:328:13)
    at G:\Đồ án nodejs\NodeJs_Project\BE\node_modules\express\lib\router\index.js:286:9
    at Function.process_params (G:\Đồ án nodejs\NodeJs_Project\BE\node_modules\express\lib\router\index.js:346:12)
    at next (G:\Đồ án nodejs\NodeJs_Project\BE\node_modules\express\lib\router\index.js:280:10)
    at logger (G:\Đồ án nodejs\NodeJs_Project\BE\node_modules\morgan\index.js:144:5)
    at Layer.handle [as handle_request] (G:\Đồ án nodejs\NodeJs_Project\BE\node_modules\express\lib\router\layer.js:95:5)
    at trim_prefix (G:\Đồ án nodejs\NodeJs_Project\BE\node_modules\express\lib\router\index.js:328:13)
    at G:\Đồ án nodejs\NodeJs_Project\BE\node_modules\express\lib\router\index.js:286:9
2025-04-09 15:44:30:4430 error: Không tìm thấy - /api/dashboard/stats
Error: Không tìm thấy - /api/dashboard/stats
    at notFound (G:\Đồ án nodejs\NodeJs_Project\BE\middlewares\errorHandler.js:11:17)
    at Layer.handle [as handle_request] (G:\Đồ án nodejs\NodeJs_Project\BE\node_modules\express\lib\router\layer.js:95:5)
    at trim_prefix (G:\Đồ án nodejs\NodeJs_Project\BE\node_modules\express\lib\router\index.js:328:13)
    at G:\Đồ án nodejs\NodeJs_Project\BE\node_modules\express\lib\router\index.js:286:9
    at Function.process_params (G:\Đồ án nodejs\NodeJs_Project\BE\node_modules\express\lib\router\index.js:346:12)
    at next (G:\Đồ án nodejs\NodeJs_Project\BE\node_modules\express\lib\router\index.js:280:10)
    at logger (G:\Đồ án nodejs\NodeJs_Project\BE\node_modules\morgan\index.js:144:5)
    at Layer.handle [as handle_request] (G:\Đồ án nodejs\NodeJs_Project\BE\node_modules\express\lib\router\layer.js:95:5)
    at trim_prefix (G:\Đồ án nodejs\NodeJs_Project\BE\node_modules\express\lib\router\index.js:328:13)
    at G:\Đồ án nodejs\NodeJs_Project\BE\node_modules\express\lib\router\index.js:286:9
2025-04-09 15:44:30:4430 error: Không tìm thấy - /api/dashboard/recent-orders?limit=5
Error: Không tìm thấy - /api/dashboard/recent-orders?limit=5
    at notFound (G:\Đồ án nodejs\NodeJs_Project\BE\middlewares\errorHandler.js:11:17)
    at Layer.handle [as handle_request] (G:\Đồ án nodejs\NodeJs_Project\BE\node_modules\express\lib\router\layer.js:95:5)
    at trim_prefix (G:\Đồ án nodejs\NodeJs_Project\BE\node_modules\express\lib\router\index.js:328:13)
    at G:\Đồ án nodejs\NodeJs_Project\BE\node_modules\express\lib\router\index.js:286:9
    at Function.process_params (G:\Đồ án nodejs\NodeJs_Project\BE\node_modules\express\lib\router\index.js:346:12)
    at next (G:\Đồ án nodejs\NodeJs_Project\BE\node_modules\express\lib\router\index.js:280:10)
    at logger (G:\Đồ án nodejs\NodeJs_Project\BE\node_modules\morgan\index.js:144:5)
    at Layer.handle [as handle_request] (G:\Đồ án nodejs\NodeJs_Project\BE\node_modules\express\lib\router\layer.js:95:5)
    at trim_prefix (G:\Đồ án nodejs\NodeJs_Project\BE\node_modules\express\lib\router\index.js:328:13)
    at G:\Đồ án nodejs\NodeJs_Project\BE\node_modules\express\lib\router\index.js:286:9
2025-04-09 15:44:30:4430 error: Không tìm thấy - /api/dashboard/recent-orders?limit=5
Error: Không tìm thấy - /api/dashboard/recent-orders?limit=5
    at notFound (G:\Đồ án nodejs\NodeJs_Project\BE\middlewares\errorHandler.js:11:17)
    at Layer.handle [as handle_request] (G:\Đồ án nodejs\NodeJs_Project\BE\node_modules\express\lib\router\layer.js:95:5)
    at trim_prefix (G:\Đồ án nodejs\NodeJs_Project\BE\node_modules\express\lib\router\index.js:328:13)
    at G:\Đồ án nodejs\NodeJs_Project\BE\node_modules\express\lib\router\index.js:286:9
    at Function.process_params (G:\Đồ án nodejs\NodeJs_Project\BE\node_modules\express\lib\router\index.js:346:12)
    at next (G:\Đồ án nodejs\NodeJs_Project\BE\node_modules\express\lib\router\index.js:280:10)
    at logger (G:\Đồ án nodejs\NodeJs_Project\BE\node_modules\morgan\index.js:144:5)
    at Layer.handle [as handle_request] (G:\Đồ án nodejs\NodeJs_Project\BE\node_modules\express\lib\router\layer.js:95:5)
    at trim_prefix (G:\Đồ án nodejs\NodeJs_Project\BE\node_modules\express\lib\router\index.js:328:13)
    at G:\Đồ án nodejs\NodeJs_Project\BE\node_modules\express\lib\router\index.js:286:9
2025-04-09 15:44:30:4430 error: Không tìm thấy - /api/dashboard/recent-reservations?limit=5
Error: Không tìm thấy - /api/dashboard/recent-reservations?limit=5
    at notFound (G:\Đồ án nodejs\NodeJs_Project\BE\middlewares\errorHandler.js:11:17)
    at Layer.handle [as handle_request] (G:\Đồ án nodejs\NodeJs_Project\BE\node_modules\express\lib\router\layer.js:95:5)
    at trim_prefix (G:\Đồ án nodejs\NodeJs_Project\BE\node_modules\express\lib\router\index.js:328:13)
    at G:\Đồ án nodejs\NodeJs_Project\BE\node_modules\express\lib\router\index.js:286:9
    at Function.process_params (G:\Đồ án nodejs\NodeJs_Project\BE\node_modules\express\lib\router\index.js:346:12)
    at next (G:\Đồ án nodejs\NodeJs_Project\BE\node_modules\express\lib\router\index.js:280:10)
    at logger (G:\Đồ án nodejs\NodeJs_Project\BE\node_modules\morgan\index.js:144:5)
    at Layer.handle [as handle_request] (G:\Đồ án nodejs\NodeJs_Project\BE\node_modules\express\lib\router\layer.js:95:5)
    at trim_prefix (G:\Đồ án nodejs\NodeJs_Project\BE\node_modules\express\lib\router\index.js:328:13)
    at G:\Đồ án nodejs\NodeJs_Project\BE\node_modules\express\lib\router\index.js:286:9
2025-04-09 15:44:30:4430 error: Không tìm thấy - /api/dashboard/recent-reservations?limit=5
Error: Không tìm thấy - /api/dashboard/recent-reservations?limit=5
    at notFound (G:\Đồ án nodejs\NodeJs_Project\BE\middlewares\errorHandler.js:11:17)
    at Layer.handle [as handle_request] (G:\Đồ án nodejs\NodeJs_Project\BE\node_modules\express\lib\router\layer.js:95:5)
    at trim_prefix (G:\Đồ án nodejs\NodeJs_Project\BE\node_modules\express\lib\router\index.js:328:13)
    at G:\Đồ án nodejs\NodeJs_Project\BE\node_modules\express\lib\router\index.js:286:9
    at Function.process_params (G:\Đồ án nodejs\NodeJs_Project\BE\node_modules\express\lib\router\index.js:346:12)
    at next (G:\Đồ án nodejs\NodeJs_Project\BE\node_modules\express\lib\router\index.js:280:10)
    at logger (G:\Đồ án nodejs\NodeJs_Project\BE\node_modules\morgan\index.js:144:5)
    at Layer.handle [as handle_request] (G:\Đồ án nodejs\NodeJs_Project\BE\node_modules\express\lib\router\layer.js:95:5)
    at trim_prefix (G:\Đồ án nodejs\NodeJs_Project\BE\node_modules\express\lib\router\index.js:328:13)
    at G:\Đồ án nodejs\NodeJs_Project\BE\node_modules\express\lib\router\index.js:286:9
2025-04-09 15:44:30:4430 error: Không tìm thấy - /api/dashboard/popular-items?limit=5
Error: Không tìm thấy - /api/dashboard/popular-items?limit=5
    at notFound (G:\Đồ án nodejs\NodeJs_Project\BE\middlewares\errorHandler.js:11:17)
    at Layer.handle [as handle_request] (G:\Đồ án nodejs\NodeJs_Project\BE\node_modules\express\lib\router\layer.js:95:5)
    at trim_prefix (G:\Đồ án nodejs\NodeJs_Project\BE\node_modules\express\lib\router\index.js:328:13)
    at G:\Đồ án nodejs\NodeJs_Project\BE\node_modules\express\lib\router\index.js:286:9
    at Function.process_params (G:\Đồ án nodejs\NodeJs_Project\BE\node_modules\express\lib\router\index.js:346:12)
    at next (G:\Đồ án nodejs\NodeJs_Project\BE\node_modules\express\lib\router\index.js:280:10)
    at logger (G:\Đồ án nodejs\NodeJs_Project\BE\node_modules\morgan\index.js:144:5)
    at Layer.handle [as handle_request] (G:\Đồ án nodejs\NodeJs_Project\BE\node_modules\express\lib\router\layer.js:95:5)
    at trim_prefix (G:\Đồ án nodejs\NodeJs_Project\BE\node_modules\express\lib\router\index.js:328:13)
    at G:\Đồ án nodejs\NodeJs_Project\BE\node_modules\express\lib\router\index.js:286:9
2025-04-09 15:44:30:4430 error: Không tìm thấy - /api/dashboard/popular-items?limit=5
Error: Không tìm thấy - /api/dashboard/popular-items?limit=5
    at notFound (G:\Đồ án nodejs\NodeJs_Project\BE\middlewares\errorHandler.js:11:17)
    at Layer.handle [as handle_request] (G:\Đồ án nodejs\NodeJs_Project\BE\node_modules\express\lib\router\layer.js:95:5)
    at trim_prefix (G:\Đồ án nodejs\NodeJs_Project\BE\node_modules\express\lib\router\index.js:328:13)
    at G:\Đồ án nodejs\NodeJs_Project\BE\node_modules\express\lib\router\index.js:286:9
    at Function.process_params (G:\Đồ án nodejs\NodeJs_Project\BE\node_modules\express\lib\router\index.js:346:12)
    at next (G:\Đồ án nodejs\NodeJs_Project\BE\node_modules\express\lib\router\index.js:280:10)
    at logger (G:\Đồ án nodejs\NodeJs_Project\BE\node_modules\morgan\index.js:144:5)
    at Layer.handle [as handle_request] (G:\Đồ án nodejs\NodeJs_Project\BE\node_modules\express\lib\router\layer.js:95:5)
    at trim_prefix (G:\Đồ án nodejs\NodeJs_Project\BE\node_modules\express\lib\router\index.js:328:13)
    at G:\Đồ án nodejs\NodeJs_Project\BE\node_modules\express\lib\router\index.js:286:9
2025-04-09 15:44:58:4458 error: Không tìm thấy - /api/dashboard/stats
Error: Không tìm thấy - /api/dashboard/stats
    at notFound (G:\Đồ án nodejs\NodeJs_Project\BE\middlewares\errorHandler.js:11:17)
    at Layer.handle [as handle_request] (G:\Đồ án nodejs\NodeJs_Project\BE\node_modules\express\lib\router\layer.js:95:5)
    at trim_prefix (G:\Đồ án nodejs\NodeJs_Project\BE\node_modules\express\lib\router\index.js:328:13)
    at G:\Đồ án nodejs\NodeJs_Project\BE\node_modules\express\lib\router\index.js:286:9
    at Function.process_params (G:\Đồ án nodejs\NodeJs_Project\BE\node_modules\express\lib\router\index.js:346:12)
    at next (G:\Đồ án nodejs\NodeJs_Project\BE\node_modules\express\lib\router\index.js:280:10)
    at logger (G:\Đồ án nodejs\NodeJs_Project\BE\node_modules\morgan\index.js:144:5)
    at Layer.handle [as handle_request] (G:\Đồ án nodejs\NodeJs_Project\BE\node_modules\express\lib\router\layer.js:95:5)
    at trim_prefix (G:\Đồ án nodejs\NodeJs_Project\BE\node_modules\express\lib\router\index.js:328:13)
    at G:\Đồ án nodejs\NodeJs_Project\BE\node_modules\express\lib\router\index.js:286:9
2025-04-09 15:44:58:4458 error: Không tìm thấy - /api/dashboard/stats
Error: Không tìm thấy - /api/dashboard/stats
    at notFound (G:\Đồ án nodejs\NodeJs_Project\BE\middlewares\errorHandler.js:11:17)
    at Layer.handle [as handle_request] (G:\Đồ án nodejs\NodeJs_Project\BE\node_modules\express\lib\router\layer.js:95:5)
    at trim_prefix (G:\Đồ án nodejs\NodeJs_Project\BE\node_modules\express\lib\router\index.js:328:13)
    at G:\Đồ án nodejs\NodeJs_Project\BE\node_modules\express\lib\router\index.js:286:9
    at Function.process_params (G:\Đồ án nodejs\NodeJs_Project\BE\node_modules\express\lib\router\index.js:346:12)
    at next (G:\Đồ án nodejs\NodeJs_Project\BE\node_modules\express\lib\router\index.js:280:10)
    at logger (G:\Đồ án nodejs\NodeJs_Project\BE\node_modules\morgan\index.js:144:5)
    at Layer.handle [as handle_request] (G:\Đồ án nodejs\NodeJs_Project\BE\node_modules\express\lib\router\layer.js:95:5)
    at trim_prefix (G:\Đồ án nodejs\NodeJs_Project\BE\node_modules\express\lib\router\index.js:328:13)
    at G:\Đồ án nodejs\NodeJs_Project\BE\node_modules\express\lib\router\index.js:286:9
2025-04-09 15:44:58:4458 error: Không tìm thấy - /api/dashboard/recent-orders?limit=5
Error: Không tìm thấy - /api/dashboard/recent-orders?limit=5
    at notFound (G:\Đồ án nodejs\NodeJs_Project\BE\middlewares\errorHandler.js:11:17)
    at Layer.handle [as handle_request] (G:\Đồ án nodejs\NodeJs_Project\BE\node_modules\express\lib\router\layer.js:95:5)
    at trim_prefix (G:\Đồ án nodejs\NodeJs_Project\BE\node_modules\express\lib\router\index.js:328:13)
    at G:\Đồ án nodejs\NodeJs_Project\BE\node_modules\express\lib\router\index.js:286:9
    at Function.process_params (G:\Đồ án nodejs\NodeJs_Project\BE\node_modules\express\lib\router\index.js:346:12)
    at next (G:\Đồ án nodejs\NodeJs_Project\BE\node_modules\express\lib\router\index.js:280:10)
    at logger (G:\Đồ án nodejs\NodeJs_Project\BE\node_modules\morgan\index.js:144:5)
    at Layer.handle [as handle_request] (G:\Đồ án nodejs\NodeJs_Project\BE\node_modules\express\lib\router\layer.js:95:5)
    at trim_prefix (G:\Đồ án nodejs\NodeJs_Project\BE\node_modules\express\lib\router\index.js:328:13)
    at G:\Đồ án nodejs\NodeJs_Project\BE\node_modules\express\lib\router\index.js:286:9
2025-04-09 15:44:58:4458 error: Không tìm thấy - /api/dashboard/recent-orders?limit=5
Error: Không tìm thấy - /api/dashboard/recent-orders?limit=5
    at notFound (G:\Đồ án nodejs\NodeJs_Project\BE\middlewares\errorHandler.js:11:17)
    at Layer.handle [as handle_request] (G:\Đồ án nodejs\NodeJs_Project\BE\node_modules\express\lib\router\layer.js:95:5)
    at trim_prefix (G:\Đồ án nodejs\NodeJs_Project\BE\node_modules\express\lib\router\index.js:328:13)
    at G:\Đồ án nodejs\NodeJs_Project\BE\node_modules\express\lib\router\index.js:286:9
    at Function.process_params (G:\Đồ án nodejs\NodeJs_Project\BE\node_modules\express\lib\router\index.js:346:12)
    at next (G:\Đồ án nodejs\NodeJs_Project\BE\node_modules\express\lib\router\index.js:280:10)
    at logger (G:\Đồ án nodejs\NodeJs_Project\BE\node_modules\morgan\index.js:144:5)
    at Layer.handle [as handle_request] (G:\Đồ án nodejs\NodeJs_Project\BE\node_modules\express\lib\router\layer.js:95:5)
    at trim_prefix (G:\Đồ án nodejs\NodeJs_Project\BE\node_modules\express\lib\router\index.js:328:13)
    at G:\Đồ án nodejs\NodeJs_Project\BE\node_modules\express\lib\router\index.js:286:9
2025-04-09 15:44:58:4458 error: Không tìm thấy - /api/dashboard/recent-reservations?limit=5
Error: Không tìm thấy - /api/dashboard/recent-reservations?limit=5
    at notFound (G:\Đồ án nodejs\NodeJs_Project\BE\middlewares\errorHandler.js:11:17)
    at Layer.handle [as handle_request] (G:\Đồ án nodejs\NodeJs_Project\BE\node_modules\express\lib\router\layer.js:95:5)
    at trim_prefix (G:\Đồ án nodejs\NodeJs_Project\BE\node_modules\express\lib\router\index.js:328:13)
    at G:\Đồ án nodejs\NodeJs_Project\BE\node_modules\express\lib\router\index.js:286:9
    at Function.process_params (G:\Đồ án nodejs\NodeJs_Project\BE\node_modules\express\lib\router\index.js:346:12)
    at next (G:\Đồ án nodejs\NodeJs_Project\BE\node_modules\express\lib\router\index.js:280:10)
    at logger (G:\Đồ án nodejs\NodeJs_Project\BE\node_modules\morgan\index.js:144:5)
    at Layer.handle [as handle_request] (G:\Đồ án nodejs\NodeJs_Project\BE\node_modules\express\lib\router\layer.js:95:5)
    at trim_prefix (G:\Đồ án nodejs\NodeJs_Project\BE\node_modules\express\lib\router\index.js:328:13)
    at G:\Đồ án nodejs\NodeJs_Project\BE\node_modules\express\lib\router\index.js:286:9
2025-04-09 15:44:58:4458 error: Không tìm thấy - /api/dashboard/recent-reservations?limit=5
Error: Không tìm thấy - /api/dashboard/recent-reservations?limit=5
    at notFound (G:\Đồ án nodejs\NodeJs_Project\BE\middlewares\errorHandler.js:11:17)
    at Layer.handle [as handle_request] (G:\Đồ án nodejs\NodeJs_Project\BE\node_modules\express\lib\router\layer.js:95:5)
    at trim_prefix (G:\Đồ án nodejs\NodeJs_Project\BE\node_modules\express\lib\router\index.js:328:13)
    at G:\Đồ án nodejs\NodeJs_Project\BE\node_modules\express\lib\router\index.js:286:9
    at Function.process_params (G:\Đồ án nodejs\NodeJs_Project\BE\node_modules\express\lib\router\index.js:346:12)
    at next (G:\Đồ án nodejs\NodeJs_Project\BE\node_modules\express\lib\router\index.js:280:10)
    at logger (G:\Đồ án nodejs\NodeJs_Project\BE\node_modules\morgan\index.js:144:5)
    at Layer.handle [as handle_request] (G:\Đồ án nodejs\NodeJs_Project\BE\node_modules\express\lib\router\layer.js:95:5)
    at trim_prefix (G:\Đồ án nodejs\NodeJs_Project\BE\node_modules\express\lib\router\index.js:328:13)
    at G:\Đồ án nodejs\NodeJs_Project\BE\node_modules\express\lib\router\index.js:286:9
2025-04-09 15:44:58:4458 error: Không tìm thấy - /api/dashboard/popular-items?limit=5
Error: Không tìm thấy - /api/dashboard/popular-items?limit=5
    at notFound (G:\Đồ án nodejs\NodeJs_Project\BE\middlewares\errorHandler.js:11:17)
    at Layer.handle [as handle_request] (G:\Đồ án nodejs\NodeJs_Project\BE\node_modules\express\lib\router\layer.js:95:5)
    at trim_prefix (G:\Đồ án nodejs\NodeJs_Project\BE\node_modules\express\lib\router\index.js:328:13)
    at G:\Đồ án nodejs\NodeJs_Project\BE\node_modules\express\lib\router\index.js:286:9
    at Function.process_params (G:\Đồ án nodejs\NodeJs_Project\BE\node_modules\express\lib\router\index.js:346:12)
    at next (G:\Đồ án nodejs\NodeJs_Project\BE\node_modules\express\lib\router\index.js:280:10)
    at logger (G:\Đồ án nodejs\NodeJs_Project\BE\node_modules\morgan\index.js:144:5)
    at Layer.handle [as handle_request] (G:\Đồ án nodejs\NodeJs_Project\BE\node_modules\express\lib\router\layer.js:95:5)
    at trim_prefix (G:\Đồ án nodejs\NodeJs_Project\BE\node_modules\express\lib\router\index.js:328:13)
    at G:\Đồ án nodejs\NodeJs_Project\BE\node_modules\express\lib\router\index.js:286:9
2025-04-09 15:44:58:4458 error: Không tìm thấy - /api/dashboard/popular-items?limit=5
Error: Không tìm thấy - /api/dashboard/popular-items?limit=5
    at notFound (G:\Đồ án nodejs\NodeJs_Project\BE\middlewares\errorHandler.js:11:17)
    at Layer.handle [as handle_request] (G:\Đồ án nodejs\NodeJs_Project\BE\node_modules\express\lib\router\layer.js:95:5)
    at trim_prefix (G:\Đồ án nodejs\NodeJs_Project\BE\node_modules\express\lib\router\index.js:328:13)
    at G:\Đồ án nodejs\NodeJs_Project\BE\node_modules\express\lib\router\index.js:286:9
    at Function.process_params (G:\Đồ án nodejs\NodeJs_Project\BE\node_modules\express\lib\router\index.js:346:12)
    at next (G:\Đồ án nodejs\NodeJs_Project\BE\node_modules\express\lib\router\index.js:280:10)
    at logger (G:\Đồ án nodejs\NodeJs_Project\BE\node_modules\morgan\index.js:144:5)
    at Layer.handle [as handle_request] (G:\Đồ án nodejs\NodeJs_Project\BE\node_modules\express\lib\router\layer.js:95:5)
    at trim_prefix (G:\Đồ án nodejs\NodeJs_Project\BE\node_modules\express\lib\router\index.js:328:13)
    at G:\Đồ án nodejs\NodeJs_Project\BE\node_modules\express\lib\router\index.js:286:9
2025-04-09 15:45:34:4534 error: Không tìm thấy - /api/dashboard/stats
Error: Không tìm thấy - /api/dashboard/stats
    at notFound (G:\Đồ án nodejs\NodeJs_Project\BE\middlewares\errorHandler.js:11:17)
    at Layer.handle [as handle_request] (G:\Đồ án nodejs\NodeJs_Project\BE\node_modules\express\lib\router\layer.js:95:5)
    at trim_prefix (G:\Đồ án nodejs\NodeJs_Project\BE\node_modules\express\lib\router\index.js:328:13)
    at G:\Đồ án nodejs\NodeJs_Project\BE\node_modules\express\lib\router\index.js:286:9
    at Function.process_params (G:\Đồ án nodejs\NodeJs_Project\BE\node_modules\express\lib\router\index.js:346:12)
    at next (G:\Đồ án nodejs\NodeJs_Project\BE\node_modules\express\lib\router\index.js:280:10)
    at logger (G:\Đồ án nodejs\NodeJs_Project\BE\node_modules\morgan\index.js:144:5)
    at Layer.handle [as handle_request] (G:\Đồ án nodejs\NodeJs_Project\BE\node_modules\express\lib\router\layer.js:95:5)
    at trim_prefix (G:\Đồ án nodejs\NodeJs_Project\BE\node_modules\express\lib\router\index.js:328:13)
    at G:\Đồ án nodejs\NodeJs_Project\BE\node_modules\express\lib\router\index.js:286:9
2025-04-09 15:45:34:4534 error: Không tìm thấy - /api/dashboard/stats
Error: Không tìm thấy - /api/dashboard/stats
    at notFound (G:\Đồ án nodejs\NodeJs_Project\BE\middlewares\errorHandler.js:11:17)
    at Layer.handle [as handle_request] (G:\Đồ án nodejs\NodeJs_Project\BE\node_modules\express\lib\router\layer.js:95:5)
    at trim_prefix (G:\Đồ án nodejs\NodeJs_Project\BE\node_modules\express\lib\router\index.js:328:13)
    at G:\Đồ án nodejs\NodeJs_Project\BE\node_modules\express\lib\router\index.js:286:9
    at Function.process_params (G:\Đồ án nodejs\NodeJs_Project\BE\node_modules\express\lib\router\index.js:346:12)
    at next (G:\Đồ án nodejs\NodeJs_Project\BE\node_modules\express\lib\router\index.js:280:10)
    at logger (G:\Đồ án nodejs\NodeJs_Project\BE\node_modules\morgan\index.js:144:5)
    at Layer.handle [as handle_request] (G:\Đồ án nodejs\NodeJs_Project\BE\node_modules\express\lib\router\layer.js:95:5)
    at trim_prefix (G:\Đồ án nodejs\NodeJs_Project\BE\node_modules\express\lib\router\index.js:328:13)
    at G:\Đồ án nodejs\NodeJs_Project\BE\node_modules\express\lib\router\index.js:286:9
2025-04-09 15:45:34:4534 error: Không tìm thấy - /api/dashboard/recent-orders?limit=5
Error: Không tìm thấy - /api/dashboard/recent-orders?limit=5
    at notFound (G:\Đồ án nodejs\NodeJs_Project\BE\middlewares\errorHandler.js:11:17)
    at Layer.handle [as handle_request] (G:\Đồ án nodejs\NodeJs_Project\BE\node_modules\express\lib\router\layer.js:95:5)
    at trim_prefix (G:\Đồ án nodejs\NodeJs_Project\BE\node_modules\express\lib\router\index.js:328:13)
    at G:\Đồ án nodejs\NodeJs_Project\BE\node_modules\express\lib\router\index.js:286:9
    at Function.process_params (G:\Đồ án nodejs\NodeJs_Project\BE\node_modules\express\lib\router\index.js:346:12)
    at next (G:\Đồ án nodejs\NodeJs_Project\BE\node_modules\express\lib\router\index.js:280:10)
    at logger (G:\Đồ án nodejs\NodeJs_Project\BE\node_modules\morgan\index.js:144:5)
    at Layer.handle [as handle_request] (G:\Đồ án nodejs\NodeJs_Project\BE\node_modules\express\lib\router\layer.js:95:5)
    at trim_prefix (G:\Đồ án nodejs\NodeJs_Project\BE\node_modules\express\lib\router\index.js:328:13)
    at G:\Đồ án nodejs\NodeJs_Project\BE\node_modules\express\lib\router\index.js:286:9
2025-04-09 15:45:34:4534 error: Không tìm thấy - /api/dashboard/recent-orders?limit=5
Error: Không tìm thấy - /api/dashboard/recent-orders?limit=5
    at notFound (G:\Đồ án nodejs\NodeJs_Project\BE\middlewares\errorHandler.js:11:17)
    at Layer.handle [as handle_request] (G:\Đồ án nodejs\NodeJs_Project\BE\node_modules\express\lib\router\layer.js:95:5)
    at trim_prefix (G:\Đồ án nodejs\NodeJs_Project\BE\node_modules\express\lib\router\index.js:328:13)
    at G:\Đồ án nodejs\NodeJs_Project\BE\node_modules\express\lib\router\index.js:286:9
    at Function.process_params (G:\Đồ án nodejs\NodeJs_Project\BE\node_modules\express\lib\router\index.js:346:12)
    at next (G:\Đồ án nodejs\NodeJs_Project\BE\node_modules\express\lib\router\index.js:280:10)
    at logger (G:\Đồ án nodejs\NodeJs_Project\BE\node_modules\morgan\index.js:144:5)
    at Layer.handle [as handle_request] (G:\Đồ án nodejs\NodeJs_Project\BE\node_modules\express\lib\router\layer.js:95:5)
    at trim_prefix (G:\Đồ án nodejs\NodeJs_Project\BE\node_modules\express\lib\router\index.js:328:13)
    at G:\Đồ án nodejs\NodeJs_Project\BE\node_modules\express\lib\router\index.js:286:9
2025-04-09 15:45:34:4534 error: Không tìm thấy - /api/dashboard/recent-reservations?limit=5
Error: Không tìm thấy - /api/dashboard/recent-reservations?limit=5
    at notFound (G:\Đồ án nodejs\NodeJs_Project\BE\middlewares\errorHandler.js:11:17)
    at Layer.handle [as handle_request] (G:\Đồ án nodejs\NodeJs_Project\BE\node_modules\express\lib\router\layer.js:95:5)
    at trim_prefix (G:\Đồ án nodejs\NodeJs_Project\BE\node_modules\express\lib\router\index.js:328:13)
    at G:\Đồ án nodejs\NodeJs_Project\BE\node_modules\express\lib\router\index.js:286:9
    at Function.process_params (G:\Đồ án nodejs\NodeJs_Project\BE\node_modules\express\lib\router\index.js:346:12)
    at next (G:\Đồ án nodejs\NodeJs_Project\BE\node_modules\express\lib\router\index.js:280:10)
    at logger (G:\Đồ án nodejs\NodeJs_Project\BE\node_modules\morgan\index.js:144:5)
    at Layer.handle [as handle_request] (G:\Đồ án nodejs\NodeJs_Project\BE\node_modules\express\lib\router\layer.js:95:5)
    at trim_prefix (G:\Đồ án nodejs\NodeJs_Project\BE\node_modules\express\lib\router\index.js:328:13)
    at G:\Đồ án nodejs\NodeJs_Project\BE\node_modules\express\lib\router\index.js:286:9
2025-04-09 15:45:34:4534 error: Không tìm thấy - /api/dashboard/recent-reservations?limit=5
Error: Không tìm thấy - /api/dashboard/recent-reservations?limit=5
    at notFound (G:\Đồ án nodejs\NodeJs_Project\BE\middlewares\errorHandler.js:11:17)
    at Layer.handle [as handle_request] (G:\Đồ án nodejs\NodeJs_Project\BE\node_modules\express\lib\router\layer.js:95:5)
    at trim_prefix (G:\Đồ án nodejs\NodeJs_Project\BE\node_modules\express\lib\router\index.js:328:13)
    at G:\Đồ án nodejs\NodeJs_Project\BE\node_modules\express\lib\router\index.js:286:9
    at Function.process_params (G:\Đồ án nodejs\NodeJs_Project\BE\node_modules\express\lib\router\index.js:346:12)
    at next (G:\Đồ án nodejs\NodeJs_Project\BE\node_modules\express\lib\router\index.js:280:10)
    at logger (G:\Đồ án nodejs\NodeJs_Project\BE\node_modules\morgan\index.js:144:5)
    at Layer.handle [as handle_request] (G:\Đồ án nodejs\NodeJs_Project\BE\node_modules\express\lib\router\layer.js:95:5)
    at trim_prefix (G:\Đồ án nodejs\NodeJs_Project\BE\node_modules\express\lib\router\index.js:328:13)
    at G:\Đồ án nodejs\NodeJs_Project\BE\node_modules\express\lib\router\index.js:286:9
2025-04-09 15:45:34:4534 error: Không tìm thấy - /api/dashboard/popular-items?limit=5
Error: Không tìm thấy - /api/dashboard/popular-items?limit=5
    at notFound (G:\Đồ án nodejs\NodeJs_Project\BE\middlewares\errorHandler.js:11:17)
    at Layer.handle [as handle_request] (G:\Đồ án nodejs\NodeJs_Project\BE\node_modules\express\lib\router\layer.js:95:5)
    at trim_prefix (G:\Đồ án nodejs\NodeJs_Project\BE\node_modules\express\lib\router\index.js:328:13)
    at G:\Đồ án nodejs\NodeJs_Project\BE\node_modules\express\lib\router\index.js:286:9
    at Function.process_params (G:\Đồ án nodejs\NodeJs_Project\BE\node_modules\express\lib\router\index.js:346:12)
    at next (G:\Đồ án nodejs\NodeJs_Project\BE\node_modules\express\lib\router\index.js:280:10)
    at logger (G:\Đồ án nodejs\NodeJs_Project\BE\node_modules\morgan\index.js:144:5)
    at Layer.handle [as handle_request] (G:\Đồ án nodejs\NodeJs_Project\BE\node_modules\express\lib\router\layer.js:95:5)
    at trim_prefix (G:\Đồ án nodejs\NodeJs_Project\BE\node_modules\express\lib\router\index.js:328:13)
    at G:\Đồ án nodejs\NodeJs_Project\BE\node_modules\express\lib\router\index.js:286:9
2025-04-09 15:45:34:4534 error: Không tìm thấy - /api/dashboard/popular-items?limit=5
Error: Không tìm thấy - /api/dashboard/popular-items?limit=5
    at notFound (G:\Đồ án nodejs\NodeJs_Project\BE\middlewares\errorHandler.js:11:17)
    at Layer.handle [as handle_request] (G:\Đồ án nodejs\NodeJs_Project\BE\node_modules\express\lib\router\layer.js:95:5)
    at trim_prefix (G:\Đồ án nodejs\NodeJs_Project\BE\node_modules\express\lib\router\index.js:328:13)
    at G:\Đồ án nodejs\NodeJs_Project\BE\node_modules\express\lib\router\index.js:286:9
    at Function.process_params (G:\Đồ án nodejs\NodeJs_Project\BE\node_modules\express\lib\router\index.js:346:12)
    at next (G:\Đồ án nodejs\NodeJs_Project\BE\node_modules\express\lib\router\index.js:280:10)
    at logger (G:\Đồ án nodejs\NodeJs_Project\BE\node_modules\morgan\index.js:144:5)
    at Layer.handle [as handle_request] (G:\Đồ án nodejs\NodeJs_Project\BE\node_modules\express\lib\router\layer.js:95:5)
    at trim_prefix (G:\Đồ án nodejs\NodeJs_Project\BE\node_modules\express\lib\router\index.js:328:13)
    at G:\Đồ án nodejs\NodeJs_Project\BE\node_modules\express\lib\router\index.js:286:9
2025-04-09 15:46:01:461 error: Không tìm thấy - /api/dashboard/stats
Error: Không tìm thấy - /api/dashboard/stats
    at notFound (G:\Đồ án nodejs\NodeJs_Project\BE\middlewares\errorHandler.js:11:17)
    at Layer.handle [as handle_request] (G:\Đồ án nodejs\NodeJs_Project\BE\node_modules\express\lib\router\layer.js:95:5)
    at trim_prefix (G:\Đồ án nodejs\NodeJs_Project\BE\node_modules\express\lib\router\index.js:328:13)
    at G:\Đồ án nodejs\NodeJs_Project\BE\node_modules\express\lib\router\index.js:286:9
    at Function.process_params (G:\Đồ án nodejs\NodeJs_Project\BE\node_modules\express\lib\router\index.js:346:12)
    at next (G:\Đồ án nodejs\NodeJs_Project\BE\node_modules\express\lib\router\index.js:280:10)
    at logger (G:\Đồ án nodejs\NodeJs_Project\BE\node_modules\morgan\index.js:144:5)
    at Layer.handle [as handle_request] (G:\Đồ án nodejs\NodeJs_Project\BE\node_modules\express\lib\router\layer.js:95:5)
    at trim_prefix (G:\Đồ án nodejs\NodeJs_Project\BE\node_modules\express\lib\router\index.js:328:13)
    at G:\Đồ án nodejs\NodeJs_Project\BE\node_modules\express\lib\router\index.js:286:9
2025-04-09 15:46:01:461 error: Không tìm thấy - /api/dashboard/stats
Error: Không tìm thấy - /api/dashboard/stats
    at notFound (G:\Đồ án nodejs\NodeJs_Project\BE\middlewares\errorHandler.js:11:17)
    at Layer.handle [as handle_request] (G:\Đồ án nodejs\NodeJs_Project\BE\node_modules\express\lib\router\layer.js:95:5)
    at trim_prefix (G:\Đồ án nodejs\NodeJs_Project\BE\node_modules\express\lib\router\index.js:328:13)
    at G:\Đồ án nodejs\NodeJs_Project\BE\node_modules\express\lib\router\index.js:286:9
    at Function.process_params (G:\Đồ án nodejs\NodeJs_Project\BE\node_modules\express\lib\router\index.js:346:12)
    at next (G:\Đồ án nodejs\NodeJs_Project\BE\node_modules\express\lib\router\index.js:280:10)
    at logger (G:\Đồ án nodejs\NodeJs_Project\BE\node_modules\morgan\index.js:144:5)
    at Layer.handle [as handle_request] (G:\Đồ án nodejs\NodeJs_Project\BE\node_modules\express\lib\router\layer.js:95:5)
    at trim_prefix (G:\Đồ án nodejs\NodeJs_Project\BE\node_modules\express\lib\router\index.js:328:13)
    at G:\Đồ án nodejs\NodeJs_Project\BE\node_modules\express\lib\router\index.js:286:9
2025-04-09 15:46:01:461 error: Không tìm thấy - /api/dashboard/recent-orders?limit=5
Error: Không tìm thấy - /api/dashboard/recent-orders?limit=5
    at notFound (G:\Đồ án nodejs\NodeJs_Project\BE\middlewares\errorHandler.js:11:17)
    at Layer.handle [as handle_request] (G:\Đồ án nodejs\NodeJs_Project\BE\node_modules\express\lib\router\layer.js:95:5)
    at trim_prefix (G:\Đồ án nodejs\NodeJs_Project\BE\node_modules\express\lib\router\index.js:328:13)
    at G:\Đồ án nodejs\NodeJs_Project\BE\node_modules\express\lib\router\index.js:286:9
    at Function.process_params (G:\Đồ án nodejs\NodeJs_Project\BE\node_modules\express\lib\router\index.js:346:12)
    at next (G:\Đồ án nodejs\NodeJs_Project\BE\node_modules\express\lib\router\index.js:280:10)
    at logger (G:\Đồ án nodejs\NodeJs_Project\BE\node_modules\morgan\index.js:144:5)
    at Layer.handle [as handle_request] (G:\Đồ án nodejs\NodeJs_Project\BE\node_modules\express\lib\router\layer.js:95:5)
    at trim_prefix (G:\Đồ án nodejs\NodeJs_Project\BE\node_modules\express\lib\router\index.js:328:13)
    at G:\Đồ án nodejs\NodeJs_Project\BE\node_modules\express\lib\router\index.js:286:9
2025-04-09 15:46:01:461 error: Không tìm thấy - /api/dashboard/recent-orders?limit=5
Error: Không tìm thấy - /api/dashboard/recent-orders?limit=5
    at notFound (G:\Đồ án nodejs\NodeJs_Project\BE\middlewares\errorHandler.js:11:17)
    at Layer.handle [as handle_request] (G:\Đồ án nodejs\NodeJs_Project\BE\node_modules\express\lib\router\layer.js:95:5)
    at trim_prefix (G:\Đồ án nodejs\NodeJs_Project\BE\node_modules\express\lib\router\index.js:328:13)
    at G:\Đồ án nodejs\NodeJs_Project\BE\node_modules\express\lib\router\index.js:286:9
    at Function.process_params (G:\Đồ án nodejs\NodeJs_Project\BE\node_modules\express\lib\router\index.js:346:12)
    at next (G:\Đồ án nodejs\NodeJs_Project\BE\node_modules\express\lib\router\index.js:280:10)
    at logger (G:\Đồ án nodejs\NodeJs_Project\BE\node_modules\morgan\index.js:144:5)
    at Layer.handle [as handle_request] (G:\Đồ án nodejs\NodeJs_Project\BE\node_modules\express\lib\router\layer.js:95:5)
    at trim_prefix (G:\Đồ án nodejs\NodeJs_Project\BE\node_modules\express\lib\router\index.js:328:13)
    at G:\Đồ án nodejs\NodeJs_Project\BE\node_modules\express\lib\router\index.js:286:9
2025-04-09 15:46:01:461 error: Không tìm thấy - /api/dashboard/recent-reservations?limit=5
Error: Không tìm thấy - /api/dashboard/recent-reservations?limit=5
    at notFound (G:\Đồ án nodejs\NodeJs_Project\BE\middlewares\errorHandler.js:11:17)
    at Layer.handle [as handle_request] (G:\Đồ án nodejs\NodeJs_Project\BE\node_modules\express\lib\router\layer.js:95:5)
    at trim_prefix (G:\Đồ án nodejs\NodeJs_Project\BE\node_modules\express\lib\router\index.js:328:13)
    at G:\Đồ án nodejs\NodeJs_Project\BE\node_modules\express\lib\router\index.js:286:9
    at Function.process_params (G:\Đồ án nodejs\NodeJs_Project\BE\node_modules\express\lib\router\index.js:346:12)
    at next (G:\Đồ án nodejs\NodeJs_Project\BE\node_modules\express\lib\router\index.js:280:10)
    at logger (G:\Đồ án nodejs\NodeJs_Project\BE\node_modules\morgan\index.js:144:5)
    at Layer.handle [as handle_request] (G:\Đồ án nodejs\NodeJs_Project\BE\node_modules\express\lib\router\layer.js:95:5)
    at trim_prefix (G:\Đồ án nodejs\NodeJs_Project\BE\node_modules\express\lib\router\index.js:328:13)
    at G:\Đồ án nodejs\NodeJs_Project\BE\node_modules\express\lib\router\index.js:286:9
2025-04-09 15:46:01:461 error: Không tìm thấy - /api/dashboard/recent-reservations?limit=5
Error: Không tìm thấy - /api/dashboard/recent-reservations?limit=5
    at notFound (G:\Đồ án nodejs\NodeJs_Project\BE\middlewares\errorHandler.js:11:17)
    at Layer.handle [as handle_request] (G:\Đồ án nodejs\NodeJs_Project\BE\node_modules\express\lib\router\layer.js:95:5)
    at trim_prefix (G:\Đồ án nodejs\NodeJs_Project\BE\node_modules\express\lib\router\index.js:328:13)
    at G:\Đồ án nodejs\NodeJs_Project\BE\node_modules\express\lib\router\index.js:286:9
    at Function.process_params (G:\Đồ án nodejs\NodeJs_Project\BE\node_modules\express\lib\router\index.js:346:12)
    at next (G:\Đồ án nodejs\NodeJs_Project\BE\node_modules\express\lib\router\index.js:280:10)
    at logger (G:\Đồ án nodejs\NodeJs_Project\BE\node_modules\morgan\index.js:144:5)
    at Layer.handle [as handle_request] (G:\Đồ án nodejs\NodeJs_Project\BE\node_modules\express\lib\router\layer.js:95:5)
    at trim_prefix (G:\Đồ án nodejs\NodeJs_Project\BE\node_modules\express\lib\router\index.js:328:13)
    at G:\Đồ án nodejs\NodeJs_Project\BE\node_modules\express\lib\router\index.js:286:9
2025-04-09 15:46:01:461 error: Không tìm thấy - /api/dashboard/popular-items?limit=5
Error: Không tìm thấy - /api/dashboard/popular-items?limit=5
    at notFound (G:\Đồ án nodejs\NodeJs_Project\BE\middlewares\errorHandler.js:11:17)
    at Layer.handle [as handle_request] (G:\Đồ án nodejs\NodeJs_Project\BE\node_modules\express\lib\router\layer.js:95:5)
    at trim_prefix (G:\Đồ án nodejs\NodeJs_Project\BE\node_modules\express\lib\router\index.js:328:13)
    at G:\Đồ án nodejs\NodeJs_Project\BE\node_modules\express\lib\router\index.js:286:9
    at Function.process_params (G:\Đồ án nodejs\NodeJs_Project\BE\node_modules\express\lib\router\index.js:346:12)
    at next (G:\Đồ án nodejs\NodeJs_Project\BE\node_modules\express\lib\router\index.js:280:10)
    at logger (G:\Đồ án nodejs\NodeJs_Project\BE\node_modules\morgan\index.js:144:5)
    at Layer.handle [as handle_request] (G:\Đồ án nodejs\NodeJs_Project\BE\node_modules\express\lib\router\layer.js:95:5)
    at trim_prefix (G:\Đồ án nodejs\NodeJs_Project\BE\node_modules\express\lib\router\index.js:328:13)
    at G:\Đồ án nodejs\NodeJs_Project\BE\node_modules\express\lib\router\index.js:286:9
2025-04-09 15:46:01:461 error: Không tìm thấy - /api/dashboard/popular-items?limit=5
Error: Không tìm thấy - /api/dashboard/popular-items?limit=5
    at notFound (G:\Đồ án nodejs\NodeJs_Project\BE\middlewares\errorHandler.js:11:17)
    at Layer.handle [as handle_request] (G:\Đồ án nodejs\NodeJs_Project\BE\node_modules\express\lib\router\layer.js:95:5)
    at trim_prefix (G:\Đồ án nodejs\NodeJs_Project\BE\node_modules\express\lib\router\index.js:328:13)
    at G:\Đồ án nodejs\NodeJs_Project\BE\node_modules\express\lib\router\index.js:286:9
    at Function.process_params (G:\Đồ án nodejs\NodeJs_Project\BE\node_modules\express\lib\router\index.js:346:12)
    at next (G:\Đồ án nodejs\NodeJs_Project\BE\node_modules\express\lib\router\index.js:280:10)
    at logger (G:\Đồ án nodejs\NodeJs_Project\BE\node_modules\morgan\index.js:144:5)
    at Layer.handle [as handle_request] (G:\Đồ án nodejs\NodeJs_Project\BE\node_modules\express\lib\router\layer.js:95:5)
    at trim_prefix (G:\Đồ án nodejs\NodeJs_Project\BE\node_modules\express\lib\router\index.js:328:13)
    at G:\Đồ án nodejs\NodeJs_Project\BE\node_modules\express\lib\router\index.js:286:9
2025-04-09 15:54:10:5410 error: Không tìm thấy - /api/dashboard/stats
Error: Không tìm thấy - /api/dashboard/stats
    at notFound (G:\Đồ án nodejs\NodeJs_Project\BE\middlewares\errorHandler.js:11:17)
    at Layer.handle [as handle_request] (G:\Đồ án nodejs\NodeJs_Project\BE\node_modules\express\lib\router\layer.js:95:5)
    at trim_prefix (G:\Đồ án nodejs\NodeJs_Project\BE\node_modules\express\lib\router\index.js:328:13)
    at G:\Đồ án nodejs\NodeJs_Project\BE\node_modules\express\lib\router\index.js:286:9
    at Function.process_params (G:\Đồ án nodejs\NodeJs_Project\BE\node_modules\express\lib\router\index.js:346:12)
    at next (G:\Đồ án nodejs\NodeJs_Project\BE\node_modules\express\lib\router\index.js:280:10)
    at logger (G:\Đồ án nodejs\NodeJs_Project\BE\node_modules\morgan\index.js:144:5)
    at Layer.handle [as handle_request] (G:\Đồ án nodejs\NodeJs_Project\BE\node_modules\express\lib\router\layer.js:95:5)
    at trim_prefix (G:\Đồ án nodejs\NodeJs_Project\BE\node_modules\express\lib\router\index.js:328:13)
    at G:\Đồ án nodejs\NodeJs_Project\BE\node_modules\express\lib\router\index.js:286:9
2025-04-09 15:54:10:5410 error: Không tìm thấy - /api/dashboard/stats
Error: Không tìm thấy - /api/dashboard/stats
    at notFound (G:\Đồ án nodejs\NodeJs_Project\BE\middlewares\errorHandler.js:11:17)
    at Layer.handle [as handle_request] (G:\Đồ án nodejs\NodeJs_Project\BE\node_modules\express\lib\router\layer.js:95:5)
    at trim_prefix (G:\Đồ án nodejs\NodeJs_Project\BE\node_modules\express\lib\router\index.js:328:13)
    at G:\Đồ án nodejs\NodeJs_Project\BE\node_modules\express\lib\router\index.js:286:9
    at Function.process_params (G:\Đồ án nodejs\NodeJs_Project\BE\node_modules\express\lib\router\index.js:346:12)
    at next (G:\Đồ án nodejs\NodeJs_Project\BE\node_modules\express\lib\router\index.js:280:10)
    at logger (G:\Đồ án nodejs\NodeJs_Project\BE\node_modules\morgan\index.js:144:5)
    at Layer.handle [as handle_request] (G:\Đồ án nodejs\NodeJs_Project\BE\node_modules\express\lib\router\layer.js:95:5)
    at trim_prefix (G:\Đồ án nodejs\NodeJs_Project\BE\node_modules\express\lib\router\index.js:328:13)
    at G:\Đồ án nodejs\NodeJs_Project\BE\node_modules\express\lib\router\index.js:286:9
2025-04-09 15:54:10:5410 error: Không tìm thấy - /api/dashboard/recent-orders?limit=5
Error: Không tìm thấy - /api/dashboard/recent-orders?limit=5
    at notFound (G:\Đồ án nodejs\NodeJs_Project\BE\middlewares\errorHandler.js:11:17)
    at Layer.handle [as handle_request] (G:\Đồ án nodejs\NodeJs_Project\BE\node_modules\express\lib\router\layer.js:95:5)
    at trim_prefix (G:\Đồ án nodejs\NodeJs_Project\BE\node_modules\express\lib\router\index.js:328:13)
    at G:\Đồ án nodejs\NodeJs_Project\BE\node_modules\express\lib\router\index.js:286:9
    at Function.process_params (G:\Đồ án nodejs\NodeJs_Project\BE\node_modules\express\lib\router\index.js:346:12)
    at next (G:\Đồ án nodejs\NodeJs_Project\BE\node_modules\express\lib\router\index.js:280:10)
    at logger (G:\Đồ án nodejs\NodeJs_Project\BE\node_modules\morgan\index.js:144:5)
    at Layer.handle [as handle_request] (G:\Đồ án nodejs\NodeJs_Project\BE\node_modules\express\lib\router\layer.js:95:5)
    at trim_prefix (G:\Đồ án nodejs\NodeJs_Project\BE\node_modules\express\lib\router\index.js:328:13)
    at G:\Đồ án nodejs\NodeJs_Project\BE\node_modules\express\lib\router\index.js:286:9
2025-04-09 15:54:10:5410 error: Không tìm thấy - /api/dashboard/recent-orders?limit=5
Error: Không tìm thấy - /api/dashboard/recent-orders?limit=5
    at notFound (G:\Đồ án nodejs\NodeJs_Project\BE\middlewares\errorHandler.js:11:17)
    at Layer.handle [as handle_request] (G:\Đồ án nodejs\NodeJs_Project\BE\node_modules\express\lib\router\layer.js:95:5)
    at trim_prefix (G:\Đồ án nodejs\NodeJs_Project\BE\node_modules\express\lib\router\index.js:328:13)
    at G:\Đồ án nodejs\NodeJs_Project\BE\node_modules\express\lib\router\index.js:286:9
    at Function.process_params (G:\Đồ án nodejs\NodeJs_Project\BE\node_modules\express\lib\router\index.js:346:12)
    at next (G:\Đồ án nodejs\NodeJs_Project\BE\node_modules\express\lib\router\index.js:280:10)
    at logger (G:\Đồ án nodejs\NodeJs_Project\BE\node_modules\morgan\index.js:144:5)
    at Layer.handle [as handle_request] (G:\Đồ án nodejs\NodeJs_Project\BE\node_modules\express\lib\router\layer.js:95:5)
    at trim_prefix (G:\Đồ án nodejs\NodeJs_Project\BE\node_modules\express\lib\router\index.js:328:13)
    at G:\Đồ án nodejs\NodeJs_Project\BE\node_modules\express\lib\router\index.js:286:9
2025-04-09 15:54:10:5410 error: Không tìm thấy - /api/dashboard/recent-reservations?limit=5
Error: Không tìm thấy - /api/dashboard/recent-reservations?limit=5
    at notFound (G:\Đồ án nodejs\NodeJs_Project\BE\middlewares\errorHandler.js:11:17)
    at Layer.handle [as handle_request] (G:\Đồ án nodejs\NodeJs_Project\BE\node_modules\express\lib\router\layer.js:95:5)
    at trim_prefix (G:\Đồ án nodejs\NodeJs_Project\BE\node_modules\express\lib\router\index.js:328:13)
    at G:\Đồ án nodejs\NodeJs_Project\BE\node_modules\express\lib\router\index.js:286:9
    at Function.process_params (G:\Đồ án nodejs\NodeJs_Project\BE\node_modules\express\lib\router\index.js:346:12)
    at next (G:\Đồ án nodejs\NodeJs_Project\BE\node_modules\express\lib\router\index.js:280:10)
    at logger (G:\Đồ án nodejs\NodeJs_Project\BE\node_modules\morgan\index.js:144:5)
    at Layer.handle [as handle_request] (G:\Đồ án nodejs\NodeJs_Project\BE\node_modules\express\lib\router\layer.js:95:5)
    at trim_prefix (G:\Đồ án nodejs\NodeJs_Project\BE\node_modules\express\lib\router\index.js:328:13)
    at G:\Đồ án nodejs\NodeJs_Project\BE\node_modules\express\lib\router\index.js:286:9
2025-04-09 15:54:10:5410 error: Không tìm thấy - /api/dashboard/recent-reservations?limit=5
Error: Không tìm thấy - /api/dashboard/recent-reservations?limit=5
    at notFound (G:\Đồ án nodejs\NodeJs_Project\BE\middlewares\errorHandler.js:11:17)
    at Layer.handle [as handle_request] (G:\Đồ án nodejs\NodeJs_Project\BE\node_modules\express\lib\router\layer.js:95:5)
    at trim_prefix (G:\Đồ án nodejs\NodeJs_Project\BE\node_modules\express\lib\router\index.js:328:13)
    at G:\Đồ án nodejs\NodeJs_Project\BE\node_modules\express\lib\router\index.js:286:9
    at Function.process_params (G:\Đồ án nodejs\NodeJs_Project\BE\node_modules\express\lib\router\index.js:346:12)
    at next (G:\Đồ án nodejs\NodeJs_Project\BE\node_modules\express\lib\router\index.js:280:10)
    at logger (G:\Đồ án nodejs\NodeJs_Project\BE\node_modules\morgan\index.js:144:5)
    at Layer.handle [as handle_request] (G:\Đồ án nodejs\NodeJs_Project\BE\node_modules\express\lib\router\layer.js:95:5)
    at trim_prefix (G:\Đồ án nodejs\NodeJs_Project\BE\node_modules\express\lib\router\index.js:328:13)
    at G:\Đồ án nodejs\NodeJs_Project\BE\node_modules\express\lib\router\index.js:286:9
2025-04-09 15:54:10:5410 error: Không tìm thấy - /api/dashboard/popular-items?limit=5
Error: Không tìm thấy - /api/dashboard/popular-items?limit=5
    at notFound (G:\Đồ án nodejs\NodeJs_Project\BE\middlewares\errorHandler.js:11:17)
    at Layer.handle [as handle_request] (G:\Đồ án nodejs\NodeJs_Project\BE\node_modules\express\lib\router\layer.js:95:5)
    at trim_prefix (G:\Đồ án nodejs\NodeJs_Project\BE\node_modules\express\lib\router\index.js:328:13)
    at G:\Đồ án nodejs\NodeJs_Project\BE\node_modules\express\lib\router\index.js:286:9
    at Function.process_params (G:\Đồ án nodejs\NodeJs_Project\BE\node_modules\express\lib\router\index.js:346:12)
    at next (G:\Đồ án nodejs\NodeJs_Project\BE\node_modules\express\lib\router\index.js:280:10)
    at logger (G:\Đồ án nodejs\NodeJs_Project\BE\node_modules\morgan\index.js:144:5)
    at Layer.handle [as handle_request] (G:\Đồ án nodejs\NodeJs_Project\BE\node_modules\express\lib\router\layer.js:95:5)
    at trim_prefix (G:\Đồ án nodejs\NodeJs_Project\BE\node_modules\express\lib\router\index.js:328:13)
    at G:\Đồ án nodejs\NodeJs_Project\BE\node_modules\express\lib\router\index.js:286:9
2025-04-09 15:54:10:5410 error: Không tìm thấy - /api/dashboard/popular-items?limit=5
Error: Không tìm thấy - /api/dashboard/popular-items?limit=5
    at notFound (G:\Đồ án nodejs\NodeJs_Project\BE\middlewares\errorHandler.js:11:17)
    at Layer.handle [as handle_request] (G:\Đồ án nodejs\NodeJs_Project\BE\node_modules\express\lib\router\layer.js:95:5)
    at trim_prefix (G:\Đồ án nodejs\NodeJs_Project\BE\node_modules\express\lib\router\index.js:328:13)
    at G:\Đồ án nodejs\NodeJs_Project\BE\node_modules\express\lib\router\index.js:286:9
    at Function.process_params (G:\Đồ án nodejs\NodeJs_Project\BE\node_modules\express\lib\router\index.js:346:12)
    at next (G:\Đồ án nodejs\NodeJs_Project\BE\node_modules\express\lib\router\index.js:280:10)
    at logger (G:\Đồ án nodejs\NodeJs_Project\BE\node_modules\morgan\index.js:144:5)
    at Layer.handle [as handle_request] (G:\Đồ án nodejs\NodeJs_Project\BE\node_modules\express\lib\router\layer.js:95:5)
    at trim_prefix (G:\Đồ án nodejs\NodeJs_Project\BE\node_modules\express\lib\router\index.js:328:13)
    at G:\Đồ án nodejs\NodeJs_Project\BE\node_modules\express\lib\router\index.js:286:9
2025-04-09 15:54:57:5457 error: Không tìm thấy - /api/auth/users?page=1&limit=5
Error: Không tìm thấy - /api/auth/users?page=1&limit=5
    at notFound (G:\Đồ án nodejs\NodeJs_Project\BE\middlewares\errorHandler.js:11:17)
    at Layer.handle [as handle_request] (G:\Đồ án nodejs\NodeJs_Project\BE\node_modules\express\lib\router\layer.js:95:5)
    at trim_prefix (G:\Đồ án nodejs\NodeJs_Project\BE\node_modules\express\lib\router\index.js:328:13)
    at G:\Đồ án nodejs\NodeJs_Project\BE\node_modules\express\lib\router\index.js:286:9
    at Function.process_params (G:\Đồ án nodejs\NodeJs_Project\BE\node_modules\express\lib\router\index.js:346:12)
    at next (G:\Đồ án nodejs\NodeJs_Project\BE\node_modules\express\lib\router\index.js:280:10)
    at G:\Đồ án nodejs\NodeJs_Project\BE\node_modules\express\lib\router\index.js:646:15
    at next (G:\Đồ án nodejs\NodeJs_Project\BE\node_modules\express\lib\router\index.js:265:14)
    at Function.handle (G:\Đồ án nodejs\NodeJs_Project\BE\node_modules\express\lib\router\index.js:175:3)
    at router (G:\Đồ án nodejs\NodeJs_Project\BE\node_modules\express\lib\router\index.js:47:12)
2025-04-09 15:54:57:5457 error: Không tìm thấy - /api/auth/users?page=1&limit=5
Error: Không tìm thấy - /api/auth/users?page=1&limit=5
    at notFound (G:\Đồ án nodejs\NodeJs_Project\BE\middlewares\errorHandler.js:11:17)
    at Layer.handle [as handle_request] (G:\Đồ án nodejs\NodeJs_Project\BE\node_modules\express\lib\router\layer.js:95:5)
    at trim_prefix (G:\Đồ án nodejs\NodeJs_Project\BE\node_modules\express\lib\router\index.js:328:13)
    at G:\Đồ án nodejs\NodeJs_Project\BE\node_modules\express\lib\router\index.js:286:9
    at Function.process_params (G:\Đồ án nodejs\NodeJs_Project\BE\node_modules\express\lib\router\index.js:346:12)
    at next (G:\Đồ án nodejs\NodeJs_Project\BE\node_modules\express\lib\router\index.js:280:10)
    at G:\Đồ án nodejs\NodeJs_Project\BE\node_modules\express\lib\router\index.js:646:15
    at next (G:\Đồ án nodejs\NodeJs_Project\BE\node_modules\express\lib\router\index.js:265:14)
    at Function.handle (G:\Đồ án nodejs\NodeJs_Project\BE\node_modules\express\lib\router\index.js:175:3)
    at router (G:\Đồ án nodejs\NodeJs_Project\BE\node_modules\express\lib\router\index.js:47:12)
2025-04-09 15:57:00:570 error: Không tìm thấy - /api/auth/users?page=1&limit=5
Error: Không tìm thấy - /api/auth/users?page=1&limit=5
    at notFound (G:\Đồ án nodejs\NodeJs_Project\BE\middlewares\errorHandler.js:11:17)
    at Layer.handle [as handle_request] (G:\Đồ án nodejs\NodeJs_Project\BE\node_modules\express\lib\router\layer.js:95:5)
    at trim_prefix (G:\Đồ án nodejs\NodeJs_Project\BE\node_modules\express\lib\router\index.js:328:13)
    at G:\Đồ án nodejs\NodeJs_Project\BE\node_modules\express\lib\router\index.js:286:9
    at Function.process_params (G:\Đồ án nodejs\NodeJs_Project\BE\node_modules\express\lib\router\index.js:346:12)
    at next (G:\Đồ án nodejs\NodeJs_Project\BE\node_modules\express\lib\router\index.js:280:10)
    at G:\Đồ án nodejs\NodeJs_Project\BE\node_modules\express\lib\router\index.js:646:15
    at next (G:\Đồ án nodejs\NodeJs_Project\BE\node_modules\express\lib\router\index.js:265:14)
    at Function.handle (G:\Đồ án nodejs\NodeJs_Project\BE\node_modules\express\lib\router\index.js:175:3)
    at router (G:\Đồ án nodejs\NodeJs_Project\BE\node_modules\express\lib\router\index.js:47:12)
2025-04-09 15:57:00:570 error: Không tìm thấy - /api/auth/users?page=1&limit=5
Error: Không tìm thấy - /api/auth/users?page=1&limit=5
    at notFound (G:\Đồ án nodejs\NodeJs_Project\BE\middlewares\errorHandler.js:11:17)
    at Layer.handle [as handle_request] (G:\Đồ án nodejs\NodeJs_Project\BE\node_modules\express\lib\router\layer.js:95:5)
    at trim_prefix (G:\Đồ án nodejs\NodeJs_Project\BE\node_modules\express\lib\router\index.js:328:13)
    at G:\Đồ án nodejs\NodeJs_Project\BE\node_modules\express\lib\router\index.js:286:9
    at Function.process_params (G:\Đồ án nodejs\NodeJs_Project\BE\node_modules\express\lib\router\index.js:346:12)
    at next (G:\Đồ án nodejs\NodeJs_Project\BE\node_modules\express\lib\router\index.js:280:10)
    at G:\Đồ án nodejs\NodeJs_Project\BE\node_modules\express\lib\router\index.js:646:15
    at next (G:\Đồ án nodejs\NodeJs_Project\BE\node_modules\express\lib\router\index.js:265:14)
    at Function.handle (G:\Đồ án nodejs\NodeJs_Project\BE\node_modules\express\lib\router\index.js:175:3)
    at router (G:\Đồ án nodejs\NodeJs_Project\BE\node_modules\express\lib\router\index.js:47:12)
2025-04-09 16:01:12:112 error: Không tìm thấy - /api/auth/users/count
Error: Không tìm thấy - /api/auth/users/count
    at notFound (G:\Đồ án nodejs\NodeJs_Project\BE\middlewares\errorHandler.js:11:17)
    at Layer.handle [as handle_request] (G:\Đồ án nodejs\NodeJs_Project\BE\node_modules\express\lib\router\layer.js:95:5)
    at trim_prefix (G:\Đồ án nodejs\NodeJs_Project\BE\node_modules\express\lib\router\index.js:328:13)
    at G:\Đồ án nodejs\NodeJs_Project\BE\node_modules\express\lib\router\index.js:286:9
    at Function.process_params (G:\Đồ án nodejs\NodeJs_Project\BE\node_modules\express\lib\router\index.js:346:12)
    at next (G:\Đồ án nodejs\NodeJs_Project\BE\node_modules\express\lib\router\index.js:280:10)
    at G:\Đồ án nodejs\NodeJs_Project\BE\node_modules\express\lib\router\index.js:646:15
    at next (G:\Đồ án nodejs\NodeJs_Project\BE\node_modules\express\lib\router\index.js:265:14)
    at Function.handle (G:\Đồ án nodejs\NodeJs_Project\BE\node_modules\express\lib\router\index.js:175:3)
    at router (G:\Đồ án nodejs\NodeJs_Project\BE\node_modules\express\lib\router\index.js:47:12)
2025-04-09 16:01:12:112 error: Không tìm thấy - /api/auth/users/count
Error: Không tìm thấy - /api/auth/users/count
    at notFound (G:\Đồ án nodejs\NodeJs_Project\BE\middlewares\errorHandler.js:11:17)
    at Layer.handle [as handle_request] (G:\Đồ án nodejs\NodeJs_Project\BE\node_modules\express\lib\router\layer.js:95:5)
    at trim_prefix (G:\Đồ án nodejs\NodeJs_Project\BE\node_modules\express\lib\router\index.js:328:13)
    at G:\Đồ án nodejs\NodeJs_Project\BE\node_modules\express\lib\router\index.js:286:9
    at Function.process_params (G:\Đồ án nodejs\NodeJs_Project\BE\node_modules\express\lib\router\index.js:346:12)
    at next (G:\Đồ án nodejs\NodeJs_Project\BE\node_modules\express\lib\router\index.js:280:10)
    at G:\Đồ án nodejs\NodeJs_Project\BE\node_modules\express\lib\router\index.js:646:15
    at next (G:\Đồ án nodejs\NodeJs_Project\BE\node_modules\express\lib\router\index.js:265:14)
    at Function.handle (G:\Đồ án nodejs\NodeJs_Project\BE\node_modules\express\lib\router\index.js:175:3)
    at router (G:\Đồ án nodejs\NodeJs_Project\BE\node_modules\express\lib\router\index.js:47:12)
2025-04-09 16:01:41:141 error: Không tìm thấy - /api/auth/users/count
Error: Không tìm thấy - /api/auth/users/count
    at notFound (G:\Đồ án nodejs\NodeJs_Project\BE\middlewares\errorHandler.js:11:17)
    at Layer.handle [as handle_request] (G:\Đồ án nodejs\NodeJs_Project\BE\node_modules\express\lib\router\layer.js:95:5)
    at trim_prefix (G:\Đồ án nodejs\NodeJs_Project\BE\node_modules\express\lib\router\index.js:328:13)
    at G:\Đồ án nodejs\NodeJs_Project\BE\node_modules\express\lib\router\index.js:286:9
    at Function.process_params (G:\Đồ án nodejs\NodeJs_Project\BE\node_modules\express\lib\router\index.js:346:12)
    at next (G:\Đồ án nodejs\NodeJs_Project\BE\node_modules\express\lib\router\index.js:280:10)
    at G:\Đồ án nodejs\NodeJs_Project\BE\node_modules\express\lib\router\index.js:646:15
    at next (G:\Đồ án nodejs\NodeJs_Project\BE\node_modules\express\lib\router\index.js:265:14)
    at Function.handle (G:\Đồ án nodejs\NodeJs_Project\BE\node_modules\express\lib\router\index.js:175:3)
    at router (G:\Đồ án nodejs\NodeJs_Project\BE\node_modules\express\lib\router\index.js:47:12)
2025-04-09 16:01:41:141 error: Không tìm thấy - /api/auth/users/count
Error: Không tìm thấy - /api/auth/users/count
    at notFound (G:\Đồ án nodejs\NodeJs_Project\BE\middlewares\errorHandler.js:11:17)
    at Layer.handle [as handle_request] (G:\Đồ án nodejs\NodeJs_Project\BE\node_modules\express\lib\router\layer.js:95:5)
    at trim_prefix (G:\Đồ án nodejs\NodeJs_Project\BE\node_modules\express\lib\router\index.js:328:13)
    at G:\Đồ án nodejs\NodeJs_Project\BE\node_modules\express\lib\router\index.js:286:9
    at Function.process_params (G:\Đồ án nodejs\NodeJs_Project\BE\node_modules\express\lib\router\index.js:346:12)
    at next (G:\Đồ án nodejs\NodeJs_Project\BE\node_modules\express\lib\router\index.js:280:10)
    at G:\Đồ án nodejs\NodeJs_Project\BE\node_modules\express\lib\router\index.js:646:15
    at next (G:\Đồ án nodejs\NodeJs_Project\BE\node_modules\express\lib\router\index.js:265:14)
    at Function.handle (G:\Đồ án nodejs\NodeJs_Project\BE\node_modules\express\lib\router\index.js:175:3)
    at router (G:\Đồ án nodejs\NodeJs_Project\BE\node_modules\express\lib\router\index.js:47:12)
2025-04-09 16:01:43:143 error: Proxy error (Auth): 
2025-04-09 16:03:26:326 error: Không tìm thấy - /api/auth/users/count
Error: Không tìm thấy - /api/auth/users/count
    at notFound (G:\Đồ án nodejs\NodeJs_Project\BE\middlewares\errorHandler.js:11:17)
    at Layer.handle [as handle_request] (G:\Đồ án nodejs\NodeJs_Project\BE\node_modules\express\lib\router\layer.js:95:5)
    at trim_prefix (G:\Đồ án nodejs\NodeJs_Project\BE\node_modules\express\lib\router\index.js:328:13)
    at G:\Đồ án nodejs\NodeJs_Project\BE\node_modules\express\lib\router\index.js:286:9
    at Function.process_params (G:\Đồ án nodejs\NodeJs_Project\BE\node_modules\express\lib\router\index.js:346:12)
    at next (G:\Đồ án nodejs\NodeJs_Project\BE\node_modules\express\lib\router\index.js:280:10)
    at G:\Đồ án nodejs\NodeJs_Project\BE\node_modules\express\lib\router\index.js:646:15
    at next (G:\Đồ án nodejs\NodeJs_Project\BE\node_modules\express\lib\router\index.js:265:14)
    at Function.handle (G:\Đồ án nodejs\NodeJs_Project\BE\node_modules\express\lib\router\index.js:175:3)
    at router (G:\Đồ án nodejs\NodeJs_Project\BE\node_modules\express\lib\router\index.js:47:12)
2025-04-09 16:03:26:326 error: Không tìm thấy - /api/auth/users/count
Error: Không tìm thấy - /api/auth/users/count
    at notFound (G:\Đồ án nodejs\NodeJs_Project\BE\middlewares\errorHandler.js:11:17)
    at Layer.handle [as handle_request] (G:\Đồ án nodejs\NodeJs_Project\BE\node_modules\express\lib\router\layer.js:95:5)
    at trim_prefix (G:\Đồ án nodejs\NodeJs_Project\BE\node_modules\express\lib\router\index.js:328:13)
    at G:\Đồ án nodejs\NodeJs_Project\BE\node_modules\express\lib\router\index.js:286:9
    at Function.process_params (G:\Đồ án nodejs\NodeJs_Project\BE\node_modules\express\lib\router\index.js:346:12)
    at next (G:\Đồ án nodejs\NodeJs_Project\BE\node_modules\express\lib\router\index.js:280:10)
    at G:\Đồ án nodejs\NodeJs_Project\BE\node_modules\express\lib\router\index.js:646:15
    at next (G:\Đồ án nodejs\NodeJs_Project\BE\node_modules\express\lib\router\index.js:265:14)
    at Function.handle (G:\Đồ án nodejs\NodeJs_Project\BE\node_modules\express\lib\router\index.js:175:3)
    at router (G:\Đồ án nodejs\NodeJs_Project\BE\node_modules\express\lib\router\index.js:47:12)
2025-04-09 16:07:21:721 error: Không tìm thấy - /api/auth/users/count
Error: Không tìm thấy - /api/auth/users/count
    at notFound (G:\Đồ án nodejs\NodeJs_Project\BE\middlewares\errorHandler.js:11:17)
    at Layer.handle [as handle_request] (G:\Đồ án nodejs\NodeJs_Project\BE\node_modules\express\lib\router\layer.js:95:5)
    at trim_prefix (G:\Đồ án nodejs\NodeJs_Project\BE\node_modules\express\lib\router\index.js:328:13)
    at G:\Đồ án nodejs\NodeJs_Project\BE\node_modules\express\lib\router\index.js:286:9
    at Function.process_params (G:\Đồ án nodejs\NodeJs_Project\BE\node_modules\express\lib\router\index.js:346:12)
    at next (G:\Đồ án nodejs\NodeJs_Project\BE\node_modules\express\lib\router\index.js:280:10)
    at G:\Đồ án nodejs\NodeJs_Project\BE\node_modules\express\lib\router\index.js:646:15
    at next (G:\Đồ án nodejs\NodeJs_Project\BE\node_modules\express\lib\router\index.js:265:14)
    at Function.handle (G:\Đồ án nodejs\NodeJs_Project\BE\node_modules\express\lib\router\index.js:175:3)
    at router (G:\Đồ án nodejs\NodeJs_Project\BE\node_modules\express\lib\router\index.js:47:12)
2025-04-09 16:07:21:721 error: Không tìm thấy - /api/auth/users/count
Error: Không tìm thấy - /api/auth/users/count
    at notFound (G:\Đồ án nodejs\NodeJs_Project\BE\middlewares\errorHandler.js:11:17)
    at Layer.handle [as handle_request] (G:\Đồ án nodejs\NodeJs_Project\BE\node_modules\express\lib\router\layer.js:95:5)
    at trim_prefix (G:\Đồ án nodejs\NodeJs_Project\BE\node_modules\express\lib\router\index.js:328:13)
    at G:\Đồ án nodejs\NodeJs_Project\BE\node_modules\express\lib\router\index.js:286:9
    at Function.process_params (G:\Đồ án nodejs\NodeJs_Project\BE\node_modules\express\lib\router\index.js:346:12)
    at next (G:\Đồ án nodejs\NodeJs_Project\BE\node_modules\express\lib\router\index.js:280:10)
    at G:\Đồ án nodejs\NodeJs_Project\BE\node_modules\express\lib\router\index.js:646:15
    at next (G:\Đồ án nodejs\NodeJs_Project\BE\node_modules\express\lib\router\index.js:265:14)
    at Function.handle (G:\Đồ án nodejs\NodeJs_Project\BE\node_modules\express\lib\router\index.js:175:3)
    at router (G:\Đồ án nodejs\NodeJs_Project\BE\node_modules\express\lib\router\index.js:47:12)
2025-04-09 16:07:21:721 error: Không tìm thấy - /api/order/recent?limit=5
Error: Không tìm thấy - /api/order/recent?limit=5
    at notFound (G:\Đồ án nodejs\NodeJs_Project\BE\middlewares\errorHandler.js:11:17)
    at Layer.handle [as handle_request] (G:\Đồ án nodejs\NodeJs_Project\BE\node_modules\express\lib\router\layer.js:95:5)
    at trim_prefix (G:\Đồ án nodejs\NodeJs_Project\BE\node_modules\express\lib\router\index.js:328:13)
    at G:\Đồ án nodejs\NodeJs_Project\BE\node_modules\express\lib\router\index.js:286:9
    at Function.process_params (G:\Đồ án nodejs\NodeJs_Project\BE\node_modules\express\lib\router\index.js:346:12)
    at next (G:\Đồ án nodejs\NodeJs_Project\BE\node_modules\express\lib\router\index.js:280:10)
    at G:\Đồ án nodejs\NodeJs_Project\BE\services\order\server.js:39:3
    at Layer.handle [as handle_request] (G:\Đồ án nodejs\NodeJs_Project\BE\node_modules\express\lib\router\layer.js:95:5)
    at trim_prefix (G:\Đồ án nodejs\NodeJs_Project\BE\node_modules\express\lib\router\index.js:328:13)
    at G:\Đồ án nodejs\NodeJs_Project\BE\node_modules\express\lib\router\index.js:286:9
2025-04-09 16:07:21:721 error: Không tìm thấy - /api/order/recent?limit=5
Error: Không tìm thấy - /api/order/recent?limit=5
    at notFound (G:\Đồ án nodejs\NodeJs_Project\BE\middlewares\errorHandler.js:11:17)
    at Layer.handle [as handle_request] (G:\Đồ án nodejs\NodeJs_Project\BE\node_modules\express\lib\router\layer.js:95:5)
    at trim_prefix (G:\Đồ án nodejs\NodeJs_Project\BE\node_modules\express\lib\router\index.js:328:13)
    at G:\Đồ án nodejs\NodeJs_Project\BE\node_modules\express\lib\router\index.js:286:9
    at Function.process_params (G:\Đồ án nodejs\NodeJs_Project\BE\node_modules\express\lib\router\index.js:346:12)
    at next (G:\Đồ án nodejs\NodeJs_Project\BE\node_modules\express\lib\router\index.js:280:10)
    at G:\Đồ án nodejs\NodeJs_Project\BE\services\order\server.js:39:3
    at Layer.handle [as handle_request] (G:\Đồ án nodejs\NodeJs_Project\BE\node_modules\express\lib\router\layer.js:95:5)
    at trim_prefix (G:\Đồ án nodejs\NodeJs_Project\BE\node_modules\express\lib\router\index.js:328:13)
    at G:\Đồ án nodejs\NodeJs_Project\BE\node_modules\express\lib\router\index.js:286:9
2025-04-09 16:07:21:721 error: Lỗi lấy đặt bàn gần đây: Schema hasn't been registered for model "User".
Use mongoose.model(name, schema)
2025-04-09 16:09:59:959 error: Không tìm thấy - /api/api/users?page=1&limit=5&role=all&status=all
Error: Không tìm thấy - /api/api/users?page=1&limit=5&role=all&status=all
    at notFound (G:\Đồ án nodejs\NodeJs_Project\BE\middlewares\errorHandler.js:11:17)
    at Layer.handle [as handle_request] (G:\Đồ án nodejs\NodeJs_Project\BE\node_modules\express\lib\router\layer.js:95:5)
    at trim_prefix (G:\Đồ án nodejs\NodeJs_Project\BE\node_modules\express\lib\router\index.js:328:13)
    at G:\Đồ án nodejs\NodeJs_Project\BE\node_modules\express\lib\router\index.js:286:9
    at Function.process_params (G:\Đồ án nodejs\NodeJs_Project\BE\node_modules\express\lib\router\index.js:346:12)
    at next (G:\Đồ án nodejs\NodeJs_Project\BE\node_modules\express\lib\router\index.js:280:10)
    at logger (G:\Đồ án nodejs\NodeJs_Project\BE\node_modules\morgan\index.js:144:5)
    at Layer.handle [as handle_request] (G:\Đồ án nodejs\NodeJs_Project\BE\node_modules\express\lib\router\layer.js:95:5)
    at trim_prefix (G:\Đồ án nodejs\NodeJs_Project\BE\node_modules\express\lib\router\index.js:328:13)
    at G:\Đồ án nodejs\NodeJs_Project\BE\node_modules\express\lib\router\index.js:286:9
2025-04-09 16:10:01:101 error: Không tìm thấy - /api/api/users?page=1&limit=5&role=all&status=all
Error: Không tìm thấy - /api/api/users?page=1&limit=5&role=all&status=all
    at notFound (G:\Đồ án nodejs\NodeJs_Project\BE\middlewares\errorHandler.js:11:17)
    at Layer.handle [as handle_request] (G:\Đồ án nodejs\NodeJs_Project\BE\node_modules\express\lib\router\layer.js:95:5)
    at trim_prefix (G:\Đồ án nodejs\NodeJs_Project\BE\node_modules\express\lib\router\index.js:328:13)
    at G:\Đồ án nodejs\NodeJs_Project\BE\node_modules\express\lib\router\index.js:286:9
    at Function.process_params (G:\Đồ án nodejs\NodeJs_Project\BE\node_modules\express\lib\router\index.js:346:12)
    at next (G:\Đồ án nodejs\NodeJs_Project\BE\node_modules\express\lib\router\index.js:280:10)
    at logger (G:\Đồ án nodejs\NodeJs_Project\BE\node_modules\morgan\index.js:144:5)
    at Layer.handle [as handle_request] (G:\Đồ án nodejs\NodeJs_Project\BE\node_modules\express\lib\router\layer.js:95:5)
    at trim_prefix (G:\Đồ án nodejs\NodeJs_Project\BE\node_modules\express\lib\router\index.js:328:13)
    at G:\Đồ án nodejs\NodeJs_Project\BE\node_modules\express\lib\router\index.js:286:9
2025-04-09 16:17:07:177 error: Không tìm thấy - /auth/current
Error: Không tìm thấy - /auth/current
    at notFound (G:\Đồ án nodejs\NodeJs_Project\BE\middlewares\errorHandler.js:11:17)
    at Layer.handle [as handle_request] (G:\Đồ án nodejs\NodeJs_Project\BE\node_modules\express\lib\router\layer.js:95:5)
    at trim_prefix (G:\Đồ án nodejs\NodeJs_Project\BE\node_modules\express\lib\router\index.js:328:13)
    at G:\Đồ án nodejs\NodeJs_Project\BE\node_modules\express\lib\router\index.js:286:9
    at Function.process_params (G:\Đồ án nodejs\NodeJs_Project\BE\node_modules\express\lib\router\index.js:346:12)
    at next (G:\Đồ án nodejs\NodeJs_Project\BE\node_modules\express\lib\router\index.js:280:10)
    at logger (G:\Đồ án nodejs\NodeJs_Project\BE\node_modules\morgan\index.js:144:5)
    at Layer.handle [as handle_request] (G:\Đồ án nodejs\NodeJs_Project\BE\node_modules\express\lib\router\layer.js:95:5)
    at trim_prefix (G:\Đồ án nodejs\NodeJs_Project\BE\node_modules\express\lib\router\index.js:328:13)
    at G:\Đồ án nodejs\NodeJs_Project\BE\node_modules\express\lib\router\index.js:286:9
2025-04-09 16:17:07:177 error: Không tìm thấy - /auth/current
Error: Không tìm thấy - /auth/current
    at notFound (G:\Đồ án nodejs\NodeJs_Project\BE\middlewares\errorHandler.js:11:17)
    at Layer.handle [as handle_request] (G:\Đồ án nodejs\NodeJs_Project\BE\node_modules\express\lib\router\layer.js:95:5)
    at trim_prefix (G:\Đồ án nodejs\NodeJs_Project\BE\node_modules\express\lib\router\index.js:328:13)
    at G:\Đồ án nodejs\NodeJs_Project\BE\node_modules\express\lib\router\index.js:286:9
    at Function.process_params (G:\Đồ án nodejs\NodeJs_Project\BE\node_modules\express\lib\router\index.js:346:12)
    at next (G:\Đồ án nodejs\NodeJs_Project\BE\node_modules\express\lib\router\index.js:280:10)
    at logger (G:\Đồ án nodejs\NodeJs_Project\BE\node_modules\morgan\index.js:144:5)
    at Layer.handle [as handle_request] (G:\Đồ án nodejs\NodeJs_Project\BE\node_modules\express\lib\router\layer.js:95:5)
    at trim_prefix (G:\Đồ án nodejs\NodeJs_Project\BE\node_modules\express\lib\router\index.js:328:13)
    at G:\Đồ án nodejs\NodeJs_Project\BE\node_modules\express\lib\router\index.js:286:9
2025-04-09 16:21:22:2122 error: Không tìm thấy - /auth/login
Error: Không tìm thấy - /auth/login
    at notFound (G:\Đồ án nodejs\NodeJs_Project\BE\middlewares\errorHandler.js:11:17)
    at Layer.handle [as handle_request] (G:\Đồ án nodejs\NodeJs_Project\BE\node_modules\express\lib\router\layer.js:95:5)
    at trim_prefix (G:\Đồ án nodejs\NodeJs_Project\BE\node_modules\express\lib\router\index.js:328:13)
    at G:\Đồ án nodejs\NodeJs_Project\BE\node_modules\express\lib\router\index.js:286:9
    at Function.process_params (G:\Đồ án nodejs\NodeJs_Project\BE\node_modules\express\lib\router\index.js:346:12)
    at next (G:\Đồ án nodejs\NodeJs_Project\BE\node_modules\express\lib\router\index.js:280:10)
    at logger (G:\Đồ án nodejs\NodeJs_Project\BE\node_modules\morgan\index.js:144:5)
    at Layer.handle [as handle_request] (G:\Đồ án nodejs\NodeJs_Project\BE\node_modules\express\lib\router\layer.js:95:5)
    at trim_prefix (G:\Đồ án nodejs\NodeJs_Project\BE\node_modules\express\lib\router\index.js:328:13)
    at G:\Đồ án nodejs\NodeJs_Project\BE\node_modules\express\lib\router\index.js:286:9
2025-04-09 16:21:58:2158 error: Không tìm thấy - /auth/login
Error: Không tìm thấy - /auth/login
    at notFound (G:\Đồ án nodejs\NodeJs_Project\BE\middlewares\errorHandler.js:11:17)
    at Layer.handle [as handle_request] (G:\Đồ án nodejs\NodeJs_Project\BE\node_modules\express\lib\router\layer.js:95:5)
    at trim_prefix (G:\Đồ án nodejs\NodeJs_Project\BE\node_modules\express\lib\router\index.js:328:13)
    at G:\Đồ án nodejs\NodeJs_Project\BE\node_modules\express\lib\router\index.js:286:9
    at Function.process_params (G:\Đồ án nodejs\NodeJs_Project\BE\node_modules\express\lib\router\index.js:346:12)
    at next (G:\Đồ án nodejs\NodeJs_Project\BE\node_modules\express\lib\router\index.js:280:10)
    at logger (G:\Đồ án nodejs\NodeJs_Project\BE\node_modules\morgan\index.js:144:5)
    at Layer.handle [as handle_request] (G:\Đồ án nodejs\NodeJs_Project\BE\node_modules\express\lib\router\layer.js:95:5)
    at trim_prefix (G:\Đồ án nodejs\NodeJs_Project\BE\node_modules\express\lib\router\index.js:328:13)
    at G:\Đồ án nodejs\NodeJs_Project\BE\node_modules\express\lib\router\index.js:286:9
2025-04-09 16:43:37:4337 error: Không tìm thấy - /api/admin/dashboard/stats
Error: Không tìm thấy - /api/admin/dashboard/stats
    at notFound (G:\Đồ án nodejs\NodeJs_Project\BE\middlewares\errorHandler.js:11:17)
    at Layer.handle [as handle_request] (G:\Đồ án nodejs\NodeJs_Project\BE\node_modules\express\lib\router\layer.js:95:5)
    at trim_prefix (G:\Đồ án nodejs\NodeJs_Project\BE\node_modules\express\lib\router\index.js:328:13)
    at G:\Đồ án nodejs\NodeJs_Project\BE\node_modules\express\lib\router\index.js:286:9
    at Function.process_params (G:\Đồ án nodejs\NodeJs_Project\BE\node_modules\express\lib\router\index.js:346:12)
    at next (G:\Đồ án nodejs\NodeJs_Project\BE\node_modules\express\lib\router\index.js:280:10)
    at logger (G:\Đồ án nodejs\NodeJs_Project\BE\node_modules\morgan\index.js:144:5)
    at Layer.handle [as handle_request] (G:\Đồ án nodejs\NodeJs_Project\BE\node_modules\express\lib\router\layer.js:95:5)
    at trim_prefix (G:\Đồ án nodejs\NodeJs_Project\BE\node_modules\express\lib\router\index.js:328:13)
    at G:\Đồ án nodejs\NodeJs_Project\BE\node_modules\express\lib\router\index.js:286:9
2025-04-09 16:43:37:4337 error: Không tìm thấy - /api/admin/dashboard/stats
Error: Không tìm thấy - /api/admin/dashboard/stats
    at notFound (G:\Đồ án nodejs\NodeJs_Project\BE\middlewares\errorHandler.js:11:17)
    at Layer.handle [as handle_request] (G:\Đồ án nodejs\NodeJs_Project\BE\node_modules\express\lib\router\layer.js:95:5)
    at trim_prefix (G:\Đồ án nodejs\NodeJs_Project\BE\node_modules\express\lib\router\index.js:328:13)
    at G:\Đồ án nodejs\NodeJs_Project\BE\node_modules\express\lib\router\index.js:286:9
    at Function.process_params (G:\Đồ án nodejs\NodeJs_Project\BE\node_modules\express\lib\router\index.js:346:12)
    at next (G:\Đồ án nodejs\NodeJs_Project\BE\node_modules\express\lib\router\index.js:280:10)
    at logger (G:\Đồ án nodejs\NodeJs_Project\BE\node_modules\morgan\index.js:144:5)
    at Layer.handle [as handle_request] (G:\Đồ án nodejs\NodeJs_Project\BE\node_modules\express\lib\router\layer.js:95:5)
    at trim_prefix (G:\Đồ án nodejs\NodeJs_Project\BE\node_modules\express\lib\router\index.js:328:13)
    at G:\Đồ án nodejs\NodeJs_Project\BE\node_modules\express\lib\router\index.js:286:9
2025-04-09 16:43:41:4341 error: Không tìm thấy - /api/admin/dashboard/stats
Error: Không tìm thấy - /api/admin/dashboard/stats
    at notFound (G:\Đồ án nodejs\NodeJs_Project\BE\middlewares\errorHandler.js:11:17)
    at Layer.handle [as handle_request] (G:\Đồ án nodejs\NodeJs_Project\BE\node_modules\express\lib\router\layer.js:95:5)
    at trim_prefix (G:\Đồ án nodejs\NodeJs_Project\BE\node_modules\express\lib\router\index.js:328:13)
    at G:\Đồ án nodejs\NodeJs_Project\BE\node_modules\express\lib\router\index.js:286:9
    at Function.process_params (G:\Đồ án nodejs\NodeJs_Project\BE\node_modules\express\lib\router\index.js:346:12)
    at next (G:\Đồ án nodejs\NodeJs_Project\BE\node_modules\express\lib\router\index.js:280:10)
    at logger (G:\Đồ án nodejs\NodeJs_Project\BE\node_modules\morgan\index.js:144:5)
    at Layer.handle [as handle_request] (G:\Đồ án nodejs\NodeJs_Project\BE\node_modules\express\lib\router\layer.js:95:5)
    at trim_prefix (G:\Đồ án nodejs\NodeJs_Project\BE\node_modules\express\lib\router\index.js:328:13)
    at G:\Đồ án nodejs\NodeJs_Project\BE\node_modules\express\lib\router\index.js:286:9
2025-04-09 17:02:15:215 error: Lỗi lấy danh sách đặt bàn gần đây: Schema hasn't been registered for model "User".
Use mongoose.model(name, schema)
2025-04-09 17:02:15:215 error: Lỗi lấy danh sách đặt bàn gần đây: Schema hasn't been registered for model "User".
Use mongoose.model(name, schema)
2025-04-09 17:05:15:515 error: Lỗi lấy thông tin người dùng: Cast to ObjectId failed for value "count" (type string) at path "_id" for model "User"
2025-04-09 17:05:16:516 error: Lỗi lấy thông tin người dùng: Cast to ObjectId failed for value "count" (type string) at path "_id" for model "User"
2025-04-09 17:08:46:846 error: Lỗi lấy thông tin người dùng: Cast to ObjectId failed for value "count" (type string) at path "_id" for model "User"
2025-04-09 17:08:46:846 error: Lỗi lấy thông tin người dùng: Cast to ObjectId failed for value "count" (type string) at path "_id" for model "User"
2025-04-09 17:11:24:1124 error: Lỗi lấy thông tin người dùng: Cast to ObjectId failed for value "count" (type string) at path "_id" for model "User"
2025-04-09 17:11:24:1124 error: Lỗi lấy thông tin người dùng: Cast to ObjectId failed for value "count" (type string) at path "_id" for model "User"
2025-04-09 17:11:41:1141 error: Lỗi lấy thông tin người dùng: Cast to ObjectId failed for value "count" (type string) at path "_id" for model "User"
2025-04-09 17:11:41:1141 error: Lỗi lấy thông tin người dùng: Cast to ObjectId failed for value "count" (type string) at path "_id" for model "User"
2025-04-09 17:12:09:129 error: Lỗi lấy thông tin người dùng: Cast to ObjectId failed for value "count" (type string) at path "_id" for model "User"
2025-04-09 17:12:09:129 error: Lỗi lấy thông tin người dùng: Cast to ObjectId failed for value "count" (type string) at path "_id" for model "User"
2025-04-09 17:12:19:1219 error: Lỗi lấy thông tin người dùng: Cast to ObjectId failed for value "count" (type string) at path "_id" for model "User"
2025-04-09 17:12:19:1219 error: Lỗi lấy thông tin người dùng: Cast to ObjectId failed for value "count" (type string) at path "_id" for model "User"
2025-04-09 17:33:49:3349 error: Lỗi lấy danh sách đặt bàn: Schema hasn't been registered for model "User".
Use mongoose.model(name, schema)
2025-04-09 17:33:49:3349 error: Lỗi lấy danh sách đặt bàn: Schema hasn't been registered for model "User".
Use mongoose.model(name, schema)
2025-04-09 17:36:53:3653 error: Không tìm thấy - /api/api/dat-ban
Error: Không tìm thấy - /api/api/dat-ban
    at notFound (G:\Đồ án nodejs\NodeJs_Project\BE\middlewares\errorHandler.js:11:17)
    at Layer.handle [as handle_request] (G:\Đồ án nodejs\NodeJs_Project\BE\node_modules\express\lib\router\layer.js:95:5)
    at trim_prefix (G:\Đồ án nodejs\NodeJs_Project\BE\node_modules\express\lib\router\index.js:328:13)
    at G:\Đồ án nodejs\NodeJs_Project\BE\node_modules\express\lib\router\index.js:286:9
    at Function.process_params (G:\Đồ án nodejs\NodeJs_Project\BE\node_modules\express\lib\router\index.js:346:12)
    at next (G:\Đồ án nodejs\NodeJs_Project\BE\node_modules\express\lib\router\index.js:280:10)
    at logger (G:\Đồ án nodejs\NodeJs_Project\BE\node_modules\morgan\index.js:144:5)
    at Layer.handle [as handle_request] (G:\Đồ án nodejs\NodeJs_Project\BE\node_modules\express\lib\router\layer.js:95:5)
    at trim_prefix (G:\Đồ án nodejs\NodeJs_Project\BE\node_modules\express\lib\router\index.js:328:13)
    at G:\Đồ án nodejs\NodeJs_Project\BE\node_modules\express\lib\router\index.js:286:9
2025-04-09 17:37:11:3711 error: Không tìm thấy - /api/api/dat-ban
Error: Không tìm thấy - /api/api/dat-ban
    at notFound (G:\Đồ án nodejs\NodeJs_Project\BE\middlewares\errorHandler.js:11:17)
    at Layer.handle [as handle_request] (G:\Đồ án nodejs\NodeJs_Project\BE\node_modules\express\lib\router\layer.js:95:5)
    at trim_prefix (G:\Đồ án nodejs\NodeJs_Project\BE\node_modules\express\lib\router\index.js:328:13)
    at G:\Đồ án nodejs\NodeJs_Project\BE\node_modules\express\lib\router\index.js:286:9
    at Function.process_params (G:\Đồ án nodejs\NodeJs_Project\BE\node_modules\express\lib\router\index.js:346:12)
    at next (G:\Đồ án nodejs\NodeJs_Project\BE\node_modules\express\lib\router\index.js:280:10)
    at logger (G:\Đồ án nodejs\NodeJs_Project\BE\node_modules\morgan\index.js:144:5)
    at Layer.handle [as handle_request] (G:\Đồ án nodejs\NodeJs_Project\BE\node_modules\express\lib\router\layer.js:95:5)
    at trim_prefix (G:\Đồ án nodejs\NodeJs_Project\BE\node_modules\express\lib\router\index.js:328:13)
    at G:\Đồ án nodejs\NodeJs_Project\BE\node_modules\express\lib\router\index.js:286:9
2025-04-09 17:37:43:3743 error: Không tìm thấy - /api/api/dat-ban
Error: Không tìm thấy - /api/api/dat-ban
    at notFound (G:\Đồ án nodejs\NodeJs_Project\BE\middlewares\errorHandler.js:11:17)
    at Layer.handle [as handle_request] (G:\Đồ án nodejs\NodeJs_Project\BE\node_modules\express\lib\router\layer.js:95:5)
    at trim_prefix (G:\Đồ án nodejs\NodeJs_Project\BE\node_modules\express\lib\router\index.js:328:13)
    at G:\Đồ án nodejs\NodeJs_Project\BE\node_modules\express\lib\router\index.js:286:9
    at Function.process_params (G:\Đồ án nodejs\NodeJs_Project\BE\node_modules\express\lib\router\index.js:346:12)
    at next (G:\Đồ án nodejs\NodeJs_Project\BE\node_modules\express\lib\router\index.js:280:10)
    at logger (G:\Đồ án nodejs\NodeJs_Project\BE\node_modules\morgan\index.js:144:5)
    at Layer.handle [as handle_request] (G:\Đồ án nodejs\NodeJs_Project\BE\node_modules\express\lib\router\layer.js:95:5)
    at trim_prefix (G:\Đồ án nodejs\NodeJs_Project\BE\node_modules\express\lib\router\index.js:328:13)
    at G:\Đồ án nodejs\NodeJs_Project\BE\node_modules\express\lib\router\index.js:286:9
2025-04-09 17:37:43:3743 error: Không tìm thấy - /api/api/dat-ban
Error: Không tìm thấy - /api/api/dat-ban
    at notFound (G:\Đồ án nodejs\NodeJs_Project\BE\middlewares\errorHandler.js:11:17)
    at Layer.handle [as handle_request] (G:\Đồ án nodejs\NodeJs_Project\BE\node_modules\express\lib\router\layer.js:95:5)
    at trim_prefix (G:\Đồ án nodejs\NodeJs_Project\BE\node_modules\express\lib\router\index.js:328:13)
    at G:\Đồ án nodejs\NodeJs_Project\BE\node_modules\express\lib\router\index.js:286:9
    at Function.process_params (G:\Đồ án nodejs\NodeJs_Project\BE\node_modules\express\lib\router\index.js:346:12)
    at next (G:\Đồ án nodejs\NodeJs_Project\BE\node_modules\express\lib\router\index.js:280:10)
    at logger (G:\Đồ án nodejs\NodeJs_Project\BE\node_modules\morgan\index.js:144:5)
    at Layer.handle [as handle_request] (G:\Đồ án nodejs\NodeJs_Project\BE\node_modules\express\lib\router\layer.js:95:5)
    at trim_prefix (G:\Đồ án nodejs\NodeJs_Project\BE\node_modules\express\lib\router\index.js:328:13)
    at G:\Đồ án nodejs\NodeJs_Project\BE\node_modules\express\lib\router\index.js:286:9
2025-04-09 17:53:46:5346 error: Không tìm thấy - /api/order/dat-ban
Error: Không tìm thấy - /api/order/dat-ban
    at notFound (G:\Đồ án nodejs\NodeJs_Project\BE\middlewares\errorHandler.js:11:17)
    at Layer.handle [as handle_request] (G:\Đồ án nodejs\NodeJs_Project\BE\node_modules\express\lib\router\layer.js:95:5)
    at trim_prefix (G:\Đồ án nodejs\NodeJs_Project\BE\node_modules\express\lib\router\index.js:328:13)
    at G:\Đồ án nodejs\NodeJs_Project\BE\node_modules\express\lib\router\index.js:286:9
    at Function.process_params (G:\Đồ án nodejs\NodeJs_Project\BE\node_modules\express\lib\router\index.js:346:12)
    at next (G:\Đồ án nodejs\NodeJs_Project\BE\node_modules\express\lib\router\index.js:280:10)
    at logger (G:\Đồ án nodejs\NodeJs_Project\BE\node_modules\morgan\index.js:144:5)
    at Layer.handle [as handle_request] (G:\Đồ án nodejs\NodeJs_Project\BE\node_modules\express\lib\router\layer.js:95:5)
    at trim_prefix (G:\Đồ án nodejs\NodeJs_Project\BE\node_modules\express\lib\router\index.js:328:13)
    at G:\Đồ án nodejs\NodeJs_Project\BE\node_modules\express\lib\router\index.js:286:9
2025-04-09 17:54:01:541 error: Không tìm thấy - /api/order/dat-ban
Error: Không tìm thấy - /api/order/dat-ban
    at notFound (G:\Đồ án nodejs\NodeJs_Project\BE\middlewares\errorHandler.js:11:17)
    at Layer.handle [as handle_request] (G:\Đồ án nodejs\NodeJs_Project\BE\node_modules\express\lib\router\layer.js:95:5)
    at trim_prefix (G:\Đồ án nodejs\NodeJs_Project\BE\node_modules\express\lib\router\index.js:328:13)
    at G:\Đồ án nodejs\NodeJs_Project\BE\node_modules\express\lib\router\index.js:286:9
    at Function.process_params (G:\Đồ án nodejs\NodeJs_Project\BE\node_modules\express\lib\router\index.js:346:12)
    at next (G:\Đồ án nodejs\NodeJs_Project\BE\node_modules\express\lib\router\index.js:280:10)
    at logger (G:\Đồ án nodejs\NodeJs_Project\BE\node_modules\morgan\index.js:144:5)
    at Layer.handle [as handle_request] (G:\Đồ án nodejs\NodeJs_Project\BE\node_modules\express\lib\router\layer.js:95:5)
    at trim_prefix (G:\Đồ án nodejs\NodeJs_Project\BE\node_modules\express\lib\router\index.js:328:13)
    at G:\Đồ án nodejs\NodeJs_Project\BE\node_modules\express\lib\router\index.js:286:9
2025-04-09 17:54:01:541 error: Không tìm thấy - /api/order/dat-ban
Error: Không tìm thấy - /api/order/dat-ban
    at notFound (G:\Đồ án nodejs\NodeJs_Project\BE\middlewares\errorHandler.js:11:17)
    at Layer.handle [as handle_request] (G:\Đồ án nodejs\NodeJs_Project\BE\node_modules\express\lib\router\layer.js:95:5)
    at trim_prefix (G:\Đồ án nodejs\NodeJs_Project\BE\node_modules\express\lib\router\index.js:328:13)
    at G:\Đồ án nodejs\NodeJs_Project\BE\node_modules\express\lib\router\index.js:286:9
    at Function.process_params (G:\Đồ án nodejs\NodeJs_Project\BE\node_modules\express\lib\router\index.js:346:12)
    at next (G:\Đồ án nodejs\NodeJs_Project\BE\node_modules\express\lib\router\index.js:280:10)
    at logger (G:\Đồ án nodejs\NodeJs_Project\BE\node_modules\morgan\index.js:144:5)
    at Layer.handle [as handle_request] (G:\Đồ án nodejs\NodeJs_Project\BE\node_modules\express\lib\router\layer.js:95:5)
    at trim_prefix (G:\Đồ án nodejs\NodeJs_Project\BE\node_modules\express\lib\router\index.js:328:13)
    at G:\Đồ án nodejs\NodeJs_Project\BE\node_modules\express\lib\router\index.js:286:9
2025-04-09 17:55:47:5547 error: Không tìm thấy - /api/order/dat-ban
Error: Không tìm thấy - /api/order/dat-ban
    at notFound (G:\Đồ án nodejs\NodeJs_Project\BE\middlewares\errorHandler.js:11:17)
    at Layer.handle [as handle_request] (G:\Đồ án nodejs\NodeJs_Project\BE\node_modules\express\lib\router\layer.js:95:5)
    at trim_prefix (G:\Đồ án nodejs\NodeJs_Project\BE\node_modules\express\lib\router\index.js:328:13)
    at G:\Đồ án nodejs\NodeJs_Project\BE\node_modules\express\lib\router\index.js:286:9
    at Function.process_params (G:\Đồ án nodejs\NodeJs_Project\BE\node_modules\express\lib\router\index.js:346:12)
    at next (G:\Đồ án nodejs\NodeJs_Project\BE\node_modules\express\lib\router\index.js:280:10)
    at logger (G:\Đồ án nodejs\NodeJs_Project\BE\node_modules\morgan\index.js:144:5)
    at Layer.handle [as handle_request] (G:\Đồ án nodejs\NodeJs_Project\BE\node_modules\express\lib\router\layer.js:95:5)
    at trim_prefix (G:\Đồ án nodejs\NodeJs_Project\BE\node_modules\express\lib\router\index.js:328:13)
    at G:\Đồ án nodejs\NodeJs_Project\BE\node_modules\express\lib\router\index.js:286:9
2025-04-09 18:07:52:752 error: request aborted
BadRequestError: request aborted
    at IncomingMessage.onAborted (G:\Đồ án nodejs\NodeJs_Project\BE\node_modules\raw-body\index.js:245:10)
    at IncomingMessage.emit (node:events:519:28)
    at IncomingMessage._destroy (node:_http_incoming:221:10)
    at _destroy (node:internal/streams/destroy:121:10)
    at IncomingMessage.destroy (node:internal/streams/destroy:83:5)
    at abortIncoming (node:_http_server:796:9)
    at socketOnClose (node:_http_server:790:3)
    at Socket.emit (node:events:531:35)
    at TCP.<anonymous> (node:net:339:12)
2025-04-09 18:08:33:833 error: Proxy error (Auth): 
2025-04-09 22:06:16:616 error: Không tìm thấy - /api/menu/mon-an?page=1&limit=10
Error: Không tìm thấy - /api/menu/mon-an?page=1&limit=10
    at notFound (G:\Đồ án nodejs\NodeJs_Project\BE\middlewares\errorHandler.js:11:17)
    at Layer.handle [as handle_request] (G:\Đồ án nodejs\NodeJs_Project\BE\node_modules\express\lib\router\layer.js:95:5)
    at trim_prefix (G:\Đồ án nodejs\NodeJs_Project\BE\node_modules\express\lib\router\index.js:328:13)
    at G:\Đồ án nodejs\NodeJs_Project\BE\node_modules\express\lib\router\index.js:286:9
    at Function.process_params (G:\Đồ án nodejs\NodeJs_Project\BE\node_modules\express\lib\router\index.js:346:12)
    at next (G:\Đồ án nodejs\NodeJs_Project\BE\node_modules\express\lib\router\index.js:280:10)
    at logger (G:\Đồ án nodejs\NodeJs_Project\BE\node_modules\morgan\index.js:144:5)
    at Layer.handle [as handle_request] (G:\Đồ án nodejs\NodeJs_Project\BE\node_modules\express\lib\router\layer.js:95:5)
    at trim_prefix (G:\Đồ án nodejs\NodeJs_Project\BE\node_modules\express\lib\router\index.js:328:13)
    at G:\Đồ án nodejs\NodeJs_Project\BE\node_modules\express\lib\router\index.js:286:9
2025-04-09 22:06:16:616 error: Không tìm thấy - /api/menu/loai-mon-an?page=1&limit=10
Error: Không tìm thấy - /api/menu/loai-mon-an?page=1&limit=10
    at notFound (G:\Đồ án nodejs\NodeJs_Project\BE\middlewares\errorHandler.js:11:17)
    at Layer.handle [as handle_request] (G:\Đồ án nodejs\NodeJs_Project\BE\node_modules\express\lib\router\layer.js:95:5)
    at trim_prefix (G:\Đồ án nodejs\NodeJs_Project\BE\node_modules\express\lib\router\index.js:328:13)
    at G:\Đồ án nodejs\NodeJs_Project\BE\node_modules\express\lib\router\index.js:286:9
    at Function.process_params (G:\Đồ án nodejs\NodeJs_Project\BE\node_modules\express\lib\router\index.js:346:12)
    at next (G:\Đồ án nodejs\NodeJs_Project\BE\node_modules\express\lib\router\index.js:280:10)
    at logger (G:\Đồ án nodejs\NodeJs_Project\BE\node_modules\morgan\index.js:144:5)
    at Layer.handle [as handle_request] (G:\Đồ án nodejs\NodeJs_Project\BE\node_modules\express\lib\router\layer.js:95:5)
    at trim_prefix (G:\Đồ án nodejs\NodeJs_Project\BE\node_modules\express\lib\router\index.js:328:13)
    at G:\Đồ án nodejs\NodeJs_Project\BE\node_modules\express\lib\router\index.js:286:9
2025-04-09 22:06:16:616 error: Không tìm thấy - /api/menu/mon-an?page=1&limit=10
Error: Không tìm thấy - /api/menu/mon-an?page=1&limit=10
    at notFound (G:\Đồ án nodejs\NodeJs_Project\BE\middlewares\errorHandler.js:11:17)
    at Layer.handle [as handle_request] (G:\Đồ án nodejs\NodeJs_Project\BE\node_modules\express\lib\router\layer.js:95:5)
    at trim_prefix (G:\Đồ án nodejs\NodeJs_Project\BE\node_modules\express\lib\router\index.js:328:13)
    at G:\Đồ án nodejs\NodeJs_Project\BE\node_modules\express\lib\router\index.js:286:9
    at Function.process_params (G:\Đồ án nodejs\NodeJs_Project\BE\node_modules\express\lib\router\index.js:346:12)
    at next (G:\Đồ án nodejs\NodeJs_Project\BE\node_modules\express\lib\router\index.js:280:10)
    at logger (G:\Đồ án nodejs\NodeJs_Project\BE\node_modules\morgan\index.js:144:5)
    at Layer.handle [as handle_request] (G:\Đồ án nodejs\NodeJs_Project\BE\node_modules\express\lib\router\layer.js:95:5)
    at trim_prefix (G:\Đồ án nodejs\NodeJs_Project\BE\node_modules\express\lib\router\index.js:328:13)
    at G:\Đồ án nodejs\NodeJs_Project\BE\node_modules\express\lib\router\index.js:286:9
2025-04-09 22:06:16:616 error: Không tìm thấy - /api/menu/loai-mon-an?page=1&limit=10
Error: Không tìm thấy - /api/menu/loai-mon-an?page=1&limit=10
    at notFound (G:\Đồ án nodejs\NodeJs_Project\BE\middlewares\errorHandler.js:11:17)
    at Layer.handle [as handle_request] (G:\Đồ án nodejs\NodeJs_Project\BE\node_modules\express\lib\router\layer.js:95:5)
    at trim_prefix (G:\Đồ án nodejs\NodeJs_Project\BE\node_modules\express\lib\router\index.js:328:13)
    at G:\Đồ án nodejs\NodeJs_Project\BE\node_modules\express\lib\router\index.js:286:9
    at Function.process_params (G:\Đồ án nodejs\NodeJs_Project\BE\node_modules\express\lib\router\index.js:346:12)
    at next (G:\Đồ án nodejs\NodeJs_Project\BE\node_modules\express\lib\router\index.js:280:10)
    at logger (G:\Đồ án nodejs\NodeJs_Project\BE\node_modules\morgan\index.js:144:5)
    at Layer.handle [as handle_request] (G:\Đồ án nodejs\NodeJs_Project\BE\node_modules\express\lib\router\layer.js:95:5)
    at trim_prefix (G:\Đồ án nodejs\NodeJs_Project\BE\node_modules\express\lib\router\index.js:328:13)
    at G:\Đồ án nodejs\NodeJs_Project\BE\node_modules\express\lib\router\index.js:286:9
2025-04-09 22:07:08:78 error: Không tìm thấy - /api/menu/mon-an?page=1&limit=10
Error: Không tìm thấy - /api/menu/mon-an?page=1&limit=10
    at notFound (G:\Đồ án nodejs\NodeJs_Project\BE\middlewares\errorHandler.js:11:17)
    at Layer.handle [as handle_request] (G:\Đồ án nodejs\NodeJs_Project\BE\node_modules\express\lib\router\layer.js:95:5)
    at trim_prefix (G:\Đồ án nodejs\NodeJs_Project\BE\node_modules\express\lib\router\index.js:328:13)
    at G:\Đồ án nodejs\NodeJs_Project\BE\node_modules\express\lib\router\index.js:286:9
    at Function.process_params (G:\Đồ án nodejs\NodeJs_Project\BE\node_modules\express\lib\router\index.js:346:12)
    at next (G:\Đồ án nodejs\NodeJs_Project\BE\node_modules\express\lib\router\index.js:280:10)
    at logger (G:\Đồ án nodejs\NodeJs_Project\BE\node_modules\morgan\index.js:144:5)
    at Layer.handle [as handle_request] (G:\Đồ án nodejs\NodeJs_Project\BE\node_modules\express\lib\router\layer.js:95:5)
    at trim_prefix (G:\Đồ án nodejs\NodeJs_Project\BE\node_modules\express\lib\router\index.js:328:13)
    at G:\Đồ án nodejs\NodeJs_Project\BE\node_modules\express\lib\router\index.js:286:9
2025-04-09 22:07:08:78 error: Không tìm thấy - /api/menu/loai-mon-an?page=1&limit=10
Error: Không tìm thấy - /api/menu/loai-mon-an?page=1&limit=10
    at notFound (G:\Đồ án nodejs\NodeJs_Project\BE\middlewares\errorHandler.js:11:17)
    at Layer.handle [as handle_request] (G:\Đồ án nodejs\NodeJs_Project\BE\node_modules\express\lib\router\layer.js:95:5)
    at trim_prefix (G:\Đồ án nodejs\NodeJs_Project\BE\node_modules\express\lib\router\index.js:328:13)
    at G:\Đồ án nodejs\NodeJs_Project\BE\node_modules\express\lib\router\index.js:286:9
    at Function.process_params (G:\Đồ án nodejs\NodeJs_Project\BE\node_modules\express\lib\router\index.js:346:12)
    at next (G:\Đồ án nodejs\NodeJs_Project\BE\node_modules\express\lib\router\index.js:280:10)
    at logger (G:\Đồ án nodejs\NodeJs_Project\BE\node_modules\morgan\index.js:144:5)
    at Layer.handle [as handle_request] (G:\Đồ án nodejs\NodeJs_Project\BE\node_modules\express\lib\router\layer.js:95:5)
    at trim_prefix (G:\Đồ án nodejs\NodeJs_Project\BE\node_modules\express\lib\router\index.js:328:13)
    at G:\Đồ án nodejs\NodeJs_Project\BE\node_modules\express\lib\router\index.js:286:9
2025-04-09 22:07:08:78 error: Không tìm thấy - /api/menu/mon-an?page=1&limit=10
Error: Không tìm thấy - /api/menu/mon-an?page=1&limit=10
    at notFound (G:\Đồ án nodejs\NodeJs_Project\BE\middlewares\errorHandler.js:11:17)
    at Layer.handle [as handle_request] (G:\Đồ án nodejs\NodeJs_Project\BE\node_modules\express\lib\router\layer.js:95:5)
    at trim_prefix (G:\Đồ án nodejs\NodeJs_Project\BE\node_modules\express\lib\router\index.js:328:13)
    at G:\Đồ án nodejs\NodeJs_Project\BE\node_modules\express\lib\router\index.js:286:9
    at Function.process_params (G:\Đồ án nodejs\NodeJs_Project\BE\node_modules\express\lib\router\index.js:346:12)
    at next (G:\Đồ án nodejs\NodeJs_Project\BE\node_modules\express\lib\router\index.js:280:10)
    at logger (G:\Đồ án nodejs\NodeJs_Project\BE\node_modules\morgan\index.js:144:5)
    at Layer.handle [as handle_request] (G:\Đồ án nodejs\NodeJs_Project\BE\node_modules\express\lib\router\layer.js:95:5)
    at trim_prefix (G:\Đồ án nodejs\NodeJs_Project\BE\node_modules\express\lib\router\index.js:328:13)
    at G:\Đồ án nodejs\NodeJs_Project\BE\node_modules\express\lib\router\index.js:286:9
2025-04-09 22:07:08:78 error: Không tìm thấy - /api/menu/loai-mon-an?page=1&limit=10
Error: Không tìm thấy - /api/menu/loai-mon-an?page=1&limit=10
    at notFound (G:\Đồ án nodejs\NodeJs_Project\BE\middlewares\errorHandler.js:11:17)
    at Layer.handle [as handle_request] (G:\Đồ án nodejs\NodeJs_Project\BE\node_modules\express\lib\router\layer.js:95:5)
    at trim_prefix (G:\Đồ án nodejs\NodeJs_Project\BE\node_modules\express\lib\router\index.js:328:13)
    at G:\Đồ án nodejs\NodeJs_Project\BE\node_modules\express\lib\router\index.js:286:9
    at Function.process_params (G:\Đồ án nodejs\NodeJs_Project\BE\node_modules\express\lib\router\index.js:346:12)
    at next (G:\Đồ án nodejs\NodeJs_Project\BE\node_modules\express\lib\router\index.js:280:10)
    at logger (G:\Đồ án nodejs\NodeJs_Project\BE\node_modules\morgan\index.js:144:5)
    at Layer.handle [as handle_request] (G:\Đồ án nodejs\NodeJs_Project\BE\node_modules\express\lib\router\layer.js:95:5)
    at trim_prefix (G:\Đồ án nodejs\NodeJs_Project\BE\node_modules\express\lib\router\index.js:328:13)
    at G:\Đồ án nodejs\NodeJs_Project\BE\node_modules\express\lib\router\index.js:286:9
2025-04-09 22:08:04:84 error: Không tìm thấy - /api/menu/mon-an?page=1&limit=10
Error: Không tìm thấy - /api/menu/mon-an?page=1&limit=10
    at notFound (G:\Đồ án nodejs\NodeJs_Project\BE\middlewares\errorHandler.js:11:17)
    at Layer.handle [as handle_request] (G:\Đồ án nodejs\NodeJs_Project\BE\node_modules\express\lib\router\layer.js:95:5)
    at trim_prefix (G:\Đồ án nodejs\NodeJs_Project\BE\node_modules\express\lib\router\index.js:328:13)
    at G:\Đồ án nodejs\NodeJs_Project\BE\node_modules\express\lib\router\index.js:286:9
    at Function.process_params (G:\Đồ án nodejs\NodeJs_Project\BE\node_modules\express\lib\router\index.js:346:12)
    at next (G:\Đồ án nodejs\NodeJs_Project\BE\node_modules\express\lib\router\index.js:280:10)
    at logger (G:\Đồ án nodejs\NodeJs_Project\BE\node_modules\morgan\index.js:144:5)
    at Layer.handle [as handle_request] (G:\Đồ án nodejs\NodeJs_Project\BE\node_modules\express\lib\router\layer.js:95:5)
    at trim_prefix (G:\Đồ án nodejs\NodeJs_Project\BE\node_modules\express\lib\router\index.js:328:13)
    at G:\Đồ án nodejs\NodeJs_Project\BE\node_modules\express\lib\router\index.js:286:9
2025-04-09 22:08:04:84 error: Không tìm thấy - /api/menu/loai-mon-an?page=1&limit=10
Error: Không tìm thấy - /api/menu/loai-mon-an?page=1&limit=10
    at notFound (G:\Đồ án nodejs\NodeJs_Project\BE\middlewares\errorHandler.js:11:17)
    at Layer.handle [as handle_request] (G:\Đồ án nodejs\NodeJs_Project\BE\node_modules\express\lib\router\layer.js:95:5)
    at trim_prefix (G:\Đồ án nodejs\NodeJs_Project\BE\node_modules\express\lib\router\index.js:328:13)
    at G:\Đồ án nodejs\NodeJs_Project\BE\node_modules\express\lib\router\index.js:286:9
    at Function.process_params (G:\Đồ án nodejs\NodeJs_Project\BE\node_modules\express\lib\router\index.js:346:12)
    at next (G:\Đồ án nodejs\NodeJs_Project\BE\node_modules\express\lib\router\index.js:280:10)
    at logger (G:\Đồ án nodejs\NodeJs_Project\BE\node_modules\morgan\index.js:144:5)
    at Layer.handle [as handle_request] (G:\Đồ án nodejs\NodeJs_Project\BE\node_modules\express\lib\router\layer.js:95:5)
    at trim_prefix (G:\Đồ án nodejs\NodeJs_Project\BE\node_modules\express\lib\router\index.js:328:13)
    at G:\Đồ án nodejs\NodeJs_Project\BE\node_modules\express\lib\router\index.js:286:9
2025-04-09 22:08:12:812 error: Không tìm thấy - /api/menu/mon-an?page=1&limit=10
Error: Không tìm thấy - /api/menu/mon-an?page=1&limit=10
    at notFound (G:\Đồ án nodejs\NodeJs_Project\BE\middlewares\errorHandler.js:11:17)
    at Layer.handle [as handle_request] (G:\Đồ án nodejs\NodeJs_Project\BE\node_modules\express\lib\router\layer.js:95:5)
    at trim_prefix (G:\Đồ án nodejs\NodeJs_Project\BE\node_modules\express\lib\router\index.js:328:13)
    at G:\Đồ án nodejs\NodeJs_Project\BE\node_modules\express\lib\router\index.js:286:9
    at Function.process_params (G:\Đồ án nodejs\NodeJs_Project\BE\node_modules\express\lib\router\index.js:346:12)
    at next (G:\Đồ án nodejs\NodeJs_Project\BE\node_modules\express\lib\router\index.js:280:10)
    at logger (G:\Đồ án nodejs\NodeJs_Project\BE\node_modules\morgan\index.js:144:5)
    at Layer.handle [as handle_request] (G:\Đồ án nodejs\NodeJs_Project\BE\node_modules\express\lib\router\layer.js:95:5)
    at trim_prefix (G:\Đồ án nodejs\NodeJs_Project\BE\node_modules\express\lib\router\index.js:328:13)
    at G:\Đồ án nodejs\NodeJs_Project\BE\node_modules\express\lib\router\index.js:286:9
2025-04-09 22:08:12:812 error: Không tìm thấy - /api/menu/loai-mon-an?page=1&limit=10
Error: Không tìm thấy - /api/menu/loai-mon-an?page=1&limit=10
    at notFound (G:\Đồ án nodejs\NodeJs_Project\BE\middlewares\errorHandler.js:11:17)
    at Layer.handle [as handle_request] (G:\Đồ án nodejs\NodeJs_Project\BE\node_modules\express\lib\router\layer.js:95:5)
    at trim_prefix (G:\Đồ án nodejs\NodeJs_Project\BE\node_modules\express\lib\router\index.js:328:13)
    at G:\Đồ án nodejs\NodeJs_Project\BE\node_modules\express\lib\router\index.js:286:9
    at Function.process_params (G:\Đồ án nodejs\NodeJs_Project\BE\node_modules\express\lib\router\index.js:346:12)
    at next (G:\Đồ án nodejs\NodeJs_Project\BE\node_modules\express\lib\router\index.js:280:10)
    at logger (G:\Đồ án nodejs\NodeJs_Project\BE\node_modules\morgan\index.js:144:5)
    at Layer.handle [as handle_request] (G:\Đồ án nodejs\NodeJs_Project\BE\node_modules\express\lib\router\layer.js:95:5)
    at trim_prefix (G:\Đồ án nodejs\NodeJs_Project\BE\node_modules\express\lib\router\index.js:328:13)
    at G:\Đồ án nodejs\NodeJs_Project\BE\node_modules\express\lib\router\index.js:286:9
2025-04-09 22:08:46:846 error: Không tìm thấy - /api/menu/mon-an?page=1&limit=10
Error: Không tìm thấy - /api/menu/mon-an?page=1&limit=10
    at notFound (G:\Đồ án nodejs\NodeJs_Project\BE\middlewares\errorHandler.js:11:17)
    at Layer.handle [as handle_request] (G:\Đồ án nodejs\NodeJs_Project\BE\node_modules\express\lib\router\layer.js:95:5)
    at trim_prefix (G:\Đồ án nodejs\NodeJs_Project\BE\node_modules\express\lib\router\index.js:328:13)
    at G:\Đồ án nodejs\NodeJs_Project\BE\node_modules\express\lib\router\index.js:286:9
    at Function.process_params (G:\Đồ án nodejs\NodeJs_Project\BE\node_modules\express\lib\router\index.js:346:12)
    at next (G:\Đồ án nodejs\NodeJs_Project\BE\node_modules\express\lib\router\index.js:280:10)
    at logger (G:\Đồ án nodejs\NodeJs_Project\BE\node_modules\morgan\index.js:144:5)
    at Layer.handle [as handle_request] (G:\Đồ án nodejs\NodeJs_Project\BE\node_modules\express\lib\router\layer.js:95:5)
    at trim_prefix (G:\Đồ án nodejs\NodeJs_Project\BE\node_modules\express\lib\router\index.js:328:13)
    at G:\Đồ án nodejs\NodeJs_Project\BE\node_modules\express\lib\router\index.js:286:9
2025-04-09 22:08:46:846 error: Không tìm thấy - /api/menu/loai-mon-an?page=1&limit=10
Error: Không tìm thấy - /api/menu/loai-mon-an?page=1&limit=10
    at notFound (G:\Đồ án nodejs\NodeJs_Project\BE\middlewares\errorHandler.js:11:17)
    at Layer.handle [as handle_request] (G:\Đồ án nodejs\NodeJs_Project\BE\node_modules\express\lib\router\layer.js:95:5)
    at trim_prefix (G:\Đồ án nodejs\NodeJs_Project\BE\node_modules\express\lib\router\index.js:328:13)
    at G:\Đồ án nodejs\NodeJs_Project\BE\node_modules\express\lib\router\index.js:286:9
    at Function.process_params (G:\Đồ án nodejs\NodeJs_Project\BE\node_modules\express\lib\router\index.js:346:12)
    at next (G:\Đồ án nodejs\NodeJs_Project\BE\node_modules\express\lib\router\index.js:280:10)
    at logger (G:\Đồ án nodejs\NodeJs_Project\BE\node_modules\morgan\index.js:144:5)
    at Layer.handle [as handle_request] (G:\Đồ án nodejs\NodeJs_Project\BE\node_modules\express\lib\router\layer.js:95:5)
    at trim_prefix (G:\Đồ án nodejs\NodeJs_Project\BE\node_modules\express\lib\router\index.js:328:13)
    at G:\Đồ án nodejs\NodeJs_Project\BE\node_modules\express\lib\router\index.js:286:9
2025-04-09 22:08:46:846 error: Không tìm thấy - /api/menu/mon-an?page=1&limit=10
Error: Không tìm thấy - /api/menu/mon-an?page=1&limit=10
    at notFound (G:\Đồ án nodejs\NodeJs_Project\BE\middlewares\errorHandler.js:11:17)
    at Layer.handle [as handle_request] (G:\Đồ án nodejs\NodeJs_Project\BE\node_modules\express\lib\router\layer.js:95:5)
    at trim_prefix (G:\Đồ án nodejs\NodeJs_Project\BE\node_modules\express\lib\router\index.js:328:13)
    at G:\Đồ án nodejs\NodeJs_Project\BE\node_modules\express\lib\router\index.js:286:9
    at Function.process_params (G:\Đồ án nodejs\NodeJs_Project\BE\node_modules\express\lib\router\index.js:346:12)
    at next (G:\Đồ án nodejs\NodeJs_Project\BE\node_modules\express\lib\router\index.js:280:10)
    at logger (G:\Đồ án nodejs\NodeJs_Project\BE\node_modules\morgan\index.js:144:5)
    at Layer.handle [as handle_request] (G:\Đồ án nodejs\NodeJs_Project\BE\node_modules\express\lib\router\layer.js:95:5)
    at trim_prefix (G:\Đồ án nodejs\NodeJs_Project\BE\node_modules\express\lib\router\index.js:328:13)
    at G:\Đồ án nodejs\NodeJs_Project\BE\node_modules\express\lib\router\index.js:286:9
2025-04-09 22:08:46:846 error: Không tìm thấy - /api/menu/loai-mon-an?page=1&limit=10
Error: Không tìm thấy - /api/menu/loai-mon-an?page=1&limit=10
    at notFound (G:\Đồ án nodejs\NodeJs_Project\BE\middlewares\errorHandler.js:11:17)
    at Layer.handle [as handle_request] (G:\Đồ án nodejs\NodeJs_Project\BE\node_modules\express\lib\router\layer.js:95:5)
    at trim_prefix (G:\Đồ án nodejs\NodeJs_Project\BE\node_modules\express\lib\router\index.js:328:13)
    at G:\Đồ án nodejs\NodeJs_Project\BE\node_modules\express\lib\router\index.js:286:9
    at Function.process_params (G:\Đồ án nodejs\NodeJs_Project\BE\node_modules\express\lib\router\index.js:346:12)
    at next (G:\Đồ án nodejs\NodeJs_Project\BE\node_modules\express\lib\router\index.js:280:10)
    at logger (G:\Đồ án nodejs\NodeJs_Project\BE\node_modules\morgan\index.js:144:5)
    at Layer.handle [as handle_request] (G:\Đồ án nodejs\NodeJs_Project\BE\node_modules\express\lib\router\layer.js:95:5)
    at trim_prefix (G:\Đồ án nodejs\NodeJs_Project\BE\node_modules\express\lib\router\index.js:328:13)
    at G:\Đồ án nodejs\NodeJs_Project\BE\node_modules\express\lib\router\index.js:286:9
2025-04-09 22:09:29:929 error: Không tìm thấy - /api/menu/mon-an?page=1&limit=10
Error: Không tìm thấy - /api/menu/mon-an?page=1&limit=10
    at notFound (G:\Đồ án nodejs\NodeJs_Project\BE\middlewares\errorHandler.js:11:17)
    at Layer.handle [as handle_request] (G:\Đồ án nodejs\NodeJs_Project\BE\node_modules\express\lib\router\layer.js:95:5)
    at trim_prefix (G:\Đồ án nodejs\NodeJs_Project\BE\node_modules\express\lib\router\index.js:328:13)
    at G:\Đồ án nodejs\NodeJs_Project\BE\node_modules\express\lib\router\index.js:286:9
    at Function.process_params (G:\Đồ án nodejs\NodeJs_Project\BE\node_modules\express\lib\router\index.js:346:12)
    at next (G:\Đồ án nodejs\NodeJs_Project\BE\node_modules\express\lib\router\index.js:280:10)
    at logger (G:\Đồ án nodejs\NodeJs_Project\BE\node_modules\morgan\index.js:144:5)
    at Layer.handle [as handle_request] (G:\Đồ án nodejs\NodeJs_Project\BE\node_modules\express\lib\router\layer.js:95:5)
    at trim_prefix (G:\Đồ án nodejs\NodeJs_Project\BE\node_modules\express\lib\router\index.js:328:13)
    at G:\Đồ án nodejs\NodeJs_Project\BE\node_modules\express\lib\router\index.js:286:9
2025-04-09 22:09:29:929 error: Không tìm thấy - /api/menu/loai-mon-an?page=1&limit=10
Error: Không tìm thấy - /api/menu/loai-mon-an?page=1&limit=10
    at notFound (G:\Đồ án nodejs\NodeJs_Project\BE\middlewares\errorHandler.js:11:17)
    at Layer.handle [as handle_request] (G:\Đồ án nodejs\NodeJs_Project\BE\node_modules\express\lib\router\layer.js:95:5)
    at trim_prefix (G:\Đồ án nodejs\NodeJs_Project\BE\node_modules\express\lib\router\index.js:328:13)
    at G:\Đồ án nodejs\NodeJs_Project\BE\node_modules\express\lib\router\index.js:286:9
    at Function.process_params (G:\Đồ án nodejs\NodeJs_Project\BE\node_modules\express\lib\router\index.js:346:12)
    at next (G:\Đồ án nodejs\NodeJs_Project\BE\node_modules\express\lib\router\index.js:280:10)
    at logger (G:\Đồ án nodejs\NodeJs_Project\BE\node_modules\morgan\index.js:144:5)
    at Layer.handle [as handle_request] (G:\Đồ án nodejs\NodeJs_Project\BE\node_modules\express\lib\router\layer.js:95:5)
    at trim_prefix (G:\Đồ án nodejs\NodeJs_Project\BE\node_modules\express\lib\router\index.js:328:13)
    at G:\Đồ án nodejs\NodeJs_Project\BE\node_modules\express\lib\router\index.js:286:9
2025-04-09 22:09:29:929 error: Không tìm thấy - /api/menu/mon-an?page=1&limit=10
Error: Không tìm thấy - /api/menu/mon-an?page=1&limit=10
    at notFound (G:\Đồ án nodejs\NodeJs_Project\BE\middlewares\errorHandler.js:11:17)
    at Layer.handle [as handle_request] (G:\Đồ án nodejs\NodeJs_Project\BE\node_modules\express\lib\router\layer.js:95:5)
    at trim_prefix (G:\Đồ án nodejs\NodeJs_Project\BE\node_modules\express\lib\router\index.js:328:13)
    at G:\Đồ án nodejs\NodeJs_Project\BE\node_modules\express\lib\router\index.js:286:9
    at Function.process_params (G:\Đồ án nodejs\NodeJs_Project\BE\node_modules\express\lib\router\index.js:346:12)
    at next (G:\Đồ án nodejs\NodeJs_Project\BE\node_modules\express\lib\router\index.js:280:10)
    at logger (G:\Đồ án nodejs\NodeJs_Project\BE\node_modules\morgan\index.js:144:5)
    at Layer.handle [as handle_request] (G:\Đồ án nodejs\NodeJs_Project\BE\node_modules\express\lib\router\layer.js:95:5)
    at trim_prefix (G:\Đồ án nodejs\NodeJs_Project\BE\node_modules\express\lib\router\index.js:328:13)
    at G:\Đồ án nodejs\NodeJs_Project\BE\node_modules\express\lib\router\index.js:286:9
2025-04-09 22:09:29:929 error: Không tìm thấy - /api/menu/loai-mon-an?page=1&limit=10
Error: Không tìm thấy - /api/menu/loai-mon-an?page=1&limit=10
    at notFound (G:\Đồ án nodejs\NodeJs_Project\BE\middlewares\errorHandler.js:11:17)
    at Layer.handle [as handle_request] (G:\Đồ án nodejs\NodeJs_Project\BE\node_modules\express\lib\router\layer.js:95:5)
    at trim_prefix (G:\Đồ án nodejs\NodeJs_Project\BE\node_modules\express\lib\router\index.js:328:13)
    at G:\Đồ án nodejs\NodeJs_Project\BE\node_modules\express\lib\router\index.js:286:9
    at Function.process_params (G:\Đồ án nodejs\NodeJs_Project\BE\node_modules\express\lib\router\index.js:346:12)
    at next (G:\Đồ án nodejs\NodeJs_Project\BE\node_modules\express\lib\router\index.js:280:10)
    at logger (G:\Đồ án nodejs\NodeJs_Project\BE\node_modules\morgan\index.js:144:5)
    at Layer.handle [as handle_request] (G:\Đồ án nodejs\NodeJs_Project\BE\node_modules\express\lib\router\layer.js:95:5)
    at trim_prefix (G:\Đồ án nodejs\NodeJs_Project\BE\node_modules\express\lib\router\index.js:328:13)
    at G:\Đồ án nodejs\NodeJs_Project\BE\node_modules\express\lib\router\index.js:286:9
2025-04-09 22:11:51:1151 error: Không tìm thấy - /api/menu/mon-an?page=1&limit=10
Error: Không tìm thấy - /api/menu/mon-an?page=1&limit=10
    at notFound (G:\Đồ án nodejs\NodeJs_Project\BE\middlewares\errorHandler.js:11:17)
    at Layer.handle [as handle_request] (G:\Đồ án nodejs\NodeJs_Project\BE\node_modules\express\lib\router\layer.js:95:5)
    at trim_prefix (G:\Đồ án nodejs\NodeJs_Project\BE\node_modules\express\lib\router\index.js:328:13)
    at G:\Đồ án nodejs\NodeJs_Project\BE\node_modules\express\lib\router\index.js:286:9
    at Function.process_params (G:\Đồ án nodejs\NodeJs_Project\BE\node_modules\express\lib\router\index.js:346:12)
    at next (G:\Đồ án nodejs\NodeJs_Project\BE\node_modules\express\lib\router\index.js:280:10)
    at logger (G:\Đồ án nodejs\NodeJs_Project\BE\node_modules\morgan\index.js:144:5)
    at Layer.handle [as handle_request] (G:\Đồ án nodejs\NodeJs_Project\BE\node_modules\express\lib\router\layer.js:95:5)
    at trim_prefix (G:\Đồ án nodejs\NodeJs_Project\BE\node_modules\express\lib\router\index.js:328:13)
    at G:\Đồ án nodejs\NodeJs_Project\BE\node_modules\express\lib\router\index.js:286:9
2025-04-09 22:11:51:1151 error: Không tìm thấy - /api/menu/loai-mon-an?page=1&limit=10
Error: Không tìm thấy - /api/menu/loai-mon-an?page=1&limit=10
    at notFound (G:\Đồ án nodejs\NodeJs_Project\BE\middlewares\errorHandler.js:11:17)
    at Layer.handle [as handle_request] (G:\Đồ án nodejs\NodeJs_Project\BE\node_modules\express\lib\router\layer.js:95:5)
    at trim_prefix (G:\Đồ án nodejs\NodeJs_Project\BE\node_modules\express\lib\router\index.js:328:13)
    at G:\Đồ án nodejs\NodeJs_Project\BE\node_modules\express\lib\router\index.js:286:9
    at Function.process_params (G:\Đồ án nodejs\NodeJs_Project\BE\node_modules\express\lib\router\index.js:346:12)
    at next (G:\Đồ án nodejs\NodeJs_Project\BE\node_modules\express\lib\router\index.js:280:10)
    at logger (G:\Đồ án nodejs\NodeJs_Project\BE\node_modules\morgan\index.js:144:5)
    at Layer.handle [as handle_request] (G:\Đồ án nodejs\NodeJs_Project\BE\node_modules\express\lib\router\layer.js:95:5)
    at trim_prefix (G:\Đồ án nodejs\NodeJs_Project\BE\node_modules\express\lib\router\index.js:328:13)
    at G:\Đồ án nodejs\NodeJs_Project\BE\node_modules\express\lib\router\index.js:286:9
2025-04-09 22:11:51:1151 error: Không tìm thấy - /api/menu/mon-an?page=1&limit=10
Error: Không tìm thấy - /api/menu/mon-an?page=1&limit=10
    at notFound (G:\Đồ án nodejs\NodeJs_Project\BE\middlewares\errorHandler.js:11:17)
    at Layer.handle [as handle_request] (G:\Đồ án nodejs\NodeJs_Project\BE\node_modules\express\lib\router\layer.js:95:5)
    at trim_prefix (G:\Đồ án nodejs\NodeJs_Project\BE\node_modules\express\lib\router\index.js:328:13)
    at G:\Đồ án nodejs\NodeJs_Project\BE\node_modules\express\lib\router\index.js:286:9
    at Function.process_params (G:\Đồ án nodejs\NodeJs_Project\BE\node_modules\express\lib\router\index.js:346:12)
    at next (G:\Đồ án nodejs\NodeJs_Project\BE\node_modules\express\lib\router\index.js:280:10)
    at logger (G:\Đồ án nodejs\NodeJs_Project\BE\node_modules\morgan\index.js:144:5)
    at Layer.handle [as handle_request] (G:\Đồ án nodejs\NodeJs_Project\BE\node_modules\express\lib\router\layer.js:95:5)
    at trim_prefix (G:\Đồ án nodejs\NodeJs_Project\BE\node_modules\express\lib\router\index.js:328:13)
    at G:\Đồ án nodejs\NodeJs_Project\BE\node_modules\express\lib\router\index.js:286:9
2025-04-09 22:11:51:1151 error: Không tìm thấy - /api/menu/loai-mon-an?page=1&limit=10
Error: Không tìm thấy - /api/menu/loai-mon-an?page=1&limit=10
    at notFound (G:\Đồ án nodejs\NodeJs_Project\BE\middlewares\errorHandler.js:11:17)
    at Layer.handle [as handle_request] (G:\Đồ án nodejs\NodeJs_Project\BE\node_modules\express\lib\router\layer.js:95:5)
    at trim_prefix (G:\Đồ án nodejs\NodeJs_Project\BE\node_modules\express\lib\router\index.js:328:13)
    at G:\Đồ án nodejs\NodeJs_Project\BE\node_modules\express\lib\router\index.js:286:9
    at Function.process_params (G:\Đồ án nodejs\NodeJs_Project\BE\node_modules\express\lib\router\index.js:346:12)
    at next (G:\Đồ án nodejs\NodeJs_Project\BE\node_modules\express\lib\router\index.js:280:10)
    at logger (G:\Đồ án nodejs\NodeJs_Project\BE\node_modules\morgan\index.js:144:5)
    at Layer.handle [as handle_request] (G:\Đồ án nodejs\NodeJs_Project\BE\node_modules\express\lib\router\layer.js:95:5)
    at trim_prefix (G:\Đồ án nodejs\NodeJs_Project\BE\node_modules\express\lib\router\index.js:328:13)
    at G:\Đồ án nodejs\NodeJs_Project\BE\node_modules\express\lib\router\index.js:286:9
2025-04-09 22:12:10:1210 error: Không tìm thấy - /api/menu/mon-an?page=1&limit=10
Error: Không tìm thấy - /api/menu/mon-an?page=1&limit=10
    at notFound (G:\Đồ án nodejs\NodeJs_Project\BE\middlewares\errorHandler.js:11:17)
    at Layer.handle [as handle_request] (G:\Đồ án nodejs\NodeJs_Project\BE\node_modules\express\lib\router\layer.js:95:5)
    at trim_prefix (G:\Đồ án nodejs\NodeJs_Project\BE\node_modules\express\lib\router\index.js:328:13)
    at G:\Đồ án nodejs\NodeJs_Project\BE\node_modules\express\lib\router\index.js:286:9
    at Function.process_params (G:\Đồ án nodejs\NodeJs_Project\BE\node_modules\express\lib\router\index.js:346:12)
    at next (G:\Đồ án nodejs\NodeJs_Project\BE\node_modules\express\lib\router\index.js:280:10)
    at logger (G:\Đồ án nodejs\NodeJs_Project\BE\node_modules\morgan\index.js:144:5)
    at Layer.handle [as handle_request] (G:\Đồ án nodejs\NodeJs_Project\BE\node_modules\express\lib\router\layer.js:95:5)
    at trim_prefix (G:\Đồ án nodejs\NodeJs_Project\BE\node_modules\express\lib\router\index.js:328:13)
    at G:\Đồ án nodejs\NodeJs_Project\BE\node_modules\express\lib\router\index.js:286:9
2025-04-09 22:12:10:1210 error: Không tìm thấy - /api/menu/loai-mon-an?page=1&limit=10
Error: Không tìm thấy - /api/menu/loai-mon-an?page=1&limit=10
    at notFound (G:\Đồ án nodejs\NodeJs_Project\BE\middlewares\errorHandler.js:11:17)
    at Layer.handle [as handle_request] (G:\Đồ án nodejs\NodeJs_Project\BE\node_modules\express\lib\router\layer.js:95:5)
    at trim_prefix (G:\Đồ án nodejs\NodeJs_Project\BE\node_modules\express\lib\router\index.js:328:13)
    at G:\Đồ án nodejs\NodeJs_Project\BE\node_modules\express\lib\router\index.js:286:9
    at Function.process_params (G:\Đồ án nodejs\NodeJs_Project\BE\node_modules\express\lib\router\index.js:346:12)
    at next (G:\Đồ án nodejs\NodeJs_Project\BE\node_modules\express\lib\router\index.js:280:10)
    at logger (G:\Đồ án nodejs\NodeJs_Project\BE\node_modules\morgan\index.js:144:5)
    at Layer.handle [as handle_request] (G:\Đồ án nodejs\NodeJs_Project\BE\node_modules\express\lib\router\layer.js:95:5)
    at trim_prefix (G:\Đồ án nodejs\NodeJs_Project\BE\node_modules\express\lib\router\index.js:328:13)
    at G:\Đồ án nodejs\NodeJs_Project\BE\node_modules\express\lib\router\index.js:286:9
2025-04-09 22:12:10:1210 error: Không tìm thấy - /api/menu/mon-an?page=1&limit=10
Error: Không tìm thấy - /api/menu/mon-an?page=1&limit=10
    at notFound (G:\Đồ án nodejs\NodeJs_Project\BE\middlewares\errorHandler.js:11:17)
    at Layer.handle [as handle_request] (G:\Đồ án nodejs\NodeJs_Project\BE\node_modules\express\lib\router\layer.js:95:5)
    at trim_prefix (G:\Đồ án nodejs\NodeJs_Project\BE\node_modules\express\lib\router\index.js:328:13)
    at G:\Đồ án nodejs\NodeJs_Project\BE\node_modules\express\lib\router\index.js:286:9
    at Function.process_params (G:\Đồ án nodejs\NodeJs_Project\BE\node_modules\express\lib\router\index.js:346:12)
    at next (G:\Đồ án nodejs\NodeJs_Project\BE\node_modules\express\lib\router\index.js:280:10)
    at logger (G:\Đồ án nodejs\NodeJs_Project\BE\node_modules\morgan\index.js:144:5)
    at Layer.handle [as handle_request] (G:\Đồ án nodejs\NodeJs_Project\BE\node_modules\express\lib\router\layer.js:95:5)
    at trim_prefix (G:\Đồ án nodejs\NodeJs_Project\BE\node_modules\express\lib\router\index.js:328:13)
    at G:\Đồ án nodejs\NodeJs_Project\BE\node_modules\express\lib\router\index.js:286:9
2025-04-09 22:12:10:1210 error: Không tìm thấy - /api/menu/loai-mon-an?page=1&limit=10
Error: Không tìm thấy - /api/menu/loai-mon-an?page=1&limit=10
    at notFound (G:\Đồ án nodejs\NodeJs_Project\BE\middlewares\errorHandler.js:11:17)
    at Layer.handle [as handle_request] (G:\Đồ án nodejs\NodeJs_Project\BE\node_modules\express\lib\router\layer.js:95:5)
    at trim_prefix (G:\Đồ án nodejs\NodeJs_Project\BE\node_modules\express\lib\router\index.js:328:13)
    at G:\Đồ án nodejs\NodeJs_Project\BE\node_modules\express\lib\router\index.js:286:9
    at Function.process_params (G:\Đồ án nodejs\NodeJs_Project\BE\node_modules\express\lib\router\index.js:346:12)
    at next (G:\Đồ án nodejs\NodeJs_Project\BE\node_modules\express\lib\router\index.js:280:10)
    at logger (G:\Đồ án nodejs\NodeJs_Project\BE\node_modules\morgan\index.js:144:5)
    at Layer.handle [as handle_request] (G:\Đồ án nodejs\NodeJs_Project\BE\node_modules\express\lib\router\layer.js:95:5)
    at trim_prefix (G:\Đồ án nodejs\NodeJs_Project\BE\node_modules\express\lib\router\index.js:328:13)
    at G:\Đồ án nodejs\NodeJs_Project\BE\node_modules\express\lib\router\index.js:286:9
2025-04-09 22:12:43:1243 error: Không tìm thấy - /api/menu/mon-an?page=1&limit=10
Error: Không tìm thấy - /api/menu/mon-an?page=1&limit=10
    at notFound (G:\Đồ án nodejs\NodeJs_Project\BE\middlewares\errorHandler.js:11:17)
    at Layer.handle [as handle_request] (G:\Đồ án nodejs\NodeJs_Project\BE\node_modules\express\lib\router\layer.js:95:5)
    at trim_prefix (G:\Đồ án nodejs\NodeJs_Project\BE\node_modules\express\lib\router\index.js:328:13)
    at G:\Đồ án nodejs\NodeJs_Project\BE\node_modules\express\lib\router\index.js:286:9
    at Function.process_params (G:\Đồ án nodejs\NodeJs_Project\BE\node_modules\express\lib\router\index.js:346:12)
    at next (G:\Đồ án nodejs\NodeJs_Project\BE\node_modules\express\lib\router\index.js:280:10)
    at logger (G:\Đồ án nodejs\NodeJs_Project\BE\node_modules\morgan\index.js:144:5)
    at Layer.handle [as handle_request] (G:\Đồ án nodejs\NodeJs_Project\BE\node_modules\express\lib\router\layer.js:95:5)
    at trim_prefix (G:\Đồ án nodejs\NodeJs_Project\BE\node_modules\express\lib\router\index.js:328:13)
    at G:\Đồ án nodejs\NodeJs_Project\BE\node_modules\express\lib\router\index.js:286:9
2025-04-09 22:12:43:1243 error: Không tìm thấy - /api/menu/loai-mon-an?page=1&limit=10
Error: Không tìm thấy - /api/menu/loai-mon-an?page=1&limit=10
    at notFound (G:\Đồ án nodejs\NodeJs_Project\BE\middlewares\errorHandler.js:11:17)
    at Layer.handle [as handle_request] (G:\Đồ án nodejs\NodeJs_Project\BE\node_modules\express\lib\router\layer.js:95:5)
    at trim_prefix (G:\Đồ án nodejs\NodeJs_Project\BE\node_modules\express\lib\router\index.js:328:13)
    at G:\Đồ án nodejs\NodeJs_Project\BE\node_modules\express\lib\router\index.js:286:9
    at Function.process_params (G:\Đồ án nodejs\NodeJs_Project\BE\node_modules\express\lib\router\index.js:346:12)
    at next (G:\Đồ án nodejs\NodeJs_Project\BE\node_modules\express\lib\router\index.js:280:10)
    at logger (G:\Đồ án nodejs\NodeJs_Project\BE\node_modules\morgan\index.js:144:5)
    at Layer.handle [as handle_request] (G:\Đồ án nodejs\NodeJs_Project\BE\node_modules\express\lib\router\layer.js:95:5)
    at trim_prefix (G:\Đồ án nodejs\NodeJs_Project\BE\node_modules\express\lib\router\index.js:328:13)
    at G:\Đồ án nodejs\NodeJs_Project\BE\node_modules\express\lib\router\index.js:286:9
2025-04-09 22:12:43:1243 error: Không tìm thấy - /api/menu/mon-an?page=1&limit=10
Error: Không tìm thấy - /api/menu/mon-an?page=1&limit=10
    at notFound (G:\Đồ án nodejs\NodeJs_Project\BE\middlewares\errorHandler.js:11:17)
    at Layer.handle [as handle_request] (G:\Đồ án nodejs\NodeJs_Project\BE\node_modules\express\lib\router\layer.js:95:5)
    at trim_prefix (G:\Đồ án nodejs\NodeJs_Project\BE\node_modules\express\lib\router\index.js:328:13)
    at G:\Đồ án nodejs\NodeJs_Project\BE\node_modules\express\lib\router\index.js:286:9
    at Function.process_params (G:\Đồ án nodejs\NodeJs_Project\BE\node_modules\express\lib\router\index.js:346:12)
    at next (G:\Đồ án nodejs\NodeJs_Project\BE\node_modules\express\lib\router\index.js:280:10)
    at logger (G:\Đồ án nodejs\NodeJs_Project\BE\node_modules\morgan\index.js:144:5)
    at Layer.handle [as handle_request] (G:\Đồ án nodejs\NodeJs_Project\BE\node_modules\express\lib\router\layer.js:95:5)
    at trim_prefix (G:\Đồ án nodejs\NodeJs_Project\BE\node_modules\express\lib\router\index.js:328:13)
    at G:\Đồ án nodejs\NodeJs_Project\BE\node_modules\express\lib\router\index.js:286:9
2025-04-09 22:12:43:1243 error: Không tìm thấy - /api/menu/loai-mon-an?page=1&limit=10
Error: Không tìm thấy - /api/menu/loai-mon-an?page=1&limit=10
    at notFound (G:\Đồ án nodejs\NodeJs_Project\BE\middlewares\errorHandler.js:11:17)
    at Layer.handle [as handle_request] (G:\Đồ án nodejs\NodeJs_Project\BE\node_modules\express\lib\router\layer.js:95:5)
    at trim_prefix (G:\Đồ án nodejs\NodeJs_Project\BE\node_modules\express\lib\router\index.js:328:13)
    at G:\Đồ án nodejs\NodeJs_Project\BE\node_modules\express\lib\router\index.js:286:9
    at Function.process_params (G:\Đồ án nodejs\NodeJs_Project\BE\node_modules\express\lib\router\index.js:346:12)
    at next (G:\Đồ án nodejs\NodeJs_Project\BE\node_modules\express\lib\router\index.js:280:10)
    at logger (G:\Đồ án nodejs\NodeJs_Project\BE\node_modules\morgan\index.js:144:5)
    at Layer.handle [as handle_request] (G:\Đồ án nodejs\NodeJs_Project\BE\node_modules\express\lib\router\layer.js:95:5)
    at trim_prefix (G:\Đồ án nodejs\NodeJs_Project\BE\node_modules\express\lib\router\index.js:328:13)
    at G:\Đồ án nodejs\NodeJs_Project\BE\node_modules\express\lib\router\index.js:286:9
2025-04-09 22:17:43:1743 error: Không tìm thấy - /api/menu/mon-an?page=1&limit=10
Error: Không tìm thấy - /api/menu/mon-an?page=1&limit=10
    at notFound (G:\Đồ án nodejs\NodeJs_Project\BE\middlewares\errorHandler.js:11:17)
    at Layer.handle [as handle_request] (G:\Đồ án nodejs\NodeJs_Project\BE\node_modules\express\lib\router\layer.js:95:5)
    at trim_prefix (G:\Đồ án nodejs\NodeJs_Project\BE\node_modules\express\lib\router\index.js:328:13)
    at G:\Đồ án nodejs\NodeJs_Project\BE\node_modules\express\lib\router\index.js:286:9
    at Function.process_params (G:\Đồ án nodejs\NodeJs_Project\BE\node_modules\express\lib\router\index.js:346:12)
    at next (G:\Đồ án nodejs\NodeJs_Project\BE\node_modules\express\lib\router\index.js:280:10)
    at logger (G:\Đồ án nodejs\NodeJs_Project\BE\node_modules\morgan\index.js:144:5)
    at Layer.handle [as handle_request] (G:\Đồ án nodejs\NodeJs_Project\BE\node_modules\express\lib\router\layer.js:95:5)
    at trim_prefix (G:\Đồ án nodejs\NodeJs_Project\BE\node_modules\express\lib\router\index.js:328:13)
    at G:\Đồ án nodejs\NodeJs_Project\BE\node_modules\express\lib\router\index.js:286:9
2025-04-09 22:17:43:1743 error: Không tìm thấy - /api/menu/loai-mon-an?page=1&limit=10
Error: Không tìm thấy - /api/menu/loai-mon-an?page=1&limit=10
    at notFound (G:\Đồ án nodejs\NodeJs_Project\BE\middlewares\errorHandler.js:11:17)
    at Layer.handle [as handle_request] (G:\Đồ án nodejs\NodeJs_Project\BE\node_modules\express\lib\router\layer.js:95:5)
    at trim_prefix (G:\Đồ án nodejs\NodeJs_Project\BE\node_modules\express\lib\router\index.js:328:13)
    at G:\Đồ án nodejs\NodeJs_Project\BE\node_modules\express\lib\router\index.js:286:9
    at Function.process_params (G:\Đồ án nodejs\NodeJs_Project\BE\node_modules\express\lib\router\index.js:346:12)
    at next (G:\Đồ án nodejs\NodeJs_Project\BE\node_modules\express\lib\router\index.js:280:10)
    at logger (G:\Đồ án nodejs\NodeJs_Project\BE\node_modules\morgan\index.js:144:5)
    at Layer.handle [as handle_request] (G:\Đồ án nodejs\NodeJs_Project\BE\node_modules\express\lib\router\layer.js:95:5)
    at trim_prefix (G:\Đồ án nodejs\NodeJs_Project\BE\node_modules\express\lib\router\index.js:328:13)
    at G:\Đồ án nodejs\NodeJs_Project\BE\node_modules\express\lib\router\index.js:286:9
2025-04-09 22:17:43:1743 error: Không tìm thấy - /api/menu/mon-an?page=1&limit=10
Error: Không tìm thấy - /api/menu/mon-an?page=1&limit=10
    at notFound (G:\Đồ án nodejs\NodeJs_Project\BE\middlewares\errorHandler.js:11:17)
    at Layer.handle [as handle_request] (G:\Đồ án nodejs\NodeJs_Project\BE\node_modules\express\lib\router\layer.js:95:5)
    at trim_prefix (G:\Đồ án nodejs\NodeJs_Project\BE\node_modules\express\lib\router\index.js:328:13)
    at G:\Đồ án nodejs\NodeJs_Project\BE\node_modules\express\lib\router\index.js:286:9
    at Function.process_params (G:\Đồ án nodejs\NodeJs_Project\BE\node_modules\express\lib\router\index.js:346:12)
    at next (G:\Đồ án nodejs\NodeJs_Project\BE\node_modules\express\lib\router\index.js:280:10)
    at logger (G:\Đồ án nodejs\NodeJs_Project\BE\node_modules\morgan\index.js:144:5)
    at Layer.handle [as handle_request] (G:\Đồ án nodejs\NodeJs_Project\BE\node_modules\express\lib\router\layer.js:95:5)
    at trim_prefix (G:\Đồ án nodejs\NodeJs_Project\BE\node_modules\express\lib\router\index.js:328:13)
    at G:\Đồ án nodejs\NodeJs_Project\BE\node_modules\express\lib\router\index.js:286:9
2025-04-09 22:17:43:1743 error: Không tìm thấy - /api/menu/loai-mon-an?page=1&limit=10
Error: Không tìm thấy - /api/menu/loai-mon-an?page=1&limit=10
    at notFound (G:\Đồ án nodejs\NodeJs_Project\BE\middlewares\errorHandler.js:11:17)
    at Layer.handle [as handle_request] (G:\Đồ án nodejs\NodeJs_Project\BE\node_modules\express\lib\router\layer.js:95:5)
    at trim_prefix (G:\Đồ án nodejs\NodeJs_Project\BE\node_modules\express\lib\router\index.js:328:13)
    at G:\Đồ án nodejs\NodeJs_Project\BE\node_modules\express\lib\router\index.js:286:9
    at Function.process_params (G:\Đồ án nodejs\NodeJs_Project\BE\node_modules\express\lib\router\index.js:346:12)
    at next (G:\Đồ án nodejs\NodeJs_Project\BE\node_modules\express\lib\router\index.js:280:10)
    at logger (G:\Đồ án nodejs\NodeJs_Project\BE\node_modules\morgan\index.js:144:5)
    at Layer.handle [as handle_request] (G:\Đồ án nodejs\NodeJs_Project\BE\node_modules\express\lib\router\layer.js:95:5)
    at trim_prefix (G:\Đồ án nodejs\NodeJs_Project\BE\node_modules\express\lib\router\index.js:328:13)
    at G:\Đồ án nodejs\NodeJs_Project\BE\node_modules\express\lib\router\index.js:286:9
2025-04-09 22:18:45:1845 error: Không tìm thấy - /api/api/mon-an?page=1&limit=10
Error: Không tìm thấy - /api/api/mon-an?page=1&limit=10
    at notFound (G:\Đồ án nodejs\NodeJs_Project\BE\middlewares\errorHandler.js:11:17)
    at Layer.handle [as handle_request] (G:\Đồ án nodejs\NodeJs_Project\BE\node_modules\express\lib\router\layer.js:95:5)
    at trim_prefix (G:\Đồ án nodejs\NodeJs_Project\BE\node_modules\express\lib\router\index.js:328:13)
    at G:\Đồ án nodejs\NodeJs_Project\BE\node_modules\express\lib\router\index.js:286:9
    at Function.process_params (G:\Đồ án nodejs\NodeJs_Project\BE\node_modules\express\lib\router\index.js:346:12)
    at next (G:\Đồ án nodejs\NodeJs_Project\BE\node_modules\express\lib\router\index.js:280:10)
    at logger (G:\Đồ án nodejs\NodeJs_Project\BE\node_modules\morgan\index.js:144:5)
    at Layer.handle [as handle_request] (G:\Đồ án nodejs\NodeJs_Project\BE\node_modules\express\lib\router\layer.js:95:5)
    at trim_prefix (G:\Đồ án nodejs\NodeJs_Project\BE\node_modules\express\lib\router\index.js:328:13)
    at G:\Đồ án nodejs\NodeJs_Project\BE\node_modules\express\lib\router\index.js:286:9
2025-04-09 22:18:45:1845 error: Không tìm thấy - /api/api/loai-mon-an?page=1&limit=10
Error: Không tìm thấy - /api/api/loai-mon-an?page=1&limit=10
    at notFound (G:\Đồ án nodejs\NodeJs_Project\BE\middlewares\errorHandler.js:11:17)
    at Layer.handle [as handle_request] (G:\Đồ án nodejs\NodeJs_Project\BE\node_modules\express\lib\router\layer.js:95:5)
    at trim_prefix (G:\Đồ án nodejs\NodeJs_Project\BE\node_modules\express\lib\router\index.js:328:13)
    at G:\Đồ án nodejs\NodeJs_Project\BE\node_modules\express\lib\router\index.js:286:9
    at Function.process_params (G:\Đồ án nodejs\NodeJs_Project\BE\node_modules\express\lib\router\index.js:346:12)
    at next (G:\Đồ án nodejs\NodeJs_Project\BE\node_modules\express\lib\router\index.js:280:10)
    at logger (G:\Đồ án nodejs\NodeJs_Project\BE\node_modules\morgan\index.js:144:5)
    at Layer.handle [as handle_request] (G:\Đồ án nodejs\NodeJs_Project\BE\node_modules\express\lib\router\layer.js:95:5)
    at trim_prefix (G:\Đồ án nodejs\NodeJs_Project\BE\node_modules\express\lib\router\index.js:328:13)
    at G:\Đồ án nodejs\NodeJs_Project\BE\node_modules\express\lib\router\index.js:286:9
2025-04-09 22:19:53:1953 error: Không tìm thấy - /auth/current
Error: Không tìm thấy - /auth/current
    at notFound (G:\Đồ án nodejs\NodeJs_Project\BE\middlewares\errorHandler.js:11:17)
    at Layer.handle [as handle_request] (G:\Đồ án nodejs\NodeJs_Project\BE\node_modules\express\lib\router\layer.js:95:5)
    at trim_prefix (G:\Đồ án nodejs\NodeJs_Project\BE\node_modules\express\lib\router\index.js:328:13)
    at G:\Đồ án nodejs\NodeJs_Project\BE\node_modules\express\lib\router\index.js:286:9
    at Function.process_params (G:\Đồ án nodejs\NodeJs_Project\BE\node_modules\express\lib\router\index.js:346:12)
    at next (G:\Đồ án nodejs\NodeJs_Project\BE\node_modules\express\lib\router\index.js:280:10)
    at logger (G:\Đồ án nodejs\NodeJs_Project\BE\node_modules\morgan\index.js:144:5)
    at Layer.handle [as handle_request] (G:\Đồ án nodejs\NodeJs_Project\BE\node_modules\express\lib\router\layer.js:95:5)
    at trim_prefix (G:\Đồ án nodejs\NodeJs_Project\BE\node_modules\express\lib\router\index.js:328:13)
    at G:\Đồ án nodejs\NodeJs_Project\BE\node_modules\express\lib\router\index.js:286:9
2025-04-09 22:20:21:2021 error: Không tìm thấy - /auth/current
Error: Không tìm thấy - /auth/current
    at notFound (G:\Đồ án nodejs\NodeJs_Project\BE\middlewares\errorHandler.js:11:17)
    at Layer.handle [as handle_request] (G:\Đồ án nodejs\NodeJs_Project\BE\node_modules\express\lib\router\layer.js:95:5)
    at trim_prefix (G:\Đồ án nodejs\NodeJs_Project\BE\node_modules\express\lib\router\index.js:328:13)
    at G:\Đồ án nodejs\NodeJs_Project\BE\node_modules\express\lib\router\index.js:286:9
    at Function.process_params (G:\Đồ án nodejs\NodeJs_Project\BE\node_modules\express\lib\router\index.js:346:12)
    at next (G:\Đồ án nodejs\NodeJs_Project\BE\node_modules\express\lib\router\index.js:280:10)
    at logger (G:\Đồ án nodejs\NodeJs_Project\BE\node_modules\morgan\index.js:144:5)
    at Layer.handle [as handle_request] (G:\Đồ án nodejs\NodeJs_Project\BE\node_modules\express\lib\router\layer.js:95:5)
    at trim_prefix (G:\Đồ án nodejs\NodeJs_Project\BE\node_modules\express\lib\router\index.js:328:13)
    at G:\Đồ án nodejs\NodeJs_Project\BE\node_modules\express\lib\router\index.js:286:9
2025-04-09 22:20:55:2055 error: Không tìm thấy - /api/api/mon-an?page=1&limit=10
Error: Không tìm thấy - /api/api/mon-an?page=1&limit=10
    at notFound (G:\Đồ án nodejs\NodeJs_Project\BE\middlewares\errorHandler.js:11:17)
    at Layer.handle [as handle_request] (G:\Đồ án nodejs\NodeJs_Project\BE\node_modules\express\lib\router\layer.js:95:5)
    at trim_prefix (G:\Đồ án nodejs\NodeJs_Project\BE\node_modules\express\lib\router\index.js:328:13)
    at G:\Đồ án nodejs\NodeJs_Project\BE\node_modules\express\lib\router\index.js:286:9
    at Function.process_params (G:\Đồ án nodejs\NodeJs_Project\BE\node_modules\express\lib\router\index.js:346:12)
    at next (G:\Đồ án nodejs\NodeJs_Project\BE\node_modules\express\lib\router\index.js:280:10)
    at logger (G:\Đồ án nodejs\NodeJs_Project\BE\node_modules\morgan\index.js:144:5)
    at Layer.handle [as handle_request] (G:\Đồ án nodejs\NodeJs_Project\BE\node_modules\express\lib\router\layer.js:95:5)
    at trim_prefix (G:\Đồ án nodejs\NodeJs_Project\BE\node_modules\express\lib\router\index.js:328:13)
    at G:\Đồ án nodejs\NodeJs_Project\BE\node_modules\express\lib\router\index.js:286:9
2025-04-09 22:20:55:2055 error: Không tìm thấy - /api/api/loai-mon-an?page=1&limit=10
Error: Không tìm thấy - /api/api/loai-mon-an?page=1&limit=10
    at notFound (G:\Đồ án nodejs\NodeJs_Project\BE\middlewares\errorHandler.js:11:17)
    at Layer.handle [as handle_request] (G:\Đồ án nodejs\NodeJs_Project\BE\node_modules\express\lib\router\layer.js:95:5)
    at trim_prefix (G:\Đồ án nodejs\NodeJs_Project\BE\node_modules\express\lib\router\index.js:328:13)
    at G:\Đồ án nodejs\NodeJs_Project\BE\node_modules\express\lib\router\index.js:286:9
    at Function.process_params (G:\Đồ án nodejs\NodeJs_Project\BE\node_modules\express\lib\router\index.js:346:12)
    at next (G:\Đồ án nodejs\NodeJs_Project\BE\node_modules\express\lib\router\index.js:280:10)
    at logger (G:\Đồ án nodejs\NodeJs_Project\BE\node_modules\morgan\index.js:144:5)
    at Layer.handle [as handle_request] (G:\Đồ án nodejs\NodeJs_Project\BE\node_modules\express\lib\router\layer.js:95:5)
    at trim_prefix (G:\Đồ án nodejs\NodeJs_Project\BE\node_modules\express\lib\router\index.js:328:13)
    at G:\Đồ án nodejs\NodeJs_Project\BE\node_modules\express\lib\router\index.js:286:9
2025-04-09 22:20:55:2055 error: Không tìm thấy - /api/api/mon-an?page=1&limit=10
Error: Không tìm thấy - /api/api/mon-an?page=1&limit=10
    at notFound (G:\Đồ án nodejs\NodeJs_Project\BE\middlewares\errorHandler.js:11:17)
    at Layer.handle [as handle_request] (G:\Đồ án nodejs\NodeJs_Project\BE\node_modules\express\lib\router\layer.js:95:5)
    at trim_prefix (G:\Đồ án nodejs\NodeJs_Project\BE\node_modules\express\lib\router\index.js:328:13)
    at G:\Đồ án nodejs\NodeJs_Project\BE\node_modules\express\lib\router\index.js:286:9
    at Function.process_params (G:\Đồ án nodejs\NodeJs_Project\BE\node_modules\express\lib\router\index.js:346:12)
    at next (G:\Đồ án nodejs\NodeJs_Project\BE\node_modules\express\lib\router\index.js:280:10)
    at logger (G:\Đồ án nodejs\NodeJs_Project\BE\node_modules\morgan\index.js:144:5)
    at Layer.handle [as handle_request] (G:\Đồ án nodejs\NodeJs_Project\BE\node_modules\express\lib\router\layer.js:95:5)
    at trim_prefix (G:\Đồ án nodejs\NodeJs_Project\BE\node_modules\express\lib\router\index.js:328:13)
    at G:\Đồ án nodejs\NodeJs_Project\BE\node_modules\express\lib\router\index.js:286:9
2025-04-09 22:20:55:2055 error: Không tìm thấy - /api/api/loai-mon-an?page=1&limit=10
Error: Không tìm thấy - /api/api/loai-mon-an?page=1&limit=10
    at notFound (G:\Đồ án nodejs\NodeJs_Project\BE\middlewares\errorHandler.js:11:17)
    at Layer.handle [as handle_request] (G:\Đồ án nodejs\NodeJs_Project\BE\node_modules\express\lib\router\layer.js:95:5)
    at trim_prefix (G:\Đồ án nodejs\NodeJs_Project\BE\node_modules\express\lib\router\index.js:328:13)
    at G:\Đồ án nodejs\NodeJs_Project\BE\node_modules\express\lib\router\index.js:286:9
    at Function.process_params (G:\Đồ án nodejs\NodeJs_Project\BE\node_modules\express\lib\router\index.js:346:12)
    at next (G:\Đồ án nodejs\NodeJs_Project\BE\node_modules\express\lib\router\index.js:280:10)
    at logger (G:\Đồ án nodejs\NodeJs_Project\BE\node_modules\morgan\index.js:144:5)
    at Layer.handle [as handle_request] (G:\Đồ án nodejs\NodeJs_Project\BE\node_modules\express\lib\router\layer.js:95:5)
    at trim_prefix (G:\Đồ án nodejs\NodeJs_Project\BE\node_modules\express\lib\router\index.js:328:13)
    at G:\Đồ án nodejs\NodeJs_Project\BE\node_modules\express\lib\router\index.js:286:9
2025-04-09 22:22:36:2236 error: Không tìm thấy - /api/api/mon-an?page=1&limit=10
Error: Không tìm thấy - /api/api/mon-an?page=1&limit=10
    at notFound (G:\Đồ án nodejs\NodeJs_Project\BE\middlewares\errorHandler.js:11:17)
    at Layer.handle [as handle_request] (G:\Đồ án nodejs\NodeJs_Project\BE\node_modules\express\lib\router\layer.js:95:5)
    at trim_prefix (G:\Đồ án nodejs\NodeJs_Project\BE\node_modules\express\lib\router\index.js:328:13)
    at G:\Đồ án nodejs\NodeJs_Project\BE\node_modules\express\lib\router\index.js:286:9
    at Function.process_params (G:\Đồ án nodejs\NodeJs_Project\BE\node_modules\express\lib\router\index.js:346:12)
    at next (G:\Đồ án nodejs\NodeJs_Project\BE\node_modules\express\lib\router\index.js:280:10)
    at logger (G:\Đồ án nodejs\NodeJs_Project\BE\node_modules\morgan\index.js:144:5)
    at Layer.handle [as handle_request] (G:\Đồ án nodejs\NodeJs_Project\BE\node_modules\express\lib\router\layer.js:95:5)
    at trim_prefix (G:\Đồ án nodejs\NodeJs_Project\BE\node_modules\express\lib\router\index.js:328:13)
    at G:\Đồ án nodejs\NodeJs_Project\BE\node_modules\express\lib\router\index.js:286:9
2025-04-09 22:22:36:2236 error: Không tìm thấy - /api/api/loai-mon-an?page=1&limit=10
Error: Không tìm thấy - /api/api/loai-mon-an?page=1&limit=10
    at notFound (G:\Đồ án nodejs\NodeJs_Project\BE\middlewares\errorHandler.js:11:17)
    at Layer.handle [as handle_request] (G:\Đồ án nodejs\NodeJs_Project\BE\node_modules\express\lib\router\layer.js:95:5)
    at trim_prefix (G:\Đồ án nodejs\NodeJs_Project\BE\node_modules\express\lib\router\index.js:328:13)
    at G:\Đồ án nodejs\NodeJs_Project\BE\node_modules\express\lib\router\index.js:286:9
    at Function.process_params (G:\Đồ án nodejs\NodeJs_Project\BE\node_modules\express\lib\router\index.js:346:12)
    at next (G:\Đồ án nodejs\NodeJs_Project\BE\node_modules\express\lib\router\index.js:280:10)
    at logger (G:\Đồ án nodejs\NodeJs_Project\BE\node_modules\morgan\index.js:144:5)
    at Layer.handle [as handle_request] (G:\Đồ án nodejs\NodeJs_Project\BE\node_modules\express\lib\router\layer.js:95:5)
    at trim_prefix (G:\Đồ án nodejs\NodeJs_Project\BE\node_modules\express\lib\router\index.js:328:13)
    at G:\Đồ án nodejs\NodeJs_Project\BE\node_modules\express\lib\router\index.js:286:9
2025-04-09 22:22:36:2236 error: Không tìm thấy - /api/api/mon-an?page=1&limit=10
Error: Không tìm thấy - /api/api/mon-an?page=1&limit=10
    at notFound (G:\Đồ án nodejs\NodeJs_Project\BE\middlewares\errorHandler.js:11:17)
    at Layer.handle [as handle_request] (G:\Đồ án nodejs\NodeJs_Project\BE\node_modules\express\lib\router\layer.js:95:5)
    at trim_prefix (G:\Đồ án nodejs\NodeJs_Project\BE\node_modules\express\lib\router\index.js:328:13)
    at G:\Đồ án nodejs\NodeJs_Project\BE\node_modules\express\lib\router\index.js:286:9
    at Function.process_params (G:\Đồ án nodejs\NodeJs_Project\BE\node_modules\express\lib\router\index.js:346:12)
    at next (G:\Đồ án nodejs\NodeJs_Project\BE\node_modules\express\lib\router\index.js:280:10)
    at logger (G:\Đồ án nodejs\NodeJs_Project\BE\node_modules\morgan\index.js:144:5)
    at Layer.handle [as handle_request] (G:\Đồ án nodejs\NodeJs_Project\BE\node_modules\express\lib\router\layer.js:95:5)
    at trim_prefix (G:\Đồ án nodejs\NodeJs_Project\BE\node_modules\express\lib\router\index.js:328:13)
    at G:\Đồ án nodejs\NodeJs_Project\BE\node_modules\express\lib\router\index.js:286:9
2025-04-09 22:22:36:2236 error: Không tìm thấy - /api/api/loai-mon-an?page=1&limit=10
Error: Không tìm thấy - /api/api/loai-mon-an?page=1&limit=10
    at notFound (G:\Đồ án nodejs\NodeJs_Project\BE\middlewares\errorHandler.js:11:17)
    at Layer.handle [as handle_request] (G:\Đồ án nodejs\NodeJs_Project\BE\node_modules\express\lib\router\layer.js:95:5)
    at trim_prefix (G:\Đồ án nodejs\NodeJs_Project\BE\node_modules\express\lib\router\index.js:328:13)
    at G:\Đồ án nodejs\NodeJs_Project\BE\node_modules\express\lib\router\index.js:286:9
    at Function.process_params (G:\Đồ án nodejs\NodeJs_Project\BE\node_modules\express\lib\router\index.js:346:12)
    at next (G:\Đồ án nodejs\NodeJs_Project\BE\node_modules\express\lib\router\index.js:280:10)
    at logger (G:\Đồ án nodejs\NodeJs_Project\BE\node_modules\morgan\index.js:144:5)
    at Layer.handle [as handle_request] (G:\Đồ án nodejs\NodeJs_Project\BE\node_modules\express\lib\router\layer.js:95:5)
    at trim_prefix (G:\Đồ án nodejs\NodeJs_Project\BE\node_modules\express\lib\router\index.js:328:13)
    at G:\Đồ án nodejs\NodeJs_Project\BE\node_modules\express\lib\router\index.js:286:9
2025-04-09 22:23:22:2322 error: Không tìm thấy - /auth/current
Error: Không tìm thấy - /auth/current
    at notFound (G:\Đồ án nodejs\NodeJs_Project\BE\middlewares\errorHandler.js:11:17)
    at Layer.handle [as handle_request] (G:\Đồ án nodejs\NodeJs_Project\BE\node_modules\express\lib\router\layer.js:95:5)
    at trim_prefix (G:\Đồ án nodejs\NodeJs_Project\BE\node_modules\express\lib\router\index.js:328:13)
    at G:\Đồ án nodejs\NodeJs_Project\BE\node_modules\express\lib\router\index.js:286:9
    at Function.process_params (G:\Đồ án nodejs\NodeJs_Project\BE\node_modules\express\lib\router\index.js:346:12)
    at next (G:\Đồ án nodejs\NodeJs_Project\BE\node_modules\express\lib\router\index.js:280:10)
    at logger (G:\Đồ án nodejs\NodeJs_Project\BE\node_modules\morgan\index.js:144:5)
    at Layer.handle [as handle_request] (G:\Đồ án nodejs\NodeJs_Project\BE\node_modules\express\lib\router\layer.js:95:5)
    at trim_prefix (G:\Đồ án nodejs\NodeJs_Project\BE\node_modules\express\lib\router\index.js:328:13)
    at G:\Đồ án nodejs\NodeJs_Project\BE\node_modules\express\lib\router\index.js:286:9
2025-04-09 22:24:23:2423 error: Không tìm thấy - /auth/current
Error: Không tìm thấy - /auth/current
    at notFound (G:\Đồ án nodejs\NodeJs_Project\BE\middlewares\errorHandler.js:11:17)
    at Layer.handle [as handle_request] (G:\Đồ án nodejs\NodeJs_Project\BE\node_modules\express\lib\router\layer.js:95:5)
    at trim_prefix (G:\Đồ án nodejs\NodeJs_Project\BE\node_modules\express\lib\router\index.js:328:13)
    at G:\Đồ án nodejs\NodeJs_Project\BE\node_modules\express\lib\router\index.js:286:9
    at Function.process_params (G:\Đồ án nodejs\NodeJs_Project\BE\node_modules\express\lib\router\index.js:346:12)
    at next (G:\Đồ án nodejs\NodeJs_Project\BE\node_modules\express\lib\router\index.js:280:10)
    at logger (G:\Đồ án nodejs\NodeJs_Project\BE\node_modules\morgan\index.js:144:5)
    at Layer.handle [as handle_request] (G:\Đồ án nodejs\NodeJs_Project\BE\node_modules\express\lib\router\layer.js:95:5)
    at trim_prefix (G:\Đồ án nodejs\NodeJs_Project\BE\node_modules\express\lib\router\index.js:328:13)
    at G:\Đồ án nodejs\NodeJs_Project\BE\node_modules\express\lib\router\index.js:286:9
2025-04-09 22:24:38:2438 error: Không tìm thấy - /auth/current
Error: Không tìm thấy - /auth/current
    at notFound (G:\Đồ án nodejs\NodeJs_Project\BE\middlewares\errorHandler.js:11:17)
    at Layer.handle [as handle_request] (G:\Đồ án nodejs\NodeJs_Project\BE\node_modules\express\lib\router\layer.js:95:5)
    at trim_prefix (G:\Đồ án nodejs\NodeJs_Project\BE\node_modules\express\lib\router\index.js:328:13)
    at G:\Đồ án nodejs\NodeJs_Project\BE\node_modules\express\lib\router\index.js:286:9
    at Function.process_params (G:\Đồ án nodejs\NodeJs_Project\BE\node_modules\express\lib\router\index.js:346:12)
    at next (G:\Đồ án nodejs\NodeJs_Project\BE\node_modules\express\lib\router\index.js:280:10)
    at logger (G:\Đồ án nodejs\NodeJs_Project\BE\node_modules\morgan\index.js:144:5)
    at Layer.handle [as handle_request] (G:\Đồ án nodejs\NodeJs_Project\BE\node_modules\express\lib\router\layer.js:95:5)
    at trim_prefix (G:\Đồ án nodejs\NodeJs_Project\BE\node_modules\express\lib\router\index.js:328:13)
    at G:\Đồ án nodejs\NodeJs_Project\BE\node_modules\express\lib\router\index.js:286:9
2025-04-09 22:33:55:3355 error: Không tìm thấy - /auth/current
Error: Không tìm thấy - /auth/current
    at notFound (G:\Đồ án nodejs\NodeJs_Project\BE\middlewares\errorHandler.js:11:17)
    at Layer.handle [as handle_request] (G:\Đồ án nodejs\NodeJs_Project\BE\node_modules\express\lib\router\layer.js:95:5)
    at trim_prefix (G:\Đồ án nodejs\NodeJs_Project\BE\node_modules\express\lib\router\index.js:328:13)
    at G:\Đồ án nodejs\NodeJs_Project\BE\node_modules\express\lib\router\index.js:286:9
    at Function.process_params (G:\Đồ án nodejs\NodeJs_Project\BE\node_modules\express\lib\router\index.js:346:12)
    at next (G:\Đồ án nodejs\NodeJs_Project\BE\node_modules\express\lib\router\index.js:280:10)
    at logger (G:\Đồ án nodejs\NodeJs_Project\BE\node_modules\morgan\index.js:144:5)
    at Layer.handle [as handle_request] (G:\Đồ án nodejs\NodeJs_Project\BE\node_modules\express\lib\router\layer.js:95:5)
    at trim_prefix (G:\Đồ án nodejs\NodeJs_Project\BE\node_modules\express\lib\router\index.js:328:13)
    at G:\Đồ án nodejs\NodeJs_Project\BE\node_modules\express\lib\router\index.js:286:9
2025-04-09 22:34:16:3416 error: Proxy error (Auth): 
2025-04-09 22:34:17:3417 error: Proxy error (Auth): 
2025-04-09 22:35:10:3510 error: Không tìm thấy - /api/api/mon-an?page=1&limit=10
Error: Không tìm thấy - /api/api/mon-an?page=1&limit=10
    at notFound (G:\Đồ án nodejs\NodeJs_Project\BE\middlewares\errorHandler.js:11:17)
    at Layer.handle [as handle_request] (G:\Đồ án nodejs\NodeJs_Project\BE\node_modules\express\lib\router\layer.js:95:5)
    at trim_prefix (G:\Đồ án nodejs\NodeJs_Project\BE\node_modules\express\lib\router\index.js:328:13)
    at G:\Đồ án nodejs\NodeJs_Project\BE\node_modules\express\lib\router\index.js:286:9
    at Function.process_params (G:\Đồ án nodejs\NodeJs_Project\BE\node_modules\express\lib\router\index.js:346:12)
    at next (G:\Đồ án nodejs\NodeJs_Project\BE\node_modules\express\lib\router\index.js:280:10)
    at logger (G:\Đồ án nodejs\NodeJs_Project\BE\node_modules\morgan\index.js:144:5)
    at Layer.handle [as handle_request] (G:\Đồ án nodejs\NodeJs_Project\BE\node_modules\express\lib\router\layer.js:95:5)
    at trim_prefix (G:\Đồ án nodejs\NodeJs_Project\BE\node_modules\express\lib\router\index.js:328:13)
    at G:\Đồ án nodejs\NodeJs_Project\BE\node_modules\express\lib\router\index.js:286:9
2025-04-09 22:35:10:3510 error: Không tìm thấy - /api/api/loai-mon-an?page=1&limit=10
Error: Không tìm thấy - /api/api/loai-mon-an?page=1&limit=10
    at notFound (G:\Đồ án nodejs\NodeJs_Project\BE\middlewares\errorHandler.js:11:17)
    at Layer.handle [as handle_request] (G:\Đồ án nodejs\NodeJs_Project\BE\node_modules\express\lib\router\layer.js:95:5)
    at trim_prefix (G:\Đồ án nodejs\NodeJs_Project\BE\node_modules\express\lib\router\index.js:328:13)
    at G:\Đồ án nodejs\NodeJs_Project\BE\node_modules\express\lib\router\index.js:286:9
    at Function.process_params (G:\Đồ án nodejs\NodeJs_Project\BE\node_modules\express\lib\router\index.js:346:12)
    at next (G:\Đồ án nodejs\NodeJs_Project\BE\node_modules\express\lib\router\index.js:280:10)
    at logger (G:\Đồ án nodejs\NodeJs_Project\BE\node_modules\morgan\index.js:144:5)
    at Layer.handle [as handle_request] (G:\Đồ án nodejs\NodeJs_Project\BE\node_modules\express\lib\router\layer.js:95:5)
    at trim_prefix (G:\Đồ án nodejs\NodeJs_Project\BE\node_modules\express\lib\router\index.js:328:13)
    at G:\Đồ án nodejs\NodeJs_Project\BE\node_modules\express\lib\router\index.js:286:9
2025-04-09 22:35:10:3510 error: Không tìm thấy - /api/api/mon-an?page=1&limit=10
Error: Không tìm thấy - /api/api/mon-an?page=1&limit=10
    at notFound (G:\Đồ án nodejs\NodeJs_Project\BE\middlewares\errorHandler.js:11:17)
    at Layer.handle [as handle_request] (G:\Đồ án nodejs\NodeJs_Project\BE\node_modules\express\lib\router\layer.js:95:5)
    at trim_prefix (G:\Đồ án nodejs\NodeJs_Project\BE\node_modules\express\lib\router\index.js:328:13)
    at G:\Đồ án nodejs\NodeJs_Project\BE\node_modules\express\lib\router\index.js:286:9
    at Function.process_params (G:\Đồ án nodejs\NodeJs_Project\BE\node_modules\express\lib\router\index.js:346:12)
    at next (G:\Đồ án nodejs\NodeJs_Project\BE\node_modules\express\lib\router\index.js:280:10)
    at logger (G:\Đồ án nodejs\NodeJs_Project\BE\node_modules\morgan\index.js:144:5)
    at Layer.handle [as handle_request] (G:\Đồ án nodejs\NodeJs_Project\BE\node_modules\express\lib\router\layer.js:95:5)
    at trim_prefix (G:\Đồ án nodejs\NodeJs_Project\BE\node_modules\express\lib\router\index.js:328:13)
    at G:\Đồ án nodejs\NodeJs_Project\BE\node_modules\express\lib\router\index.js:286:9
2025-04-09 22:35:10:3510 error: Không tìm thấy - /api/api/loai-mon-an?page=1&limit=10
Error: Không tìm thấy - /api/api/loai-mon-an?page=1&limit=10
    at notFound (G:\Đồ án nodejs\NodeJs_Project\BE\middlewares\errorHandler.js:11:17)
    at Layer.handle [as handle_request] (G:\Đồ án nodejs\NodeJs_Project\BE\node_modules\express\lib\router\layer.js:95:5)
    at trim_prefix (G:\Đồ án nodejs\NodeJs_Project\BE\node_modules\express\lib\router\index.js:328:13)
    at G:\Đồ án nodejs\NodeJs_Project\BE\node_modules\express\lib\router\index.js:286:9
    at Function.process_params (G:\Đồ án nodejs\NodeJs_Project\BE\node_modules\express\lib\router\index.js:346:12)
    at next (G:\Đồ án nodejs\NodeJs_Project\BE\node_modules\express\lib\router\index.js:280:10)
    at logger (G:\Đồ án nodejs\NodeJs_Project\BE\node_modules\morgan\index.js:144:5)
    at Layer.handle [as handle_request] (G:\Đồ án nodejs\NodeJs_Project\BE\node_modules\express\lib\router\layer.js:95:5)
    at trim_prefix (G:\Đồ án nodejs\NodeJs_Project\BE\node_modules\express\lib\router\index.js:328:13)
    at G:\Đồ án nodejs\NodeJs_Project\BE\node_modules\express\lib\router\index.js:286:9
2025-04-09 22:48:08:488 error: Không tìm thấy - /api/api/mon-an?page=1&limit=10
Error: Không tìm thấy - /api/api/mon-an?page=1&limit=10
    at notFound (G:\Đồ án nodejs\NodeJs_Project\BE\middlewares\errorHandler.js:11:17)
    at Layer.handle [as handle_request] (G:\Đồ án nodejs\NodeJs_Project\BE\node_modules\express\lib\router\layer.js:95:5)
    at trim_prefix (G:\Đồ án nodejs\NodeJs_Project\BE\node_modules\express\lib\router\index.js:328:13)
    at G:\Đồ án nodejs\NodeJs_Project\BE\node_modules\express\lib\router\index.js:286:9
    at Function.process_params (G:\Đồ án nodejs\NodeJs_Project\BE\node_modules\express\lib\router\index.js:346:12)
    at next (G:\Đồ án nodejs\NodeJs_Project\BE\node_modules\express\lib\router\index.js:280:10)
    at logger (G:\Đồ án nodejs\NodeJs_Project\BE\node_modules\morgan\index.js:144:5)
    at Layer.handle [as handle_request] (G:\Đồ án nodejs\NodeJs_Project\BE\node_modules\express\lib\router\layer.js:95:5)
    at trim_prefix (G:\Đồ án nodejs\NodeJs_Project\BE\node_modules\express\lib\router\index.js:328:13)
    at G:\Đồ án nodejs\NodeJs_Project\BE\node_modules\express\lib\router\index.js:286:9
2025-04-09 22:48:08:488 error: Không tìm thấy - /api/api/loai-mon-an?page=1&limit=10
Error: Không tìm thấy - /api/api/loai-mon-an?page=1&limit=10
    at notFound (G:\Đồ án nodejs\NodeJs_Project\BE\middlewares\errorHandler.js:11:17)
    at Layer.handle [as handle_request] (G:\Đồ án nodejs\NodeJs_Project\BE\node_modules\express\lib\router\layer.js:95:5)
    at trim_prefix (G:\Đồ án nodejs\NodeJs_Project\BE\node_modules\express\lib\router\index.js:328:13)
    at G:\Đồ án nodejs\NodeJs_Project\BE\node_modules\express\lib\router\index.js:286:9
    at Function.process_params (G:\Đồ án nodejs\NodeJs_Project\BE\node_modules\express\lib\router\index.js:346:12)
    at next (G:\Đồ án nodejs\NodeJs_Project\BE\node_modules\express\lib\router\index.js:280:10)
    at logger (G:\Đồ án nodejs\NodeJs_Project\BE\node_modules\morgan\index.js:144:5)
    at Layer.handle [as handle_request] (G:\Đồ án nodejs\NodeJs_Project\BE\node_modules\express\lib\router\layer.js:95:5)
    at trim_prefix (G:\Đồ án nodejs\NodeJs_Project\BE\node_modules\express\lib\router\index.js:328:13)
    at G:\Đồ án nodejs\NodeJs_Project\BE\node_modules\express\lib\router\index.js:286:9
2025-04-09 22:48:08:488 error: Không tìm thấy - /api/api/mon-an?page=1&limit=10
Error: Không tìm thấy - /api/api/mon-an?page=1&limit=10
    at notFound (G:\Đồ án nodejs\NodeJs_Project\BE\middlewares\errorHandler.js:11:17)
    at Layer.handle [as handle_request] (G:\Đồ án nodejs\NodeJs_Project\BE\node_modules\express\lib\router\layer.js:95:5)
    at trim_prefix (G:\Đồ án nodejs\NodeJs_Project\BE\node_modules\express\lib\router\index.js:328:13)
    at G:\Đồ án nodejs\NodeJs_Project\BE\node_modules\express\lib\router\index.js:286:9
    at Function.process_params (G:\Đồ án nodejs\NodeJs_Project\BE\node_modules\express\lib\router\index.js:346:12)
    at next (G:\Đồ án nodejs\NodeJs_Project\BE\node_modules\express\lib\router\index.js:280:10)
    at logger (G:\Đồ án nodejs\NodeJs_Project\BE\node_modules\morgan\index.js:144:5)
    at Layer.handle [as handle_request] (G:\Đồ án nodejs\NodeJs_Project\BE\node_modules\express\lib\router\layer.js:95:5)
    at trim_prefix (G:\Đồ án nodejs\NodeJs_Project\BE\node_modules\express\lib\router\index.js:328:13)
    at G:\Đồ án nodejs\NodeJs_Project\BE\node_modules\express\lib\router\index.js:286:9
2025-04-09 22:48:08:488 error: Không tìm thấy - /api/api/loai-mon-an?page=1&limit=10
Error: Không tìm thấy - /api/api/loai-mon-an?page=1&limit=10
    at notFound (G:\Đồ án nodejs\NodeJs_Project\BE\middlewares\errorHandler.js:11:17)
    at Layer.handle [as handle_request] (G:\Đồ án nodejs\NodeJs_Project\BE\node_modules\express\lib\router\layer.js:95:5)
    at trim_prefix (G:\Đồ án nodejs\NodeJs_Project\BE\node_modules\express\lib\router\index.js:328:13)
    at G:\Đồ án nodejs\NodeJs_Project\BE\node_modules\express\lib\router\index.js:286:9
    at Function.process_params (G:\Đồ án nodejs\NodeJs_Project\BE\node_modules\express\lib\router\index.js:346:12)
    at next (G:\Đồ án nodejs\NodeJs_Project\BE\node_modules\express\lib\router\index.js:280:10)
    at logger (G:\Đồ án nodejs\NodeJs_Project\BE\node_modules\morgan\index.js:144:5)
    at Layer.handle [as handle_request] (G:\Đồ án nodejs\NodeJs_Project\BE\node_modules\express\lib\router\layer.js:95:5)
    at trim_prefix (G:\Đồ án nodejs\NodeJs_Project\BE\node_modules\express\lib\router\index.js:328:13)
    at G:\Đồ án nodejs\NodeJs_Project\BE\node_modules\express\lib\router\index.js:286:9
2025-04-09 23:32:19:3219 error: Lỗi xóa món ăn: Cast to ObjectId failed for value "delete-all" (type string) at path "_id" for model "MonAn"
2025-04-09 23:44:05:445 error: request aborted
BadRequestError: request aborted
    at IncomingMessage.onAborted (G:\Đồ án nodejs\NodeJs_Project\BE\node_modules\raw-body\index.js:245:10)
    at IncomingMessage.emit (node:events:519:28)
    at IncomingMessage._destroy (node:_http_incoming:221:10)
    at _destroy (node:internal/streams/destroy:121:10)
    at IncomingMessage.destroy (node:internal/streams/destroy:83:5)
    at abortIncoming (node:_http_server:796:9)
    at socketOnClose (node:_http_server:790:3)
    at Socket.emit (node:events:531:35)
    at TCP.<anonymous> (node:net:339:12)
2025-04-10 00:30:11:3011 error: request aborted
BadRequestError: request aborted
    at IncomingMessage.onAborted (G:\Đồ án nodejs\NodeJs_Project\BE\node_modules\raw-body\index.js:245:10)
    at IncomingMessage.emit (node:events:519:28)
    at IncomingMessage._destroy (node:_http_incoming:221:10)
    at _destroy (node:internal/streams/destroy:121:10)
    at IncomingMessage.destroy (node:internal/streams/destroy:83:5)
    at abortIncoming (node:_http_server:796:9)
    at socketOnClose (node:_http_server:790:3)
    at Socket.emit (node:events:531:35)
    at TCP.<anonymous> (node:net:339:12)
2025-04-10 00:48:54:4854 error: Không tìm thấy - /api/upload
Error: Không tìm thấy - /api/upload
    at notFound (G:\Đồ án nodejs\NodeJs_Project\BE\middlewares\errorHandler.js:11:17)
    at Layer.handle [as handle_request] (G:\Đồ án nodejs\NodeJs_Project\BE\node_modules\express\lib\router\layer.js:95:5)
    at trim_prefix (G:\Đồ án nodejs\NodeJs_Project\BE\node_modules\express\lib\router\index.js:328:13)
    at G:\Đồ án nodejs\NodeJs_Project\BE\node_modules\express\lib\router\index.js:286:9
    at Function.process_params (G:\Đồ án nodejs\NodeJs_Project\BE\node_modules\express\lib\router\index.js:346:12)
    at next (G:\Đồ án nodejs\NodeJs_Project\BE\node_modules\express\lib\router\index.js:280:10)
    at logger (G:\Đồ án nodejs\NodeJs_Project\BE\node_modules\morgan\index.js:144:5)
    at Layer.handle [as handle_request] (G:\Đồ án nodejs\NodeJs_Project\BE\node_modules\express\lib\router\layer.js:95:5)
    at trim_prefix (G:\Đồ án nodejs\NodeJs_Project\BE\node_modules\express\lib\router\index.js:328:13)
    at G:\Đồ án nodejs\NodeJs_Project\BE\node_modules\express\lib\router\index.js:286:9
2025-04-10 00:49:06:496 error: Không tìm thấy - /api/upload
Error: Không tìm thấy - /api/upload
    at notFound (G:\Đồ án nodejs\NodeJs_Project\BE\middlewares\errorHandler.js:11:17)
    at Layer.handle [as handle_request] (G:\Đồ án nodejs\NodeJs_Project\BE\node_modules\express\lib\router\layer.js:95:5)
    at trim_prefix (G:\Đồ án nodejs\NodeJs_Project\BE\node_modules\express\lib\router\index.js:328:13)
    at G:\Đồ án nodejs\NodeJs_Project\BE\node_modules\express\lib\router\index.js:286:9
    at Function.process_params (G:\Đồ án nodejs\NodeJs_Project\BE\node_modules\express\lib\router\index.js:346:12)
    at next (G:\Đồ án nodejs\NodeJs_Project\BE\node_modules\express\lib\router\index.js:280:10)
    at logger (G:\Đồ án nodejs\NodeJs_Project\BE\node_modules\morgan\index.js:144:5)
    at Layer.handle [as handle_request] (G:\Đồ án nodejs\NodeJs_Project\BE\node_modules\express\lib\router\layer.js:95:5)
    at trim_prefix (G:\Đồ án nodejs\NodeJs_Project\BE\node_modules\express\lib\router\index.js:328:13)
    at G:\Đồ án nodejs\NodeJs_Project\BE\node_modules\express\lib\router\index.js:286:9
2025-04-10 00:54:24:5424 error: Không tìm thấy - /api/upload
Error: Không tìm thấy - /api/upload
    at notFound (G:\Đồ án nodejs\NodeJs_Project\BE\middlewares\errorHandler.js:11:17)
    at Layer.handle [as handle_request] (G:\Đồ án nodejs\NodeJs_Project\BE\node_modules\express\lib\router\layer.js:95:5)
    at trim_prefix (G:\Đồ án nodejs\NodeJs_Project\BE\node_modules\express\lib\router\index.js:328:13)
    at G:\Đồ án nodejs\NodeJs_Project\BE\node_modules\express\lib\router\index.js:286:9
    at Function.process_params (G:\Đồ án nodejs\NodeJs_Project\BE\node_modules\express\lib\router\index.js:346:12)
    at next (G:\Đồ án nodejs\NodeJs_Project\BE\node_modules\express\lib\router\index.js:280:10)
    at logger (G:\Đồ án nodejs\NodeJs_Project\BE\node_modules\morgan\index.js:144:5)
    at Layer.handle [as handle_request] (G:\Đồ án nodejs\NodeJs_Project\BE\node_modules\express\lib\router\layer.js:95:5)
    at trim_prefix (G:\Đồ án nodejs\NodeJs_Project\BE\node_modules\express\lib\router\index.js:328:13)
    at G:\Đồ án nodejs\NodeJs_Project\BE\node_modules\express\lib\router\index.js:286:9
2025-04-10 00:54:31:5431 error: Không tìm thấy - /api/upload
Error: Không tìm thấy - /api/upload
    at notFound (G:\Đồ án nodejs\NodeJs_Project\BE\middlewares\errorHandler.js:11:17)
    at Layer.handle [as handle_request] (G:\Đồ án nodejs\NodeJs_Project\BE\node_modules\express\lib\router\layer.js:95:5)
    at trim_prefix (G:\Đồ án nodejs\NodeJs_Project\BE\node_modules\express\lib\router\index.js:328:13)
    at G:\Đồ án nodejs\NodeJs_Project\BE\node_modules\express\lib\router\index.js:286:9
    at Function.process_params (G:\Đồ án nodejs\NodeJs_Project\BE\node_modules\express\lib\router\index.js:346:12)
    at next (G:\Đồ án nodejs\NodeJs_Project\BE\node_modules\express\lib\router\index.js:280:10)
    at logger (G:\Đồ án nodejs\NodeJs_Project\BE\node_modules\morgan\index.js:144:5)
    at Layer.handle [as handle_request] (G:\Đồ án nodejs\NodeJs_Project\BE\node_modules\express\lib\router\layer.js:95:5)
    at trim_prefix (G:\Đồ án nodejs\NodeJs_Project\BE\node_modules\express\lib\router\index.js:328:13)
    at G:\Đồ án nodejs\NodeJs_Project\BE\node_modules\express\lib\router\index.js:286:9
2025-04-10 01:12:32:1232 error: Không tìm thấy - /api/upload
Error: Không tìm thấy - /api/upload
    at notFound (G:\Đồ án nodejs\NodeJs_Project\BE\middlewares\errorHandler.js:11:17)
    at Layer.handle [as handle_request] (G:\Đồ án nodejs\NodeJs_Project\BE\node_modules\express\lib\router\layer.js:95:5)
    at trim_prefix (G:\Đồ án nodejs\NodeJs_Project\BE\node_modules\express\lib\router\index.js:328:13)
    at G:\Đồ án nodejs\NodeJs_Project\BE\node_modules\express\lib\router\index.js:286:9
    at Function.process_params (G:\Đồ án nodejs\NodeJs_Project\BE\node_modules\express\lib\router\index.js:346:12)
    at next (G:\Đồ án nodejs\NodeJs_Project\BE\node_modules\express\lib\router\index.js:280:10)
    at logger (G:\Đồ án nodejs\NodeJs_Project\BE\node_modules\morgan\index.js:144:5)
    at Layer.handle [as handle_request] (G:\Đồ án nodejs\NodeJs_Project\BE\node_modules\express\lib\router\layer.js:95:5)
    at trim_prefix (G:\Đồ án nodejs\NodeJs_Project\BE\node_modules\express\lib\router\index.js:328:13)
    at G:\Đồ án nodejs\NodeJs_Project\BE\node_modules\express\lib\router\index.js:286:9
2025-04-10 01:20:07:207 error: Không tìm thấy - /api/upload
Error: Không tìm thấy - /api/upload
    at notFound (G:\Đồ án nodejs\NodeJs_Project\BE\middlewares\errorHandler.js:11:17)
    at Layer.handle [as handle_request] (G:\Đồ án nodejs\NodeJs_Project\BE\node_modules\express\lib\router\layer.js:95:5)
    at trim_prefix (G:\Đồ án nodejs\NodeJs_Project\BE\node_modules\express\lib\router\index.js:328:13)
    at G:\Đồ án nodejs\NodeJs_Project\BE\node_modules\express\lib\router\index.js:286:9
    at Function.process_params (G:\Đồ án nodejs\NodeJs_Project\BE\node_modules\express\lib\router\index.js:346:12)
    at next (G:\Đồ án nodejs\NodeJs_Project\BE\node_modules\express\lib\router\index.js:280:10)
    at logger (G:\Đồ án nodejs\NodeJs_Project\BE\node_modules\morgan\index.js:144:5)
    at Layer.handle [as handle_request] (G:\Đồ án nodejs\NodeJs_Project\BE\node_modules\express\lib\router\layer.js:95:5)
    at trim_prefix (G:\Đồ án nodejs\NodeJs_Project\BE\node_modules\express\lib\router\index.js:328:13)
    at G:\Đồ án nodejs\NodeJs_Project\BE\node_modules\express\lib\router\index.js:286:9
2025-04-10 01:20:40:2040 error: Không tìm thấy - /api/upload
Error: Không tìm thấy - /api/upload
    at notFound (G:\Đồ án nodejs\NodeJs_Project\BE\middlewares\errorHandler.js:11:17)
    at Layer.handle [as handle_request] (G:\Đồ án nodejs\NodeJs_Project\BE\node_modules\express\lib\router\layer.js:95:5)
    at trim_prefix (G:\Đồ án nodejs\NodeJs_Project\BE\node_modules\express\lib\router\index.js:328:13)
    at G:\Đồ án nodejs\NodeJs_Project\BE\node_modules\express\lib\router\index.js:286:9
    at Function.process_params (G:\Đồ án nodejs\NodeJs_Project\BE\node_modules\express\lib\router\index.js:346:12)
    at next (G:\Đồ án nodejs\NodeJs_Project\BE\node_modules\express\lib\router\index.js:280:10)
    at logger (G:\Đồ án nodejs\NodeJs_Project\BE\node_modules\morgan\index.js:144:5)
    at Layer.handle [as handle_request] (G:\Đồ án nodejs\NodeJs_Project\BE\node_modules\express\lib\router\layer.js:95:5)
    at trim_prefix (G:\Đồ án nodejs\NodeJs_Project\BE\node_modules\express\lib\router\index.js:328:13)
    at G:\Đồ án nodejs\NodeJs_Project\BE\node_modules\express\lib\router\index.js:286:9
2025-04-10 01:33:53:3353 error: Không tìm thấy - /api/upload
Error: Không tìm thấy - /api/upload
    at notFound (G:\Đồ án nodejs\NodeJs_Project\BE\middlewares\errorHandler.js:11:17)
    at Layer.handle [as handle_request] (G:\Đồ án nodejs\NodeJs_Project\BE\node_modules\express\lib\router\layer.js:95:5)
    at trim_prefix (G:\Đồ án nodejs\NodeJs_Project\BE\node_modules\express\lib\router\index.js:328:13)
    at G:\Đồ án nodejs\NodeJs_Project\BE\node_modules\express\lib\router\index.js:286:9
    at Function.process_params (G:\Đồ án nodejs\NodeJs_Project\BE\node_modules\express\lib\router\index.js:346:12)
    at next (G:\Đồ án nodejs\NodeJs_Project\BE\node_modules\express\lib\router\index.js:280:10)
    at logger (G:\Đồ án nodejs\NodeJs_Project\BE\node_modules\morgan\index.js:144:5)
    at Layer.handle [as handle_request] (G:\Đồ án nodejs\NodeJs_Project\BE\node_modules\express\lib\router\layer.js:95:5)
    at trim_prefix (G:\Đồ án nodejs\NodeJs_Project\BE\node_modules\express\lib\router\index.js:328:13)
    at G:\Đồ án nodejs\NodeJs_Project\BE\node_modules\express\lib\router\index.js:286:9
2025-04-10 01:35:53:3553 error: Không tìm thấy - /api/upload
Error: Không tìm thấy - /api/upload
    at notFound (G:\Đồ án nodejs\NodeJs_Project\BE\middlewares\errorHandler.js:11:17)
    at Layer.handle [as handle_request] (G:\Đồ án nodejs\NodeJs_Project\BE\node_modules\express\lib\router\layer.js:95:5)
    at trim_prefix (G:\Đồ án nodejs\NodeJs_Project\BE\node_modules\express\lib\router\index.js:328:13)
    at G:\Đồ án nodejs\NodeJs_Project\BE\node_modules\express\lib\router\index.js:286:9
    at Function.process_params (G:\Đồ án nodejs\NodeJs_Project\BE\node_modules\express\lib\router\index.js:346:12)
    at next (G:\Đồ án nodejs\NodeJs_Project\BE\node_modules\express\lib\router\index.js:280:10)
    at logger (G:\Đồ án nodejs\NodeJs_Project\BE\node_modules\morgan\index.js:144:5)
    at Layer.handle [as handle_request] (G:\Đồ án nodejs\NodeJs_Project\BE\node_modules\express\lib\router\layer.js:95:5)
    at trim_prefix (G:\Đồ án nodejs\NodeJs_Project\BE\node_modules\express\lib\router\index.js:328:13)
    at G:\Đồ án nodejs\NodeJs_Project\BE\node_modules\express\lib\router\index.js:286:9
2025-04-10 01:43:39:4339 error: Không tìm thấy - /api/upload
Error: Không tìm thấy - /api/upload
    at notFound (G:\Đồ án nodejs\NodeJs_Project\BE\middlewares\errorHandler.js:11:17)
    at Layer.handle [as handle_request] (G:\Đồ án nodejs\NodeJs_Project\BE\node_modules\express\lib\router\layer.js:95:5)
    at trim_prefix (G:\Đồ án nodejs\NodeJs_Project\BE\node_modules\express\lib\router\index.js:328:13)
    at G:\Đồ án nodejs\NodeJs_Project\BE\node_modules\express\lib\router\index.js:286:9
    at Function.process_params (G:\Đồ án nodejs\NodeJs_Project\BE\node_modules\express\lib\router\index.js:346:12)
    at next (G:\Đồ án nodejs\NodeJs_Project\BE\node_modules\express\lib\router\index.js:280:10)
    at logger (G:\Đồ án nodejs\NodeJs_Project\BE\node_modules\morgan\index.js:144:5)
    at Layer.handle [as handle_request] (G:\Đồ án nodejs\NodeJs_Project\BE\node_modules\express\lib\router\layer.js:95:5)
    at trim_prefix (G:\Đồ án nodejs\NodeJs_Project\BE\node_modules\express\lib\router\index.js:328:13)
    at G:\Đồ án nodejs\NodeJs_Project\BE\node_modules\express\lib\router\index.js:286:9
2025-04-10 01:48:08:488 error: Không tìm thấy - /api/upload
Error: Không tìm thấy - /api/upload
    at notFound (G:\Đồ án nodejs\NodeJs_Project\BE\middlewares\errorHandler.js:11:17)
    at Layer.handle [as handle_request] (G:\Đồ án nodejs\NodeJs_Project\BE\node_modules\express\lib\router\layer.js:95:5)
    at trim_prefix (G:\Đồ án nodejs\NodeJs_Project\BE\node_modules\express\lib\router\index.js:328:13)
    at G:\Đồ án nodejs\NodeJs_Project\BE\node_modules\express\lib\router\index.js:286:9
    at Function.process_params (G:\Đồ án nodejs\NodeJs_Project\BE\node_modules\express\lib\router\index.js:346:12)
    at next (G:\Đồ án nodejs\NodeJs_Project\BE\node_modules\express\lib\router\index.js:280:10)
    at logger (G:\Đồ án nodejs\NodeJs_Project\BE\node_modules\morgan\index.js:144:5)
    at Layer.handle [as handle_request] (G:\Đồ án nodejs\NodeJs_Project\BE\node_modules\express\lib\router\layer.js:95:5)
    at trim_prefix (G:\Đồ án nodejs\NodeJs_Project\BE\node_modules\express\lib\router\index.js:328:13)
    at G:\Đồ án nodejs\NodeJs_Project\BE\node_modules\express\lib\router\index.js:286:9
2025-04-10 01:48:31:4831 error: Không tìm thấy - /api/upload
Error: Không tìm thấy - /api/upload
    at notFound (G:\Đồ án nodejs\NodeJs_Project\BE\middlewares\errorHandler.js:11:17)
    at Layer.handle [as handle_request] (G:\Đồ án nodejs\NodeJs_Project\BE\node_modules\express\lib\router\layer.js:95:5)
    at trim_prefix (G:\Đồ án nodejs\NodeJs_Project\BE\node_modules\express\lib\router\index.js:328:13)
    at G:\Đồ án nodejs\NodeJs_Project\BE\node_modules\express\lib\router\index.js:286:9
    at Function.process_params (G:\Đồ án nodejs\NodeJs_Project\BE\node_modules\express\lib\router\index.js:346:12)
    at next (G:\Đồ án nodejs\NodeJs_Project\BE\node_modules\express\lib\router\index.js:280:10)
    at logger (G:\Đồ án nodejs\NodeJs_Project\BE\node_modules\morgan\index.js:144:5)
    at Layer.handle [as handle_request] (G:\Đồ án nodejs\NodeJs_Project\BE\node_modules\express\lib\router\layer.js:95:5)
    at trim_prefix (G:\Đồ án nodejs\NodeJs_Project\BE\node_modules\express\lib\router\index.js:328:13)
    at G:\Đồ án nodejs\NodeJs_Project\BE\node_modules\express\lib\router\index.js:286:9
2025-04-10 01:52:43:5243 error: Không tìm thấy - /api/upload
Error: Không tìm thấy - /api/upload
    at notFound (G:\Đồ án nodejs\NodeJs_Project\BE\middlewares\errorHandler.js:11:17)
    at Layer.handle [as handle_request] (G:\Đồ án nodejs\NodeJs_Project\BE\node_modules\express\lib\router\layer.js:95:5)
    at trim_prefix (G:\Đồ án nodejs\NodeJs_Project\BE\node_modules\express\lib\router\index.js:328:13)
    at G:\Đồ án nodejs\NodeJs_Project\BE\node_modules\express\lib\router\index.js:286:9
    at Function.process_params (G:\Đồ án nodejs\NodeJs_Project\BE\node_modules\express\lib\router\index.js:346:12)
    at next (G:\Đồ án nodejs\NodeJs_Project\BE\node_modules\express\lib\router\index.js:280:10)
    at logger (G:\Đồ án nodejs\NodeJs_Project\BE\node_modules\morgan\index.js:144:5)
    at Layer.handle [as handle_request] (G:\Đồ án nodejs\NodeJs_Project\BE\node_modules\express\lib\router\layer.js:95:5)
    at trim_prefix (G:\Đồ án nodejs\NodeJs_Project\BE\node_modules\express\lib\router\index.js:328:13)
    at G:\Đồ án nodejs\NodeJs_Project\BE\node_modules\express\lib\router\index.js:286:9
2025-04-10 21:30:18:3018 error: Không tìm thấy - /api/upload
Error: Không tìm thấy - /api/upload
    at notFound (G:\Đồ án nodejs\NodeJs_Project\BE\middlewares\errorHandler.js:11:17)
    at Layer.handle [as handle_request] (G:\Đồ án nodejs\NodeJs_Project\BE\node_modules\express\lib\router\layer.js:95:5)
    at trim_prefix (G:\Đồ án nodejs\NodeJs_Project\BE\node_modules\express\lib\router\index.js:328:13)
    at G:\Đồ án nodejs\NodeJs_Project\BE\node_modules\express\lib\router\index.js:286:9
    at Function.process_params (G:\Đồ án nodejs\NodeJs_Project\BE\node_modules\express\lib\router\index.js:346:12)
    at next (G:\Đồ án nodejs\NodeJs_Project\BE\node_modules\express\lib\router\index.js:280:10)
    at logger (G:\Đồ án nodejs\NodeJs_Project\BE\node_modules\morgan\index.js:144:5)
    at Layer.handle [as handle_request] (G:\Đồ án nodejs\NodeJs_Project\BE\node_modules\express\lib\router\layer.js:95:5)
    at trim_prefix (G:\Đồ án nodejs\NodeJs_Project\BE\node_modules\express\lib\router\index.js:328:13)
    at G:\Đồ án nodejs\NodeJs_Project\BE\node_modules\express\lib\router\index.js:286:9
2025-04-10 22:05:27:527 error: Không tìm thấy - /api/upload
Error: Không tìm thấy - /api/upload
    at notFound (G:\Đồ án nodejs\NodeJs_Project\BE\middlewares\errorHandler.js:11:17)
    at Layer.handle [as handle_request] (G:\Đồ án nodejs\NodeJs_Project\BE\node_modules\express\lib\router\layer.js:95:5)
    at trim_prefix (G:\Đồ án nodejs\NodeJs_Project\BE\node_modules\express\lib\router\index.js:328:13)
    at G:\Đồ án nodejs\NodeJs_Project\BE\node_modules\express\lib\router\index.js:286:9
    at Function.process_params (G:\Đồ án nodejs\NodeJs_Project\BE\node_modules\express\lib\router\index.js:346:12)
    at next (G:\Đồ án nodejs\NodeJs_Project\BE\node_modules\express\lib\router\index.js:280:10)
    at logger (G:\Đồ án nodejs\NodeJs_Project\BE\node_modules\morgan\index.js:144:5)
    at Layer.handle [as handle_request] (G:\Đồ án nodejs\NodeJs_Project\BE\node_modules\express\lib\router\layer.js:95:5)
    at trim_prefix (G:\Đồ án nodejs\NodeJs_Project\BE\node_modules\express\lib\router\index.js:328:13)
    at G:\Đồ án nodejs\NodeJs_Project\BE\node_modules\express\lib\router\index.js:286:9
2025-04-10 22:10:04:104 error: Không tìm thấy - /api/upload
Error: Không tìm thấy - /api/upload
    at notFound (G:\Đồ án nodejs\NodeJs_Project\BE\middlewares\errorHandler.js:11:17)
    at Layer.handle [as handle_request] (G:\Đồ án nodejs\NodeJs_Project\BE\node_modules\express\lib\router\layer.js:95:5)
    at trim_prefix (G:\Đồ án nodejs\NodeJs_Project\BE\node_modules\express\lib\router\index.js:328:13)
    at G:\Đồ án nodejs\NodeJs_Project\BE\node_modules\express\lib\router\index.js:286:9
    at Function.process_params (G:\Đồ án nodejs\NodeJs_Project\BE\node_modules\express\lib\router\index.js:346:12)
    at next (G:\Đồ án nodejs\NodeJs_Project\BE\node_modules\express\lib\router\index.js:280:10)
    at logger (G:\Đồ án nodejs\NodeJs_Project\BE\node_modules\morgan\index.js:144:5)
    at Layer.handle [as handle_request] (G:\Đồ án nodejs\NodeJs_Project\BE\node_modules\express\lib\router\layer.js:95:5)
    at trim_prefix (G:\Đồ án nodejs\NodeJs_Project\BE\node_modules\express\lib\router\index.js:328:13)
    at G:\Đồ án nodejs\NodeJs_Project\BE\node_modules\express\lib\router\index.js:286:9
2025-04-10 22:19:13:1913 error: Không tìm thấy - /api/upload
Error: Không tìm thấy - /api/upload
    at notFound (G:\Đồ án nodejs\NodeJs_Project\BE\middlewares\errorHandler.js:11:17)
    at Layer.handle [as handle_request] (G:\Đồ án nodejs\NodeJs_Project\BE\node_modules\express\lib\router\layer.js:95:5)
    at trim_prefix (G:\Đồ án nodejs\NodeJs_Project\BE\node_modules\express\lib\router\index.js:328:13)
    at G:\Đồ án nodejs\NodeJs_Project\BE\node_modules\express\lib\router\index.js:286:9
    at Function.process_params (G:\Đồ án nodejs\NodeJs_Project\BE\node_modules\express\lib\router\index.js:346:12)
    at next (G:\Đồ án nodejs\NodeJs_Project\BE\node_modules\express\lib\router\index.js:280:10)
    at logger (G:\Đồ án nodejs\NodeJs_Project\BE\node_modules\morgan\index.js:144:5)
    at Layer.handle [as handle_request] (G:\Đồ án nodejs\NodeJs_Project\BE\node_modules\express\lib\router\layer.js:95:5)
    at trim_prefix (G:\Đồ án nodejs\NodeJs_Project\BE\node_modules\express\lib\router\index.js:328:13)
    at G:\Đồ án nodejs\NodeJs_Project\BE\node_modules\express\lib\router\index.js:286:9
2025-04-10 22:23:05:235 error: Không tìm thấy - /api/api/upload
Error: Không tìm thấy - /api/api/upload
    at notFound (G:\Đồ án nodejs\NodeJs_Project\BE\middlewares\errorHandler.js:11:17)
    at Layer.handle [as handle_request] (G:\Đồ án nodejs\NodeJs_Project\BE\node_modules\express\lib\router\layer.js:95:5)
    at trim_prefix (G:\Đồ án nodejs\NodeJs_Project\BE\node_modules\express\lib\router\index.js:328:13)
    at G:\Đồ án nodejs\NodeJs_Project\BE\node_modules\express\lib\router\index.js:286:9
    at Function.process_params (G:\Đồ án nodejs\NodeJs_Project\BE\node_modules\express\lib\router\index.js:346:12)
    at next (G:\Đồ án nodejs\NodeJs_Project\BE\node_modules\express\lib\router\index.js:280:10)
    at logger (G:\Đồ án nodejs\NodeJs_Project\BE\node_modules\morgan\index.js:144:5)
    at Layer.handle [as handle_request] (G:\Đồ án nodejs\NodeJs_Project\BE\node_modules\express\lib\router\layer.js:95:5)
    at trim_prefix (G:\Đồ án nodejs\NodeJs_Project\BE\node_modules\express\lib\router\index.js:328:13)
    at G:\Đồ án nodejs\NodeJs_Project\BE\node_modules\express\lib\router\index.js:286:9
2025-04-10 22:25:29:2529 error: request aborted
BadRequestError: request aborted
    at IncomingMessage.onAborted (G:\Đồ án nodejs\NodeJs_Project\BE\node_modules\raw-body\index.js:245:10)
    at IncomingMessage.emit (node:events:519:28)
    at IncomingMessage._destroy (node:_http_incoming:221:10)
    at _destroy (node:internal/streams/destroy:121:10)
    at IncomingMessage.destroy (node:internal/streams/destroy:83:5)
    at abortIncoming (node:_http_server:796:9)
    at socketOnClose (node:_http_server:790:3)
    at Socket.emit (node:events:531:35)
    at TCP.<anonymous> (node:net:339:12)
2025-04-10 22:27:51:2751 error: Không tìm thấy - /api/api/upload
Error: Không tìm thấy - /api/api/upload
    at notFound (G:\Đồ án nodejs\NodeJs_Project\BE\middlewares\errorHandler.js:11:17)
    at Layer.handle [as handle_request] (G:\Đồ án nodejs\NodeJs_Project\BE\node_modules\express\lib\router\layer.js:95:5)
    at trim_prefix (G:\Đồ án nodejs\NodeJs_Project\BE\node_modules\express\lib\router\index.js:328:13)
    at G:\Đồ án nodejs\NodeJs_Project\BE\node_modules\express\lib\router\index.js:286:9
    at Function.process_params (G:\Đồ án nodejs\NodeJs_Project\BE\node_modules\express\lib\router\index.js:346:12)
    at next (G:\Đồ án nodejs\NodeJs_Project\BE\node_modules\express\lib\router\index.js:280:10)
    at logger (G:\Đồ án nodejs\NodeJs_Project\BE\node_modules\morgan\index.js:144:5)
    at Layer.handle [as handle_request] (G:\Đồ án nodejs\NodeJs_Project\BE\node_modules\express\lib\router\layer.js:95:5)
    at trim_prefix (G:\Đồ án nodejs\NodeJs_Project\BE\node_modules\express\lib\router\index.js:328:13)
    at G:\Đồ án nodejs\NodeJs_Project\BE\node_modules\express\lib\router\index.js:286:9
2025-04-10 22:27:58:2758 error: Không tìm thấy - /api/api/upload
Error: Không tìm thấy - /api/api/upload
    at notFound (G:\Đồ án nodejs\NodeJs_Project\BE\middlewares\errorHandler.js:11:17)
    at Layer.handle [as handle_request] (G:\Đồ án nodejs\NodeJs_Project\BE\node_modules\express\lib\router\layer.js:95:5)
    at trim_prefix (G:\Đồ án nodejs\NodeJs_Project\BE\node_modules\express\lib\router\index.js:328:13)
    at G:\Đồ án nodejs\NodeJs_Project\BE\node_modules\express\lib\router\index.js:286:9
    at Function.process_params (G:\Đồ án nodejs\NodeJs_Project\BE\node_modules\express\lib\router\index.js:346:12)
    at next (G:\Đồ án nodejs\NodeJs_Project\BE\node_modules\express\lib\router\index.js:280:10)
    at logger (G:\Đồ án nodejs\NodeJs_Project\BE\node_modules\morgan\index.js:144:5)
    at Layer.handle [as handle_request] (G:\Đồ án nodejs\NodeJs_Project\BE\node_modules\express\lib\router\layer.js:95:5)
    at trim_prefix (G:\Đồ án nodejs\NodeJs_Project\BE\node_modules\express\lib\router\index.js:328:13)
    at G:\Đồ án nodejs\NodeJs_Project\BE\node_modules\express\lib\router\index.js:286:9
2025-04-10 22:28:00:280 error: Không tìm thấy - /api/api/upload
Error: Không tìm thấy - /api/api/upload
    at notFound (G:\Đồ án nodejs\NodeJs_Project\BE\middlewares\errorHandler.js:11:17)
    at Layer.handle [as handle_request] (G:\Đồ án nodejs\NodeJs_Project\BE\node_modules\express\lib\router\layer.js:95:5)
    at trim_prefix (G:\Đồ án nodejs\NodeJs_Project\BE\node_modules\express\lib\router\index.js:328:13)
    at G:\Đồ án nodejs\NodeJs_Project\BE\node_modules\express\lib\router\index.js:286:9
    at Function.process_params (G:\Đồ án nodejs\NodeJs_Project\BE\node_modules\express\lib\router\index.js:346:12)
    at next (G:\Đồ án nodejs\NodeJs_Project\BE\node_modules\express\lib\router\index.js:280:10)
    at logger (G:\Đồ án nodejs\NodeJs_Project\BE\node_modules\morgan\index.js:144:5)
    at Layer.handle [as handle_request] (G:\Đồ án nodejs\NodeJs_Project\BE\node_modules\express\lib\router\layer.js:95:5)
    at trim_prefix (G:\Đồ án nodejs\NodeJs_Project\BE\node_modules\express\lib\router\index.js:328:13)
    at G:\Đồ án nodejs\NodeJs_Project\BE\node_modules\express\lib\router\index.js:286:9
2025-04-10 22:28:03:283 error: Không tìm thấy - /api/api/upload
Error: Không tìm thấy - /api/api/upload
    at notFound (G:\Đồ án nodejs\NodeJs_Project\BE\middlewares\errorHandler.js:11:17)
    at Layer.handle [as handle_request] (G:\Đồ án nodejs\NodeJs_Project\BE\node_modules\express\lib\router\layer.js:95:5)
    at trim_prefix (G:\Đồ án nodejs\NodeJs_Project\BE\node_modules\express\lib\router\index.js:328:13)
    at G:\Đồ án nodejs\NodeJs_Project\BE\node_modules\express\lib\router\index.js:286:9
    at Function.process_params (G:\Đồ án nodejs\NodeJs_Project\BE\node_modules\express\lib\router\index.js:346:12)
    at next (G:\Đồ án nodejs\NodeJs_Project\BE\node_modules\express\lib\router\index.js:280:10)
    at logger (G:\Đồ án nodejs\NodeJs_Project\BE\node_modules\morgan\index.js:144:5)
    at Layer.handle [as handle_request] (G:\Đồ án nodejs\NodeJs_Project\BE\node_modules\express\lib\router\layer.js:95:5)
    at trim_prefix (G:\Đồ án nodejs\NodeJs_Project\BE\node_modules\express\lib\router\index.js:328:13)
    at G:\Đồ án nodejs\NodeJs_Project\BE\node_modules\express\lib\router\index.js:286:9
2025-04-10 23:08:11:811 error: Không tìm thấy - /api/upload
Error: Không tìm thấy - /api/upload
    at notFound (G:\Đồ án nodejs\NodeJs_Project\BE\middlewares\errorHandler.js:11:17)
    at Layer.handle [as handle_request] (G:\Đồ án nodejs\NodeJs_Project\BE\node_modules\express\lib\router\layer.js:95:5)
    at trim_prefix (G:\Đồ án nodejs\NodeJs_Project\BE\node_modules\express\lib\router\index.js:328:13)
    at G:\Đồ án nodejs\NodeJs_Project\BE\node_modules\express\lib\router\index.js:286:9
    at Function.process_params (G:\Đồ án nodejs\NodeJs_Project\BE\node_modules\express\lib\router\index.js:346:12)
    at next (G:\Đồ án nodejs\NodeJs_Project\BE\node_modules\express\lib\router\index.js:280:10)
    at logger (G:\Đồ án nodejs\NodeJs_Project\BE\node_modules\morgan\index.js:144:5)
    at Layer.handle [as handle_request] (G:\Đồ án nodejs\NodeJs_Project\BE\node_modules\express\lib\router\layer.js:95:5)
    at trim_prefix (G:\Đồ án nodejs\NodeJs_Project\BE\node_modules\express\lib\router\index.js:328:13)
    at G:\Đồ án nodejs\NodeJs_Project\BE\node_modules\express\lib\router\index.js:286:9
2025-04-10 23:14:55:1455 error: Không tìm thấy - /api/upload
Error: Không tìm thấy - /api/upload
    at notFound (G:\Đồ án nodejs\NodeJs_Project\BE\middlewares\errorHandler.js:11:17)
    at Layer.handle [as handle_request] (G:\Đồ án nodejs\NodeJs_Project\BE\node_modules\express\lib\router\layer.js:95:5)
    at trim_prefix (G:\Đồ án nodejs\NodeJs_Project\BE\node_modules\express\lib\router\index.js:328:13)
    at G:\Đồ án nodejs\NodeJs_Project\BE\node_modules\express\lib\router\index.js:286:9
    at Function.process_params (G:\Đồ án nodejs\NodeJs_Project\BE\node_modules\express\lib\router\index.js:346:12)
    at next (G:\Đồ án nodejs\NodeJs_Project\BE\node_modules\express\lib\router\index.js:280:10)
    at logger (G:\Đồ án nodejs\NodeJs_Project\BE\node_modules\morgan\index.js:144:5)
    at Layer.handle [as handle_request] (G:\Đồ án nodejs\NodeJs_Project\BE\node_modules\express\lib\router\layer.js:95:5)
    at trim_prefix (G:\Đồ án nodejs\NodeJs_Project\BE\node_modules\express\lib\router\index.js:328:13)
    at G:\Đồ án nodejs\NodeJs_Project\BE\node_modules\express\lib\router\index.js:286:9
2025-04-10 23:15:43:1543 error: Không tìm thấy - /api/upload
Error: Không tìm thấy - /api/upload
    at notFound (G:\Đồ án nodejs\NodeJs_Project\BE\middlewares\errorHandler.js:11:17)
    at Layer.handle [as handle_request] (G:\Đồ án nodejs\NodeJs_Project\BE\node_modules\express\lib\router\layer.js:95:5)
    at trim_prefix (G:\Đồ án nodejs\NodeJs_Project\BE\node_modules\express\lib\router\index.js:328:13)
    at G:\Đồ án nodejs\NodeJs_Project\BE\node_modules\express\lib\router\index.js:286:9
    at Function.process_params (G:\Đồ án nodejs\NodeJs_Project\BE\node_modules\express\lib\router\index.js:346:12)
    at next (G:\Đồ án nodejs\NodeJs_Project\BE\node_modules\express\lib\router\index.js:280:10)
    at logger (G:\Đồ án nodejs\NodeJs_Project\BE\node_modules\morgan\index.js:144:5)
    at Layer.handle [as handle_request] (G:\Đồ án nodejs\NodeJs_Project\BE\node_modules\express\lib\router\layer.js:95:5)
    at trim_prefix (G:\Đồ án nodejs\NodeJs_Project\BE\node_modules\express\lib\router\index.js:328:13)
    at G:\Đồ án nodejs\NodeJs_Project\BE\node_modules\express\lib\router\index.js:286:9
2025-04-10 23:18:28:1828 error: Không tìm thấy - /auth/current
Error: Không tìm thấy - /auth/current
    at notFound (G:\Đồ án nodejs\NodeJs_Project\BE\middlewares\errorHandler.js:11:17)
    at Layer.handle [as handle_request] (G:\Đồ án nodejs\NodeJs_Project\BE\node_modules\express\lib\router\layer.js:95:5)
    at trim_prefix (G:\Đồ án nodejs\NodeJs_Project\BE\node_modules\express\lib\router\index.js:328:13)
    at G:\Đồ án nodejs\NodeJs_Project\BE\node_modules\express\lib\router\index.js:286:9
    at Function.process_params (G:\Đồ án nodejs\NodeJs_Project\BE\node_modules\express\lib\router\index.js:346:12)
    at next (G:\Đồ án nodejs\NodeJs_Project\BE\node_modules\express\lib\router\index.js:280:10)
    at logger (G:\Đồ án nodejs\NodeJs_Project\BE\node_modules\morgan\index.js:144:5)
    at Layer.handle [as handle_request] (G:\Đồ án nodejs\NodeJs_Project\BE\node_modules\express\lib\router\layer.js:95:5)
    at trim_prefix (G:\Đồ án nodejs\NodeJs_Project\BE\node_modules\express\lib\router\index.js:328:13)
    at G:\Đồ án nodejs\NodeJs_Project\BE\node_modules\express\lib\router\index.js:286:9
2025-04-10 23:18:29:1829 error: Không tìm thấy - /mon-an?page=1&limit=10
Error: Không tìm thấy - /mon-an?page=1&limit=10
    at notFound (G:\Đồ án nodejs\NodeJs_Project\BE\middlewares\errorHandler.js:11:17)
    at Layer.handle [as handle_request] (G:\Đồ án nodejs\NodeJs_Project\BE\node_modules\express\lib\router\layer.js:95:5)
    at trim_prefix (G:\Đồ án nodejs\NodeJs_Project\BE\node_modules\express\lib\router\index.js:328:13)
    at G:\Đồ án nodejs\NodeJs_Project\BE\node_modules\express\lib\router\index.js:286:9
    at Function.process_params (G:\Đồ án nodejs\NodeJs_Project\BE\node_modules\express\lib\router\index.js:346:12)
    at next (G:\Đồ án nodejs\NodeJs_Project\BE\node_modules\express\lib\router\index.js:280:10)
    at logger (G:\Đồ án nodejs\NodeJs_Project\BE\node_modules\morgan\index.js:144:5)
    at Layer.handle [as handle_request] (G:\Đồ án nodejs\NodeJs_Project\BE\node_modules\express\lib\router\layer.js:95:5)
    at trim_prefix (G:\Đồ án nodejs\NodeJs_Project\BE\node_modules\express\lib\router\index.js:328:13)
    at G:\Đồ án nodejs\NodeJs_Project\BE\node_modules\express\lib\router\index.js:286:9
2025-04-10 23:18:29:1829 error: Không tìm thấy - /loai-mon-an?page=1&limit=10
Error: Không tìm thấy - /loai-mon-an?page=1&limit=10
    at notFound (G:\Đồ án nodejs\NodeJs_Project\BE\middlewares\errorHandler.js:11:17)
    at Layer.handle [as handle_request] (G:\Đồ án nodejs\NodeJs_Project\BE\node_modules\express\lib\router\layer.js:95:5)
    at trim_prefix (G:\Đồ án nodejs\NodeJs_Project\BE\node_modules\express\lib\router\index.js:328:13)
    at G:\Đồ án nodejs\NodeJs_Project\BE\node_modules\express\lib\router\index.js:286:9
    at Function.process_params (G:\Đồ án nodejs\NodeJs_Project\BE\node_modules\express\lib\router\index.js:346:12)
    at next (G:\Đồ án nodejs\NodeJs_Project\BE\node_modules\express\lib\router\index.js:280:10)
    at logger (G:\Đồ án nodejs\NodeJs_Project\BE\node_modules\morgan\index.js:144:5)
    at Layer.handle [as handle_request] (G:\Đồ án nodejs\NodeJs_Project\BE\node_modules\express\lib\router\layer.js:95:5)
    at trim_prefix (G:\Đồ án nodejs\NodeJs_Project\BE\node_modules\express\lib\router\index.js:328:13)
    at G:\Đồ án nodejs\NodeJs_Project\BE\node_modules\express\lib\router\index.js:286:9
2025-04-10 23:18:29:1829 error: Không tìm thấy - /mon-an?page=1&limit=10
Error: Không tìm thấy - /mon-an?page=1&limit=10
    at notFound (G:\Đồ án nodejs\NodeJs_Project\BE\middlewares\errorHandler.js:11:17)
    at Layer.handle [as handle_request] (G:\Đồ án nodejs\NodeJs_Project\BE\node_modules\express\lib\router\layer.js:95:5)
    at trim_prefix (G:\Đồ án nodejs\NodeJs_Project\BE\node_modules\express\lib\router\index.js:328:13)
    at G:\Đồ án nodejs\NodeJs_Project\BE\node_modules\express\lib\router\index.js:286:9
    at Function.process_params (G:\Đồ án nodejs\NodeJs_Project\BE\node_modules\express\lib\router\index.js:346:12)
    at next (G:\Đồ án nodejs\NodeJs_Project\BE\node_modules\express\lib\router\index.js:280:10)
    at logger (G:\Đồ án nodejs\NodeJs_Project\BE\node_modules\morgan\index.js:144:5)
    at Layer.handle [as handle_request] (G:\Đồ án nodejs\NodeJs_Project\BE\node_modules\express\lib\router\layer.js:95:5)
    at trim_prefix (G:\Đồ án nodejs\NodeJs_Project\BE\node_modules\express\lib\router\index.js:328:13)
    at G:\Đồ án nodejs\NodeJs_Project\BE\node_modules\express\lib\router\index.js:286:9
2025-04-10 23:18:29:1829 error: Không tìm thấy - /loai-mon-an?page=1&limit=10
Error: Không tìm thấy - /loai-mon-an?page=1&limit=10
    at notFound (G:\Đồ án nodejs\NodeJs_Project\BE\middlewares\errorHandler.js:11:17)
    at Layer.handle [as handle_request] (G:\Đồ án nodejs\NodeJs_Project\BE\node_modules\express\lib\router\layer.js:95:5)
    at trim_prefix (G:\Đồ án nodejs\NodeJs_Project\BE\node_modules\express\lib\router\index.js:328:13)
    at G:\Đồ án nodejs\NodeJs_Project\BE\node_modules\express\lib\router\index.js:286:9
    at Function.process_params (G:\Đồ án nodejs\NodeJs_Project\BE\node_modules\express\lib\router\index.js:346:12)
    at next (G:\Đồ án nodejs\NodeJs_Project\BE\node_modules\express\lib\router\index.js:280:10)
    at logger (G:\Đồ án nodejs\NodeJs_Project\BE\node_modules\morgan\index.js:144:5)
    at Layer.handle [as handle_request] (G:\Đồ án nodejs\NodeJs_Project\BE\node_modules\express\lib\router\layer.js:95:5)
    at trim_prefix (G:\Đồ án nodejs\NodeJs_Project\BE\node_modules\express\lib\router\index.js:328:13)
    at G:\Đồ án nodejs\NodeJs_Project\BE\node_modules\express\lib\router\index.js:286:9
2025-04-10 23:18:29:1829 error: Không tìm thấy - /mon-an?page=1&limit=10
Error: Không tìm thấy - /mon-an?page=1&limit=10
    at notFound (G:\Đồ án nodejs\NodeJs_Project\BE\middlewares\errorHandler.js:11:17)
    at Layer.handle [as handle_request] (G:\Đồ án nodejs\NodeJs_Project\BE\node_modules\express\lib\router\layer.js:95:5)
    at trim_prefix (G:\Đồ án nodejs\NodeJs_Project\BE\node_modules\express\lib\router\index.js:328:13)
    at G:\Đồ án nodejs\NodeJs_Project\BE\node_modules\express\lib\router\index.js:286:9
    at Function.process_params (G:\Đồ án nodejs\NodeJs_Project\BE\node_modules\express\lib\router\index.js:346:12)
    at next (G:\Đồ án nodejs\NodeJs_Project\BE\node_modules\express\lib\router\index.js:280:10)
    at logger (G:\Đồ án nodejs\NodeJs_Project\BE\node_modules\morgan\index.js:144:5)
    at Layer.handle [as handle_request] (G:\Đồ án nodejs\NodeJs_Project\BE\node_modules\express\lib\router\layer.js:95:5)
    at trim_prefix (G:\Đồ án nodejs\NodeJs_Project\BE\node_modules\express\lib\router\index.js:328:13)
    at G:\Đồ án nodejs\NodeJs_Project\BE\node_modules\express\lib\router\index.js:286:9
2025-04-10 23:18:29:1829 error: Không tìm thấy - /mon-an?page=1&limit=10
Error: Không tìm thấy - /mon-an?page=1&limit=10
    at notFound (G:\Đồ án nodejs\NodeJs_Project\BE\middlewares\errorHandler.js:11:17)
    at Layer.handle [as handle_request] (G:\Đồ án nodejs\NodeJs_Project\BE\node_modules\express\lib\router\layer.js:95:5)
    at trim_prefix (G:\Đồ án nodejs\NodeJs_Project\BE\node_modules\express\lib\router\index.js:328:13)
    at G:\Đồ án nodejs\NodeJs_Project\BE\node_modules\express\lib\router\index.js:286:9
    at Function.process_params (G:\Đồ án nodejs\NodeJs_Project\BE\node_modules\express\lib\router\index.js:346:12)
    at next (G:\Đồ án nodejs\NodeJs_Project\BE\node_modules\express\lib\router\index.js:280:10)
    at logger (G:\Đồ án nodejs\NodeJs_Project\BE\node_modules\morgan\index.js:144:5)
    at Layer.handle [as handle_request] (G:\Đồ án nodejs\NodeJs_Project\BE\node_modules\express\lib\router\layer.js:95:5)
    at trim_prefix (G:\Đồ án nodejs\NodeJs_Project\BE\node_modules\express\lib\router\index.js:328:13)
    at G:\Đồ án nodejs\NodeJs_Project\BE\node_modules\express\lib\router\index.js:286:9
2025-04-10 23:19:00:190 error: Không tìm thấy - /auth/current
Error: Không tìm thấy - /auth/current
    at notFound (G:\Đồ án nodejs\NodeJs_Project\BE\middlewares\errorHandler.js:11:17)
    at Layer.handle [as handle_request] (G:\Đồ án nodejs\NodeJs_Project\BE\node_modules\express\lib\router\layer.js:95:5)
    at trim_prefix (G:\Đồ án nodejs\NodeJs_Project\BE\node_modules\express\lib\router\index.js:328:13)
    at G:\Đồ án nodejs\NodeJs_Project\BE\node_modules\express\lib\router\index.js:286:9
    at Function.process_params (G:\Đồ án nodejs\NodeJs_Project\BE\node_modules\express\lib\router\index.js:346:12)
    at next (G:\Đồ án nodejs\NodeJs_Project\BE\node_modules\express\lib\router\index.js:280:10)
    at logger (G:\Đồ án nodejs\NodeJs_Project\BE\node_modules\morgan\index.js:144:5)
    at Layer.handle [as handle_request] (G:\Đồ án nodejs\NodeJs_Project\BE\node_modules\express\lib\router\layer.js:95:5)
    at trim_prefix (G:\Đồ án nodejs\NodeJs_Project\BE\node_modules\express\lib\router\index.js:328:13)
    at G:\Đồ án nodejs\NodeJs_Project\BE\node_modules\express\lib\router\index.js:286:9
2025-04-10 23:41:03:413 error: Không tìm thấy - /api/upload
Error: Không tìm thấy - /api/upload
    at notFound (G:\Đồ án nodejs\NodeJs_Project\BE\middlewares\errorHandler.js:11:17)
    at Layer.handle [as handle_request] (G:\Đồ án nodejs\NodeJs_Project\BE\node_modules\express\lib\router\layer.js:95:5)
    at trim_prefix (G:\Đồ án nodejs\NodeJs_Project\BE\node_modules\express\lib\router\index.js:328:13)
    at G:\Đồ án nodejs\NodeJs_Project\BE\node_modules\express\lib\router\index.js:286:9
    at Function.process_params (G:\Đồ án nodejs\NodeJs_Project\BE\node_modules\express\lib\router\index.js:346:12)
    at next (G:\Đồ án nodejs\NodeJs_Project\BE\node_modules\express\lib\router\index.js:280:10)
    at logger (G:\Đồ án nodejs\NodeJs_Project\BE\node_modules\morgan\index.js:144:5)
    at Layer.handle [as handle_request] (G:\Đồ án nodejs\NodeJs_Project\BE\node_modules\express\lib\router\layer.js:95:5)
    at trim_prefix (G:\Đồ án nodejs\NodeJs_Project\BE\node_modules\express\lib\router\index.js:328:13)
    at G:\Đồ án nodejs\NodeJs_Project\BE\node_modules\express\lib\router\index.js:286:9
2025-04-11 05:26:41:2641 error: Không tìm thấy - /api/upload
Error: Không tìm thấy - /api/upload
    at notFound (G:\Đồ án nodejs\NodeJs_Project\BE\middlewares\errorHandler.js:11:17)
    at Layer.handle [as handle_request] (G:\Đồ án nodejs\NodeJs_Project\BE\node_modules\express\lib\router\layer.js:95:5)
    at trim_prefix (G:\Đồ án nodejs\NodeJs_Project\BE\node_modules\express\lib\router\index.js:328:13)
    at G:\Đồ án nodejs\NodeJs_Project\BE\node_modules\express\lib\router\index.js:286:9
    at Function.process_params (G:\Đồ án nodejs\NodeJs_Project\BE\node_modules\express\lib\router\index.js:346:12)
    at next (G:\Đồ án nodejs\NodeJs_Project\BE\node_modules\express\lib\router\index.js:280:10)
    at logger (G:\Đồ án nodejs\NodeJs_Project\BE\node_modules\morgan\index.js:144:5)
    at Layer.handle [as handle_request] (G:\Đồ án nodejs\NodeJs_Project\BE\node_modules\express\lib\router\layer.js:95:5)
    at trim_prefix (G:\Đồ án nodejs\NodeJs_Project\BE\node_modules\express\lib\router\index.js:328:13)
    at G:\Đồ án nodejs\NodeJs_Project\BE\node_modules\express\lib\router\index.js:286:9
2025-04-11 05:33:29:3329 error: Không tìm thấy - /api/upload
Error: Không tìm thấy - /api/upload
    at notFound (G:\Đồ án nodejs\NodeJs_Project\BE\middlewares\errorHandler.js:11:17)
    at Layer.handle [as handle_request] (G:\Đồ án nodejs\NodeJs_Project\BE\node_modules\express\lib\router\layer.js:95:5)
    at trim_prefix (G:\Đồ án nodejs\NodeJs_Project\BE\node_modules\express\lib\router\index.js:328:13)
    at G:\Đồ án nodejs\NodeJs_Project\BE\node_modules\express\lib\router\index.js:286:9
    at Function.process_params (G:\Đồ án nodejs\NodeJs_Project\BE\node_modules\express\lib\router\index.js:346:12)
    at next (G:\Đồ án nodejs\NodeJs_Project\BE\node_modules\express\lib\router\index.js:280:10)
    at logger (G:\Đồ án nodejs\NodeJs_Project\BE\node_modules\morgan\index.js:144:5)
    at Layer.handle [as handle_request] (G:\Đồ án nodejs\NodeJs_Project\BE\node_modules\express\lib\router\layer.js:95:5)
    at trim_prefix (G:\Đồ án nodejs\NodeJs_Project\BE\node_modules\express\lib\router\index.js:328:13)
    at G:\Đồ án nodejs\NodeJs_Project\BE\node_modules\express\lib\router\index.js:286:9
2025-04-11 05:33:57:3357 error: Không tìm thấy - /api/upload
Error: Không tìm thấy - /api/upload
    at notFound (G:\Đồ án nodejs\NodeJs_Project\BE\middlewares\errorHandler.js:11:17)
    at Layer.handle [as handle_request] (G:\Đồ án nodejs\NodeJs_Project\BE\node_modules\express\lib\router\layer.js:95:5)
    at trim_prefix (G:\Đồ án nodejs\NodeJs_Project\BE\node_modules\express\lib\router\index.js:328:13)
    at G:\Đồ án nodejs\NodeJs_Project\BE\node_modules\express\lib\router\index.js:286:9
    at Function.process_params (G:\Đồ án nodejs\NodeJs_Project\BE\node_modules\express\lib\router\index.js:346:12)
    at next (G:\Đồ án nodejs\NodeJs_Project\BE\node_modules\express\lib\router\index.js:280:10)
    at logger (G:\Đồ án nodejs\NodeJs_Project\BE\node_modules\morgan\index.js:144:5)
    at Layer.handle [as handle_request] (G:\Đồ án nodejs\NodeJs_Project\BE\node_modules\express\lib\router\layer.js:95:5)
    at trim_prefix (G:\Đồ án nodejs\NodeJs_Project\BE\node_modules\express\lib\router\index.js:328:13)
    at G:\Đồ án nodejs\NodeJs_Project\BE\node_modules\express\lib\router\index.js:286:9
2025-04-11 05:34:05:345 error: Không tìm thấy - /api/upload
Error: Không tìm thấy - /api/upload
    at notFound (G:\Đồ án nodejs\NodeJs_Project\BE\middlewares\errorHandler.js:11:17)
    at Layer.handle [as handle_request] (G:\Đồ án nodejs\NodeJs_Project\BE\node_modules\express\lib\router\layer.js:95:5)
    at trim_prefix (G:\Đồ án nodejs\NodeJs_Project\BE\node_modules\express\lib\router\index.js:328:13)
    at G:\Đồ án nodejs\NodeJs_Project\BE\node_modules\express\lib\router\index.js:286:9
    at Function.process_params (G:\Đồ án nodejs\NodeJs_Project\BE\node_modules\express\lib\router\index.js:346:12)
    at next (G:\Đồ án nodejs\NodeJs_Project\BE\node_modules\express\lib\router\index.js:280:10)
    at logger (G:\Đồ án nodejs\NodeJs_Project\BE\node_modules\morgan\index.js:144:5)
    at Layer.handle [as handle_request] (G:\Đồ án nodejs\NodeJs_Project\BE\node_modules\express\lib\router\layer.js:95:5)
    at trim_prefix (G:\Đồ án nodejs\NodeJs_Project\BE\node_modules\express\lib\router\index.js:328:13)
    at G:\Đồ án nodejs\NodeJs_Project\BE\node_modules\express\lib\router\index.js:286:9
2025-04-11 05:34:35:3435 error: Không tìm thấy - /api/upload
Error: Không tìm thấy - /api/upload
    at notFound (G:\Đồ án nodejs\NodeJs_Project\BE\middlewares\errorHandler.js:11:17)
    at Layer.handle [as handle_request] (G:\Đồ án nodejs\NodeJs_Project\BE\node_modules\express\lib\router\layer.js:95:5)
    at trim_prefix (G:\Đồ án nodejs\NodeJs_Project\BE\node_modules\express\lib\router\index.js:328:13)
    at G:\Đồ án nodejs\NodeJs_Project\BE\node_modules\express\lib\router\index.js:286:9
    at Function.process_params (G:\Đồ án nodejs\NodeJs_Project\BE\node_modules\express\lib\router\index.js:346:12)
    at next (G:\Đồ án nodejs\NodeJs_Project\BE\node_modules\express\lib\router\index.js:280:10)
    at logger (G:\Đồ án nodejs\NodeJs_Project\BE\node_modules\morgan\index.js:144:5)
    at Layer.handle [as handle_request] (G:\Đồ án nodejs\NodeJs_Project\BE\node_modules\express\lib\router\layer.js:95:5)
    at trim_prefix (G:\Đồ án nodejs\NodeJs_Project\BE\node_modules\express\lib\router\index.js:328:13)
    at G:\Đồ án nodejs\NodeJs_Project\BE\node_modules\express\lib\router\index.js:286:9
2025-04-11 05:42:59:4259 error: Không tìm thấy - /api/api/upload
Error: Không tìm thấy - /api/api/upload
    at notFound (G:\Đồ án nodejs\NodeJs_Project\BE\middlewares\errorHandler.js:11:17)
    at Layer.handle [as handle_request] (G:\Đồ án nodejs\NodeJs_Project\BE\node_modules\express\lib\router\layer.js:95:5)
    at trim_prefix (G:\Đồ án nodejs\NodeJs_Project\BE\node_modules\express\lib\router\index.js:328:13)
    at G:\Đồ án nodejs\NodeJs_Project\BE\node_modules\express\lib\router\index.js:286:9
    at Function.process_params (G:\Đồ án nodejs\NodeJs_Project\BE\node_modules\express\lib\router\index.js:346:12)
    at next (G:\Đồ án nodejs\NodeJs_Project\BE\node_modules\express\lib\router\index.js:280:10)
    at logger (G:\Đồ án nodejs\NodeJs_Project\BE\node_modules\morgan\index.js:144:5)
    at Layer.handle [as handle_request] (G:\Đồ án nodejs\NodeJs_Project\BE\node_modules\express\lib\router\layer.js:95:5)
    at trim_prefix (G:\Đồ án nodejs\NodeJs_Project\BE\node_modules\express\lib\router\index.js:328:13)
    at G:\Đồ án nodejs\NodeJs_Project\BE\node_modules\express\lib\router\index.js:286:9
2025-04-11 05:48:55:4855 error: Không tìm thấy - /api/upload
Error: Không tìm thấy - /api/upload
    at notFound (G:\Đồ án nodejs\NodeJs_Project\BE\middlewares\errorHandler.js:11:17)
    at Layer.handle [as handle_request] (G:\Đồ án nodejs\NodeJs_Project\BE\node_modules\express\lib\router\layer.js:95:5)
    at trim_prefix (G:\Đồ án nodejs\NodeJs_Project\BE\node_modules\express\lib\router\index.js:328:13)
    at G:\Đồ án nodejs\NodeJs_Project\BE\node_modules\express\lib\router\index.js:286:9
    at Function.process_params (G:\Đồ án nodejs\NodeJs_Project\BE\node_modules\express\lib\router\index.js:346:12)
    at next (G:\Đồ án nodejs\NodeJs_Project\BE\node_modules\express\lib\router\index.js:280:10)
    at logger (G:\Đồ án nodejs\NodeJs_Project\BE\node_modules\morgan\index.js:144:5)
    at Layer.handle [as handle_request] (G:\Đồ án nodejs\NodeJs_Project\BE\node_modules\express\lib\router\layer.js:95:5)
    at trim_prefix (G:\Đồ án nodejs\NodeJs_Project\BE\node_modules\express\lib\router\index.js:328:13)
    at G:\Đồ án nodejs\NodeJs_Project\BE\node_modules\express\lib\router\index.js:286:9
2025-04-11 05:48:57:4857 error: Không tìm thấy - /api/upload
Error: Không tìm thấy - /api/upload
    at notFound (G:\Đồ án nodejs\NodeJs_Project\BE\middlewares\errorHandler.js:11:17)
    at Layer.handle [as handle_request] (G:\Đồ án nodejs\NodeJs_Project\BE\node_modules\express\lib\router\layer.js:95:5)
    at trim_prefix (G:\Đồ án nodejs\NodeJs_Project\BE\node_modules\express\lib\router\index.js:328:13)
    at G:\Đồ án nodejs\NodeJs_Project\BE\node_modules\express\lib\router\index.js:286:9
    at Function.process_params (G:\Đồ án nodejs\NodeJs_Project\BE\node_modules\express\lib\router\index.js:346:12)
    at next (G:\Đồ án nodejs\NodeJs_Project\BE\node_modules\express\lib\router\index.js:280:10)
    at logger (G:\Đồ án nodejs\NodeJs_Project\BE\node_modules\morgan\index.js:144:5)
    at Layer.handle [as handle_request] (G:\Đồ án nodejs\NodeJs_Project\BE\node_modules\express\lib\router\layer.js:95:5)
    at trim_prefix (G:\Đồ án nodejs\NodeJs_Project\BE\node_modules\express\lib\router\index.js:328:13)
    at G:\Đồ án nodejs\NodeJs_Project\BE\node_modules\express\lib\router\index.js:286:9
2025-04-11 05:48:58:4858 error: Không tìm thấy - /api/upload
Error: Không tìm thấy - /api/upload
    at notFound (G:\Đồ án nodejs\NodeJs_Project\BE\middlewares\errorHandler.js:11:17)
    at Layer.handle [as handle_request] (G:\Đồ án nodejs\NodeJs_Project\BE\node_modules\express\lib\router\layer.js:95:5)
    at trim_prefix (G:\Đồ án nodejs\NodeJs_Project\BE\node_modules\express\lib\router\index.js:328:13)
    at G:\Đồ án nodejs\NodeJs_Project\BE\node_modules\express\lib\router\index.js:286:9
    at Function.process_params (G:\Đồ án nodejs\NodeJs_Project\BE\node_modules\express\lib\router\index.js:346:12)
    at next (G:\Đồ án nodejs\NodeJs_Project\BE\node_modules\express\lib\router\index.js:280:10)
    at logger (G:\Đồ án nodejs\NodeJs_Project\BE\node_modules\morgan\index.js:144:5)
    at Layer.handle [as handle_request] (G:\Đồ án nodejs\NodeJs_Project\BE\node_modules\express\lib\router\layer.js:95:5)
    at trim_prefix (G:\Đồ án nodejs\NodeJs_Project\BE\node_modules\express\lib\router\index.js:328:13)
    at G:\Đồ án nodejs\NodeJs_Project\BE\node_modules\express\lib\router\index.js:286:9
2025-04-11 05:48:59:4859 error: Không tìm thấy - /api/upload
Error: Không tìm thấy - /api/upload
    at notFound (G:\Đồ án nodejs\NodeJs_Project\BE\middlewares\errorHandler.js:11:17)
    at Layer.handle [as handle_request] (G:\Đồ án nodejs\NodeJs_Project\BE\node_modules\express\lib\router\layer.js:95:5)
    at trim_prefix (G:\Đồ án nodejs\NodeJs_Project\BE\node_modules\express\lib\router\index.js:328:13)
    at G:\Đồ án nodejs\NodeJs_Project\BE\node_modules\express\lib\router\index.js:286:9
    at Function.process_params (G:\Đồ án nodejs\NodeJs_Project\BE\node_modules\express\lib\router\index.js:346:12)
    at next (G:\Đồ án nodejs\NodeJs_Project\BE\node_modules\express\lib\router\index.js:280:10)
    at logger (G:\Đồ án nodejs\NodeJs_Project\BE\node_modules\morgan\index.js:144:5)
    at Layer.handle [as handle_request] (G:\Đồ án nodejs\NodeJs_Project\BE\node_modules\express\lib\router\layer.js:95:5)
    at trim_prefix (G:\Đồ án nodejs\NodeJs_Project\BE\node_modules\express\lib\router\index.js:328:13)
    at G:\Đồ án nodejs\NodeJs_Project\BE\node_modules\express\lib\router\index.js:286:9
2025-04-11 05:52:57:5257 error: Không tìm thấy - /api/api/upload
Error: Không tìm thấy - /api/api/upload
    at notFound (G:\Đồ án nodejs\NodeJs_Project\BE\middlewares\errorHandler.js:11:17)
    at Layer.handle [as handle_request] (G:\Đồ án nodejs\NodeJs_Project\BE\node_modules\express\lib\router\layer.js:95:5)
    at trim_prefix (G:\Đồ án nodejs\NodeJs_Project\BE\node_modules\express\lib\router\index.js:328:13)
    at G:\Đồ án nodejs\NodeJs_Project\BE\node_modules\express\lib\router\index.js:286:9
    at Function.process_params (G:\Đồ án nodejs\NodeJs_Project\BE\node_modules\express\lib\router\index.js:346:12)
    at next (G:\Đồ án nodejs\NodeJs_Project\BE\node_modules\express\lib\router\index.js:280:10)
    at logger (G:\Đồ án nodejs\NodeJs_Project\BE\node_modules\morgan\index.js:144:5)
    at Layer.handle [as handle_request] (G:\Đồ án nodejs\NodeJs_Project\BE\node_modules\express\lib\router\layer.js:95:5)
    at trim_prefix (G:\Đồ án nodejs\NodeJs_Project\BE\node_modules\express\lib\router\index.js:328:13)
    at G:\Đồ án nodejs\NodeJs_Project\BE\node_modules\express\lib\router\index.js:286:9
2025-04-11 05:53:26:5326 error: Không tìm thấy - /api/api/upload
Error: Không tìm thấy - /api/api/upload
    at notFound (G:\Đồ án nodejs\NodeJs_Project\BE\middlewares\errorHandler.js:11:17)
    at Layer.handle [as handle_request] (G:\Đồ án nodejs\NodeJs_Project\BE\node_modules\express\lib\router\layer.js:95:5)
    at trim_prefix (G:\Đồ án nodejs\NodeJs_Project\BE\node_modules\express\lib\router\index.js:328:13)
    at G:\Đồ án nodejs\NodeJs_Project\BE\node_modules\express\lib\router\index.js:286:9
    at Function.process_params (G:\Đồ án nodejs\NodeJs_Project\BE\node_modules\express\lib\router\index.js:346:12)
    at next (G:\Đồ án nodejs\NodeJs_Project\BE\node_modules\express\lib\router\index.js:280:10)
    at logger (G:\Đồ án nodejs\NodeJs_Project\BE\node_modules\morgan\index.js:144:5)
    at Layer.handle [as handle_request] (G:\Đồ án nodejs\NodeJs_Project\BE\node_modules\express\lib\router\layer.js:95:5)
    at trim_prefix (G:\Đồ án nodejs\NodeJs_Project\BE\node_modules\express\lib\router\index.js:328:13)
    at G:\Đồ án nodejs\NodeJs_Project\BE\node_modules\express\lib\router\index.js:286:9
2025-04-11 05:53:27:5327 error: Không tìm thấy - /api/api/upload
Error: Không tìm thấy - /api/api/upload
    at notFound (G:\Đồ án nodejs\NodeJs_Project\BE\middlewares\errorHandler.js:11:17)
    at Layer.handle [as handle_request] (G:\Đồ án nodejs\NodeJs_Project\BE\node_modules\express\lib\router\layer.js:95:5)
    at trim_prefix (G:\Đồ án nodejs\NodeJs_Project\BE\node_modules\express\lib\router\index.js:328:13)
    at G:\Đồ án nodejs\NodeJs_Project\BE\node_modules\express\lib\router\index.js:286:9
    at Function.process_params (G:\Đồ án nodejs\NodeJs_Project\BE\node_modules\express\lib\router\index.js:346:12)
    at next (G:\Đồ án nodejs\NodeJs_Project\BE\node_modules\express\lib\router\index.js:280:10)
    at logger (G:\Đồ án nodejs\NodeJs_Project\BE\node_modules\morgan\index.js:144:5)
    at Layer.handle [as handle_request] (G:\Đồ án nodejs\NodeJs_Project\BE\node_modules\express\lib\router\layer.js:95:5)
    at trim_prefix (G:\Đồ án nodejs\NodeJs_Project\BE\node_modules\express\lib\router\index.js:328:13)
    at G:\Đồ án nodejs\NodeJs_Project\BE\node_modules\express\lib\router\index.js:286:9
2025-04-11 05:53:30:5330 error: Không tìm thấy - /api/api/upload
Error: Không tìm thấy - /api/api/upload
    at notFound (G:\Đồ án nodejs\NodeJs_Project\BE\middlewares\errorHandler.js:11:17)
    at Layer.handle [as handle_request] (G:\Đồ án nodejs\NodeJs_Project\BE\node_modules\express\lib\router\layer.js:95:5)
    at trim_prefix (G:\Đồ án nodejs\NodeJs_Project\BE\node_modules\express\lib\router\index.js:328:13)
    at G:\Đồ án nodejs\NodeJs_Project\BE\node_modules\express\lib\router\index.js:286:9
    at Function.process_params (G:\Đồ án nodejs\NodeJs_Project\BE\node_modules\express\lib\router\index.js:346:12)
    at next (G:\Đồ án nodejs\NodeJs_Project\BE\node_modules\express\lib\router\index.js:280:10)
    at logger (G:\Đồ án nodejs\NodeJs_Project\BE\node_modules\morgan\index.js:144:5)
    at Layer.handle [as handle_request] (G:\Đồ án nodejs\NodeJs_Project\BE\node_modules\express\lib\router\layer.js:95:5)
    at trim_prefix (G:\Đồ án nodejs\NodeJs_Project\BE\node_modules\express\lib\router\index.js:328:13)
    at G:\Đồ án nodejs\NodeJs_Project\BE\node_modules\express\lib\router\index.js:286:9
2025-04-11 05:53:30:5330 error: Không tìm thấy - /api/api/upload
Error: Không tìm thấy - /api/api/upload
    at notFound (G:\Đồ án nodejs\NodeJs_Project\BE\middlewares\errorHandler.js:11:17)
    at Layer.handle [as handle_request] (G:\Đồ án nodejs\NodeJs_Project\BE\node_modules\express\lib\router\layer.js:95:5)
    at trim_prefix (G:\Đồ án nodejs\NodeJs_Project\BE\node_modules\express\lib\router\index.js:328:13)
    at G:\Đồ án nodejs\NodeJs_Project\BE\node_modules\express\lib\router\index.js:286:9
    at Function.process_params (G:\Đồ án nodejs\NodeJs_Project\BE\node_modules\express\lib\router\index.js:346:12)
    at next (G:\Đồ án nodejs\NodeJs_Project\BE\node_modules\express\lib\router\index.js:280:10)
    at logger (G:\Đồ án nodejs\NodeJs_Project\BE\node_modules\morgan\index.js:144:5)
    at Layer.handle [as handle_request] (G:\Đồ án nodejs\NodeJs_Project\BE\node_modules\express\lib\router\layer.js:95:5)
    at trim_prefix (G:\Đồ án nodejs\NodeJs_Project\BE\node_modules\express\lib\router\index.js:328:13)
    at G:\Đồ án nodejs\NodeJs_Project\BE\node_modules\express\lib\router\index.js:286:9
2025-04-11 05:53:31:5331 error: Không tìm thấy - /api/api/upload
Error: Không tìm thấy - /api/api/upload
    at notFound (G:\Đồ án nodejs\NodeJs_Project\BE\middlewares\errorHandler.js:11:17)
    at Layer.handle [as handle_request] (G:\Đồ án nodejs\NodeJs_Project\BE\node_modules\express\lib\router\layer.js:95:5)
    at trim_prefix (G:\Đồ án nodejs\NodeJs_Project\BE\node_modules\express\lib\router\index.js:328:13)
    at G:\Đồ án nodejs\NodeJs_Project\BE\node_modules\express\lib\router\index.js:286:9
    at Function.process_params (G:\Đồ án nodejs\NodeJs_Project\BE\node_modules\express\lib\router\index.js:346:12)
    at next (G:\Đồ án nodejs\NodeJs_Project\BE\node_modules\express\lib\router\index.js:280:10)
    at logger (G:\Đồ án nodejs\NodeJs_Project\BE\node_modules\morgan\index.js:144:5)
    at Layer.handle [as handle_request] (G:\Đồ án nodejs\NodeJs_Project\BE\node_modules\express\lib\router\layer.js:95:5)
    at trim_prefix (G:\Đồ án nodejs\NodeJs_Project\BE\node_modules\express\lib\router\index.js:328:13)
    at G:\Đồ án nodejs\NodeJs_Project\BE\node_modules\express\lib\router\index.js:286:9
2025-04-11 05:53:32:5332 error: Không tìm thấy - /api/api/upload
Error: Không tìm thấy - /api/api/upload
    at notFound (G:\Đồ án nodejs\NodeJs_Project\BE\middlewares\errorHandler.js:11:17)
    at Layer.handle [as handle_request] (G:\Đồ án nodejs\NodeJs_Project\BE\node_modules\express\lib\router\layer.js:95:5)
    at trim_prefix (G:\Đồ án nodejs\NodeJs_Project\BE\node_modules\express\lib\router\index.js:328:13)
    at G:\Đồ án nodejs\NodeJs_Project\BE\node_modules\express\lib\router\index.js:286:9
    at Function.process_params (G:\Đồ án nodejs\NodeJs_Project\BE\node_modules\express\lib\router\index.js:346:12)
    at next (G:\Đồ án nodejs\NodeJs_Project\BE\node_modules\express\lib\router\index.js:280:10)
    at logger (G:\Đồ án nodejs\NodeJs_Project\BE\node_modules\morgan\index.js:144:5)
    at Layer.handle [as handle_request] (G:\Đồ án nodejs\NodeJs_Project\BE\node_modules\express\lib\router\layer.js:95:5)
    at trim_prefix (G:\Đồ án nodejs\NodeJs_Project\BE\node_modules\express\lib\router\index.js:328:13)
    at G:\Đồ án nodejs\NodeJs_Project\BE\node_modules\express\lib\router\index.js:286:9
2025-04-11 05:53:32:5332 error: Không tìm thấy - /api/api/upload
Error: Không tìm thấy - /api/api/upload
    at notFound (G:\Đồ án nodejs\NodeJs_Project\BE\middlewares\errorHandler.js:11:17)
    at Layer.handle [as handle_request] (G:\Đồ án nodejs\NodeJs_Project\BE\node_modules\express\lib\router\layer.js:95:5)
    at trim_prefix (G:\Đồ án nodejs\NodeJs_Project\BE\node_modules\express\lib\router\index.js:328:13)
    at G:\Đồ án nodejs\NodeJs_Project\BE\node_modules\express\lib\router\index.js:286:9
    at Function.process_params (G:\Đồ án nodejs\NodeJs_Project\BE\node_modules\express\lib\router\index.js:346:12)
    at next (G:\Đồ án nodejs\NodeJs_Project\BE\node_modules\express\lib\router\index.js:280:10)
    at logger (G:\Đồ án nodejs\NodeJs_Project\BE\node_modules\morgan\index.js:144:5)
    at Layer.handle [as handle_request] (G:\Đồ án nodejs\NodeJs_Project\BE\node_modules\express\lib\router\layer.js:95:5)
    at trim_prefix (G:\Đồ án nodejs\NodeJs_Project\BE\node_modules\express\lib\router\index.js:328:13)
    at G:\Đồ án nodejs\NodeJs_Project\BE\node_modules\express\lib\router\index.js:286:9
2025-04-11 05:54:25:5425 error: Không tìm thấy - /api/api/upload
Error: Không tìm thấy - /api/api/upload
    at notFound (G:\Đồ án nodejs\NodeJs_Project\BE\middlewares\errorHandler.js:11:17)
    at Layer.handle [as handle_request] (G:\Đồ án nodejs\NodeJs_Project\BE\node_modules\express\lib\router\layer.js:95:5)
    at trim_prefix (G:\Đồ án nodejs\NodeJs_Project\BE\node_modules\express\lib\router\index.js:328:13)
    at G:\Đồ án nodejs\NodeJs_Project\BE\node_modules\express\lib\router\index.js:286:9
    at Function.process_params (G:\Đồ án nodejs\NodeJs_Project\BE\node_modules\express\lib\router\index.js:346:12)
    at next (G:\Đồ án nodejs\NodeJs_Project\BE\node_modules\express\lib\router\index.js:280:10)
    at logger (G:\Đồ án nodejs\NodeJs_Project\BE\node_modules\morgan\index.js:144:5)
    at Layer.handle [as handle_request] (G:\Đồ án nodejs\NodeJs_Project\BE\node_modules\express\lib\router\layer.js:95:5)
    at trim_prefix (G:\Đồ án nodejs\NodeJs_Project\BE\node_modules\express\lib\router\index.js:328:13)
    at G:\Đồ án nodejs\NodeJs_Project\BE\node_modules\express\lib\router\index.js:286:9
2025-04-11 05:55:13:5513 error: Không tìm thấy - /auth/current
Error: Không tìm thấy - /auth/current
    at notFound (G:\Đồ án nodejs\NodeJs_Project\BE\middlewares\errorHandler.js:11:17)
    at Layer.handle [as handle_request] (G:\Đồ án nodejs\NodeJs_Project\BE\node_modules\express\lib\router\layer.js:95:5)
    at trim_prefix (G:\Đồ án nodejs\NodeJs_Project\BE\node_modules\express\lib\router\index.js:328:13)
    at G:\Đồ án nodejs\NodeJs_Project\BE\node_modules\express\lib\router\index.js:286:9
    at Function.process_params (G:\Đồ án nodejs\NodeJs_Project\BE\node_modules\express\lib\router\index.js:346:12)
    at next (G:\Đồ án nodejs\NodeJs_Project\BE\node_modules\express\lib\router\index.js:280:10)
    at logger (G:\Đồ án nodejs\NodeJs_Project\BE\node_modules\morgan\index.js:144:5)
    at Layer.handle [as handle_request] (G:\Đồ án nodejs\NodeJs_Project\BE\node_modules\express\lib\router\layer.js:95:5)
    at trim_prefix (G:\Đồ án nodejs\NodeJs_Project\BE\node_modules\express\lib\router\index.js:328:13)
    at G:\Đồ án nodejs\NodeJs_Project\BE\node_modules\express\lib\router\index.js:286:9
2025-04-11 05:55:13:5513 error: Không tìm thấy - /mon-an?page=1&limit=10
Error: Không tìm thấy - /mon-an?page=1&limit=10
    at notFound (G:\Đồ án nodejs\NodeJs_Project\BE\middlewares\errorHandler.js:11:17)
    at Layer.handle [as handle_request] (G:\Đồ án nodejs\NodeJs_Project\BE\node_modules\express\lib\router\layer.js:95:5)
    at trim_prefix (G:\Đồ án nodejs\NodeJs_Project\BE\node_modules\express\lib\router\index.js:328:13)
    at G:\Đồ án nodejs\NodeJs_Project\BE\node_modules\express\lib\router\index.js:286:9
    at Function.process_params (G:\Đồ án nodejs\NodeJs_Project\BE\node_modules\express\lib\router\index.js:346:12)
    at next (G:\Đồ án nodejs\NodeJs_Project\BE\node_modules\express\lib\router\index.js:280:10)
    at logger (G:\Đồ án nodejs\NodeJs_Project\BE\node_modules\morgan\index.js:144:5)
    at Layer.handle [as handle_request] (G:\Đồ án nodejs\NodeJs_Project\BE\node_modules\express\lib\router\layer.js:95:5)
    at trim_prefix (G:\Đồ án nodejs\NodeJs_Project\BE\node_modules\express\lib\router\index.js:328:13)
    at G:\Đồ án nodejs\NodeJs_Project\BE\node_modules\express\lib\router\index.js:286:9
2025-04-11 05:55:13:5513 error: Không tìm thấy - /mon-an?page=1&limit=10
Error: Không tìm thấy - /mon-an?page=1&limit=10
    at notFound (G:\Đồ án nodejs\NodeJs_Project\BE\middlewares\errorHandler.js:11:17)
    at Layer.handle [as handle_request] (G:\Đồ án nodejs\NodeJs_Project\BE\node_modules\express\lib\router\layer.js:95:5)
    at trim_prefix (G:\Đồ án nodejs\NodeJs_Project\BE\node_modules\express\lib\router\index.js:328:13)
    at G:\Đồ án nodejs\NodeJs_Project\BE\node_modules\express\lib\router\index.js:286:9
    at Function.process_params (G:\Đồ án nodejs\NodeJs_Project\BE\node_modules\express\lib\router\index.js:346:12)
    at next (G:\Đồ án nodejs\NodeJs_Project\BE\node_modules\express\lib\router\index.js:280:10)
    at logger (G:\Đồ án nodejs\NodeJs_Project\BE\node_modules\morgan\index.js:144:5)
    at Layer.handle [as handle_request] (G:\Đồ án nodejs\NodeJs_Project\BE\node_modules\express\lib\router\layer.js:95:5)
    at trim_prefix (G:\Đồ án nodejs\NodeJs_Project\BE\node_modules\express\lib\router\index.js:328:13)
    at G:\Đồ án nodejs\NodeJs_Project\BE\node_modules\express\lib\router\index.js:286:9
2025-04-11 05:55:13:5513 error: Không tìm thấy - /loai-mon-an?page=1&limit=10
Error: Không tìm thấy - /loai-mon-an?page=1&limit=10
    at notFound (G:\Đồ án nodejs\NodeJs_Project\BE\middlewares\errorHandler.js:11:17)
    at Layer.handle [as handle_request] (G:\Đồ án nodejs\NodeJs_Project\BE\node_modules\express\lib\router\layer.js:95:5)
    at trim_prefix (G:\Đồ án nodejs\NodeJs_Project\BE\node_modules\express\lib\router\index.js:328:13)
    at G:\Đồ án nodejs\NodeJs_Project\BE\node_modules\express\lib\router\index.js:286:9
    at Function.process_params (G:\Đồ án nodejs\NodeJs_Project\BE\node_modules\express\lib\router\index.js:346:12)
    at next (G:\Đồ án nodejs\NodeJs_Project\BE\node_modules\express\lib\router\index.js:280:10)
    at logger (G:\Đồ án nodejs\NodeJs_Project\BE\node_modules\morgan\index.js:144:5)
    at Layer.handle [as handle_request] (G:\Đồ án nodejs\NodeJs_Project\BE\node_modules\express\lib\router\layer.js:95:5)
    at trim_prefix (G:\Đồ án nodejs\NodeJs_Project\BE\node_modules\express\lib\router\index.js:328:13)
    at G:\Đồ án nodejs\NodeJs_Project\BE\node_modules\express\lib\router\index.js:286:9
2025-04-11 05:55:13:5513 error: Không tìm thấy - /mon-an?page=1&limit=10
Error: Không tìm thấy - /mon-an?page=1&limit=10
    at notFound (G:\Đồ án nodejs\NodeJs_Project\BE\middlewares\errorHandler.js:11:17)
    at Layer.handle [as handle_request] (G:\Đồ án nodejs\NodeJs_Project\BE\node_modules\express\lib\router\layer.js:95:5)
    at trim_prefix (G:\Đồ án nodejs\NodeJs_Project\BE\node_modules\express\lib\router\index.js:328:13)
    at G:\Đồ án nodejs\NodeJs_Project\BE\node_modules\express\lib\router\index.js:286:9
    at Function.process_params (G:\Đồ án nodejs\NodeJs_Project\BE\node_modules\express\lib\router\index.js:346:12)
    at next (G:\Đồ án nodejs\NodeJs_Project\BE\node_modules\express\lib\router\index.js:280:10)
    at logger (G:\Đồ án nodejs\NodeJs_Project\BE\node_modules\morgan\index.js:144:5)
    at Layer.handle [as handle_request] (G:\Đồ án nodejs\NodeJs_Project\BE\node_modules\express\lib\router\layer.js:95:5)
    at trim_prefix (G:\Đồ án nodejs\NodeJs_Project\BE\node_modules\express\lib\router\index.js:328:13)
    at G:\Đồ án nodejs\NodeJs_Project\BE\node_modules\express\lib\router\index.js:286:9
2025-04-11 05:55:13:5513 error: Không tìm thấy - /loai-mon-an?page=1&limit=10
Error: Không tìm thấy - /loai-mon-an?page=1&limit=10
    at notFound (G:\Đồ án nodejs\NodeJs_Project\BE\middlewares\errorHandler.js:11:17)
    at Layer.handle [as handle_request] (G:\Đồ án nodejs\NodeJs_Project\BE\node_modules\express\lib\router\layer.js:95:5)
    at trim_prefix (G:\Đồ án nodejs\NodeJs_Project\BE\node_modules\express\lib\router\index.js:328:13)
    at G:\Đồ án nodejs\NodeJs_Project\BE\node_modules\express\lib\router\index.js:286:9
    at Function.process_params (G:\Đồ án nodejs\NodeJs_Project\BE\node_modules\express\lib\router\index.js:346:12)
    at next (G:\Đồ án nodejs\NodeJs_Project\BE\node_modules\express\lib\router\index.js:280:10)
    at logger (G:\Đồ án nodejs\NodeJs_Project\BE\node_modules\morgan\index.js:144:5)
    at Layer.handle [as handle_request] (G:\Đồ án nodejs\NodeJs_Project\BE\node_modules\express\lib\router\layer.js:95:5)
    at trim_prefix (G:\Đồ án nodejs\NodeJs_Project\BE\node_modules\express\lib\router\index.js:328:13)
    at G:\Đồ án nodejs\NodeJs_Project\BE\node_modules\express\lib\router\index.js:286:9
2025-04-11 05:55:13:5513 error: Không tìm thấy - /mon-an?page=1&limit=10
Error: Không tìm thấy - /mon-an?page=1&limit=10
    at notFound (G:\Đồ án nodejs\NodeJs_Project\BE\middlewares\errorHandler.js:11:17)
    at Layer.handle [as handle_request] (G:\Đồ án nodejs\NodeJs_Project\BE\node_modules\express\lib\router\layer.js:95:5)
    at trim_prefix (G:\Đồ án nodejs\NodeJs_Project\BE\node_modules\express\lib\router\index.js:328:13)
    at G:\Đồ án nodejs\NodeJs_Project\BE\node_modules\express\lib\router\index.js:286:9
    at Function.process_params (G:\Đồ án nodejs\NodeJs_Project\BE\node_modules\express\lib\router\index.js:346:12)
    at next (G:\Đồ án nodejs\NodeJs_Project\BE\node_modules\express\lib\router\index.js:280:10)
    at logger (G:\Đồ án nodejs\NodeJs_Project\BE\node_modules\morgan\index.js:144:5)
    at Layer.handle [as handle_request] (G:\Đồ án nodejs\NodeJs_Project\BE\node_modules\express\lib\router\layer.js:95:5)
    at trim_prefix (G:\Đồ án nodejs\NodeJs_Project\BE\node_modules\express\lib\router\index.js:328:13)
    at G:\Đồ án nodejs\NodeJs_Project\BE\node_modules\express\lib\router\index.js:286:9
2025-04-11 05:59:09:599 error: Không tìm thấy - /auth/current
Error: Không tìm thấy - /auth/current
    at notFound (G:\Đồ án nodejs\NodeJs_Project\BE\middlewares\errorHandler.js:11:17)
    at Layer.handle [as handle_request] (G:\Đồ án nodejs\NodeJs_Project\BE\node_modules\express\lib\router\layer.js:95:5)
    at trim_prefix (G:\Đồ án nodejs\NodeJs_Project\BE\node_modules\express\lib\router\index.js:328:13)
    at G:\Đồ án nodejs\NodeJs_Project\BE\node_modules\express\lib\router\index.js:286:9
    at Function.process_params (G:\Đồ án nodejs\NodeJs_Project\BE\node_modules\express\lib\router\index.js:346:12)
    at next (G:\Đồ án nodejs\NodeJs_Project\BE\node_modules\express\lib\router\index.js:280:10)
    at logger (G:\Đồ án nodejs\NodeJs_Project\BE\node_modules\morgan\index.js:144:5)
    at Layer.handle [as handle_request] (G:\Đồ án nodejs\NodeJs_Project\BE\node_modules\express\lib\router\layer.js:95:5)
    at trim_prefix (G:\Đồ án nodejs\NodeJs_Project\BE\node_modules\express\lib\router\index.js:328:13)
    at G:\Đồ án nodejs\NodeJs_Project\BE\node_modules\express\lib\router\index.js:286:9
2025-04-11 06:02:04:24 error: Không tìm thấy - /auth/login
Error: Không tìm thấy - /auth/login
    at notFound (G:\Đồ án nodejs\NodeJs_Project\BE\middlewares\errorHandler.js:11:17)
    at Layer.handle [as handle_request] (G:\Đồ án nodejs\NodeJs_Project\BE\node_modules\express\lib\router\layer.js:95:5)
    at trim_prefix (G:\Đồ án nodejs\NodeJs_Project\BE\node_modules\express\lib\router\index.js:328:13)
    at G:\Đồ án nodejs\NodeJs_Project\BE\node_modules\express\lib\router\index.js:286:9
    at Function.process_params (G:\Đồ án nodejs\NodeJs_Project\BE\node_modules\express\lib\router\index.js:346:12)
    at next (G:\Đồ án nodejs\NodeJs_Project\BE\node_modules\express\lib\router\index.js:280:10)
    at logger (G:\Đồ án nodejs\NodeJs_Project\BE\node_modules\morgan\index.js:144:5)
    at Layer.handle [as handle_request] (G:\Đồ án nodejs\NodeJs_Project\BE\node_modules\express\lib\router\layer.js:95:5)
    at trim_prefix (G:\Đồ án nodejs\NodeJs_Project\BE\node_modules\express\lib\router\index.js:328:13)
    at G:\Đồ án nodejs\NodeJs_Project\BE\node_modules\express\lib\router\index.js:286:9
2025-04-11 06:02:24:224 error: Không tìm thấy - /auth/login
Error: Không tìm thấy - /auth/login
    at notFound (G:\Đồ án nodejs\NodeJs_Project\BE\middlewares\errorHandler.js:11:17)
    at Layer.handle [as handle_request] (G:\Đồ án nodejs\NodeJs_Project\BE\node_modules\express\lib\router\layer.js:95:5)
    at trim_prefix (G:\Đồ án nodejs\NodeJs_Project\BE\node_modules\express\lib\router\index.js:328:13)
    at G:\Đồ án nodejs\NodeJs_Project\BE\node_modules\express\lib\router\index.js:286:9
    at Function.process_params (G:\Đồ án nodejs\NodeJs_Project\BE\node_modules\express\lib\router\index.js:346:12)
    at next (G:\Đồ án nodejs\NodeJs_Project\BE\node_modules\express\lib\router\index.js:280:10)
    at logger (G:\Đồ án nodejs\NodeJs_Project\BE\node_modules\morgan\index.js:144:5)
    at Layer.handle [as handle_request] (G:\Đồ án nodejs\NodeJs_Project\BE\node_modules\express\lib\router\layer.js:95:5)
    at trim_prefix (G:\Đồ án nodejs\NodeJs_Project\BE\node_modules\express\lib\router\index.js:328:13)
    at G:\Đồ án nodejs\NodeJs_Project\BE\node_modules\express\lib\router\index.js:286:9
2025-04-11 06:02:27:227 error: Không tìm thấy - /auth/login
Error: Không tìm thấy - /auth/login
    at notFound (G:\Đồ án nodejs\NodeJs_Project\BE\middlewares\errorHandler.js:11:17)
    at Layer.handle [as handle_request] (G:\Đồ án nodejs\NodeJs_Project\BE\node_modules\express\lib\router\layer.js:95:5)
    at trim_prefix (G:\Đồ án nodejs\NodeJs_Project\BE\node_modules\express\lib\router\index.js:328:13)
    at G:\Đồ án nodejs\NodeJs_Project\BE\node_modules\express\lib\router\index.js:286:9
    at Function.process_params (G:\Đồ án nodejs\NodeJs_Project\BE\node_modules\express\lib\router\index.js:346:12)
    at next (G:\Đồ án nodejs\NodeJs_Project\BE\node_modules\express\lib\router\index.js:280:10)
    at logger (G:\Đồ án nodejs\NodeJs_Project\BE\node_modules\morgan\index.js:144:5)
    at Layer.handle [as handle_request] (G:\Đồ án nodejs\NodeJs_Project\BE\node_modules\express\lib\router\layer.js:95:5)
    at trim_prefix (G:\Đồ án nodejs\NodeJs_Project\BE\node_modules\express\lib\router\index.js:328:13)
    at G:\Đồ án nodejs\NodeJs_Project\BE\node_modules\express\lib\router\index.js:286:9
2025-04-11 06:02:28:228 error: Không tìm thấy - /auth/login
Error: Không tìm thấy - /auth/login
    at notFound (G:\Đồ án nodejs\NodeJs_Project\BE\middlewares\errorHandler.js:11:17)
    at Layer.handle [as handle_request] (G:\Đồ án nodejs\NodeJs_Project\BE\node_modules\express\lib\router\layer.js:95:5)
    at trim_prefix (G:\Đồ án nodejs\NodeJs_Project\BE\node_modules\express\lib\router\index.js:328:13)
    at G:\Đồ án nodejs\NodeJs_Project\BE\node_modules\express\lib\router\index.js:286:9
    at Function.process_params (G:\Đồ án nodejs\NodeJs_Project\BE\node_modules\express\lib\router\index.js:346:12)
    at next (G:\Đồ án nodejs\NodeJs_Project\BE\node_modules\express\lib\router\index.js:280:10)
    at logger (G:\Đồ án nodejs\NodeJs_Project\BE\node_modules\morgan\index.js:144:5)
    at Layer.handle [as handle_request] (G:\Đồ án nodejs\NodeJs_Project\BE\node_modules\express\lib\router\layer.js:95:5)
    at trim_prefix (G:\Đồ án nodejs\NodeJs_Project\BE\node_modules\express\lib\router\index.js:328:13)
    at G:\Đồ án nodejs\NodeJs_Project\BE\node_modules\express\lib\router\index.js:286:9
2025-04-11 06:02:52:252 error: Không tìm thấy - /auth/login
Error: Không tìm thấy - /auth/login
    at notFound (G:\Đồ án nodejs\NodeJs_Project\BE\middlewares\errorHandler.js:11:17)
    at Layer.handle [as handle_request] (G:\Đồ án nodejs\NodeJs_Project\BE\node_modules\express\lib\router\layer.js:95:5)
    at trim_prefix (G:\Đồ án nodejs\NodeJs_Project\BE\node_modules\express\lib\router\index.js:328:13)
    at G:\Đồ án nodejs\NodeJs_Project\BE\node_modules\express\lib\router\index.js:286:9
    at Function.process_params (G:\Đồ án nodejs\NodeJs_Project\BE\node_modules\express\lib\router\index.js:346:12)
    at next (G:\Đồ án nodejs\NodeJs_Project\BE\node_modules\express\lib\router\index.js:280:10)
    at logger (G:\Đồ án nodejs\NodeJs_Project\BE\node_modules\morgan\index.js:144:5)
    at Layer.handle [as handle_request] (G:\Đồ án nodejs\NodeJs_Project\BE\node_modules\express\lib\router\layer.js:95:5)
    at trim_prefix (G:\Đồ án nodejs\NodeJs_Project\BE\node_modules\express\lib\router\index.js:328:13)
    at G:\Đồ án nodejs\NodeJs_Project\BE\node_modules\express\lib\router\index.js:286:9
2025-04-11 06:06:15:615 error: request aborted
BadRequestError: request aborted
    at IncomingMessage.onAborted (G:\Đồ án nodejs\NodeJs_Project\BE\node_modules\raw-body\index.js:245:10)
    at IncomingMessage.emit (node:events:519:28)
    at IncomingMessage._destroy (node:_http_incoming:221:10)
    at _destroy (node:internal/streams/destroy:121:10)
    at IncomingMessage.destroy (node:internal/streams/destroy:83:5)
    at abortIncoming (node:_http_server:796:9)
    at socketOnClose (node:_http_server:790:3)
    at Socket.emit (node:events:531:35)
    at TCP.<anonymous> (node:net:339:12)
2025-04-11 06:07:23:723 error: request aborted
BadRequestError: request aborted
    at IncomingMessage.onAborted (G:\Đồ án nodejs\NodeJs_Project\BE\node_modules\raw-body\index.js:245:10)
    at IncomingMessage.emit (node:events:519:28)
    at IncomingMessage._destroy (node:_http_incoming:221:10)
    at _destroy (node:internal/streams/destroy:121:10)
    at IncomingMessage.destroy (node:internal/streams/destroy:83:5)
    at abortIncoming (node:_http_server:796:9)
    at socketOnClose (node:_http_server:790:3)
    at Socket.emit (node:events:531:35)
    at TCP.<anonymous> (node:net:339:12)
2025-04-11 06:09:30:930 error: Không tìm thấy - /api/users/67f63fb5640a5350a0c3c375
Error: Không tìm thấy - /api/users/67f63fb5640a5350a0c3c375
    at notFound (G:\Đồ án nodejs\NodeJs_Project\BE\middlewares\errorHandler.js:11:17)
    at Layer.handle [as handle_request] (G:\Đồ án nodejs\NodeJs_Project\BE\node_modules\express\lib\router\layer.js:95:5)
    at trim_prefix (G:\Đồ án nodejs\NodeJs_Project\BE\node_modules\express\lib\router\index.js:328:13)
    at G:\Đồ án nodejs\NodeJs_Project\BE\node_modules\express\lib\router\index.js:286:9
    at Function.process_params (G:\Đồ án nodejs\NodeJs_Project\BE\node_modules\express\lib\router\index.js:346:12)
    at next (G:\Đồ án nodejs\NodeJs_Project\BE\node_modules\express\lib\router\index.js:280:10)
    at G:\Đồ án nodejs\NodeJs_Project\BE\node_modules\express\lib\router\index.js:646:15
    at next (G:\Đồ án nodejs\NodeJs_Project\BE\node_modules\express\lib\router\index.js:265:14)
    at Function.handle (G:\Đồ án nodejs\NodeJs_Project\BE\node_modules\express\lib\router\index.js:175:3)
    at router (G:\Đồ án nodejs\NodeJs_Project\BE\node_modules\express\lib\router\index.js:47:12)
2025-04-11 06:09:44:944 error: request aborted
BadRequestError: request aborted
    at IncomingMessage.onAborted (G:\Đồ án nodejs\NodeJs_Project\BE\node_modules\raw-body\index.js:245:10)
    at IncomingMessage.emit (node:events:519:28)
    at IncomingMessage._destroy (node:_http_incoming:221:10)
    at _destroy (node:internal/streams/destroy:121:10)
    at IncomingMessage.destroy (node:internal/streams/destroy:83:5)
    at abortIncoming (node:_http_server:796:9)
    at socketOnClose (node:_http_server:790:3)
    at Socket.emit (node:events:531:35)
    at TCP.<anonymous> (node:net:339:12)
2025-04-11 06:09:46:946 error: request aborted
BadRequestError: request aborted
    at IncomingMessage.onAborted (G:\Đồ án nodejs\NodeJs_Project\BE\node_modules\raw-body\index.js:245:10)
    at IncomingMessage.emit (node:events:519:28)
    at IncomingMessage._destroy (node:_http_incoming:221:10)
    at _destroy (node:internal/streams/destroy:121:10)
    at IncomingMessage.destroy (node:internal/streams/destroy:83:5)
    at abortIncoming (node:_http_server:796:9)
    at socketOnClose (node:_http_server:790:3)
    at Socket.emit (node:events:531:35)
    at TCP.<anonymous> (node:net:339:12)
2025-04-11 06:10:07:107 error: request aborted
BadRequestError: request aborted
    at IncomingMessage.onAborted (G:\Đồ án nodejs\NodeJs_Project\BE\node_modules\raw-body\index.js:245:10)
    at IncomingMessage.emit (node:events:519:28)
    at IncomingMessage._destroy (node:_http_incoming:221:10)
    at _destroy (node:internal/streams/destroy:121:10)
    at IncomingMessage.destroy (node:internal/streams/destroy:83:5)
    at abortIncoming (node:_http_server:796:9)
    at socketOnClose (node:_http_server:790:3)
    at Socket.emit (node:events:531:35)
    at TCP.<anonymous> (node:net:339:12)
2025-04-11 06:10:14:1014 error: request aborted
BadRequestError: request aborted
    at IncomingMessage.onAborted (G:\Đồ án nodejs\NodeJs_Project\BE\node_modules\raw-body\index.js:245:10)
    at IncomingMessage.emit (node:events:519:28)
    at IncomingMessage._destroy (node:_http_incoming:221:10)
    at _destroy (node:internal/streams/destroy:121:10)
    at IncomingMessage.destroy (node:internal/streams/destroy:83:5)
    at abortIncoming (node:_http_server:796:9)
    at socketOnClose (node:_http_server:790:3)
    at Socket.emit (node:events:531:35)
    at TCP.<anonymous> (node:net:339:12)
2025-04-11 08:46:04:464 error: request aborted
BadRequestError: request aborted
    at IncomingMessage.onAborted (G:\Đồ án nodejs\NodeJs_Project\BE\node_modules\raw-body\index.js:245:10)
    at IncomingMessage.emit (node:events:519:28)
    at IncomingMessage._destroy (node:_http_incoming:221:10)
    at _destroy (node:internal/streams/destroy:121:10)
    at IncomingMessage.destroy (node:internal/streams/destroy:83:5)
    at abortIncoming (node:_http_server:796:9)
    at socketOnClose (node:_http_server:790:3)
    at Socket.emit (node:events:531:35)
    at TCP.<anonymous> (node:net:339:12)
2025-04-11 08:46:21:4621 error: request aborted
BadRequestError: request aborted
    at IncomingMessage.onAborted (G:\Đồ án nodejs\NodeJs_Project\BE\node_modules\raw-body\index.js:245:10)
    at IncomingMessage.emit (node:events:519:28)
    at IncomingMessage._destroy (node:_http_incoming:221:10)
    at _destroy (node:internal/streams/destroy:121:10)
    at IncomingMessage.destroy (node:internal/streams/destroy:83:5)
    at abortIncoming (node:_http_server:796:9)
    at socketOnClose (node:_http_server:790:3)
    at Socket.emit (node:events:531:35)
    at TCP.<anonymous> (node:net:339:12)
2025-04-11 08:46:34:4634 error: request aborted
BadRequestError: request aborted
    at IncomingMessage.onAborted (G:\Đồ án nodejs\NodeJs_Project\BE\node_modules\raw-body\index.js:245:10)
    at IncomingMessage.emit (node:events:519:28)
    at IncomingMessage._destroy (node:_http_incoming:221:10)
    at _destroy (node:internal/streams/destroy:121:10)
    at IncomingMessage.destroy (node:internal/streams/destroy:83:5)
    at abortIncoming (node:_http_server:796:9)
    at socketOnClose (node:_http_server:790:3)
    at Socket.emit (node:events:531:35)
    at TCP.<anonymous> (node:net:339:12)
2025-04-11 08:46:51:4651 error: request aborted
BadRequestError: request aborted
    at IncomingMessage.onAborted (G:\Đồ án nodejs\NodeJs_Project\BE\node_modules\raw-body\index.js:245:10)
    at IncomingMessage.emit (node:events:519:28)
    at IncomingMessage._destroy (node:_http_incoming:221:10)
    at _destroy (node:internal/streams/destroy:121:10)
    at IncomingMessage.destroy (node:internal/streams/destroy:83:5)
    at abortIncoming (node:_http_server:796:9)
    at socketOnClose (node:_http_server:790:3)
    at Socket.emit (node:events:531:35)
    at TCP.<anonymous> (node:net:339:12)
2025-04-11 08:58:39:5839 error: Proxy error (Auth): 
2025-04-11 09:00:07:07 error: Không tìm thấy - /api/users/67f63fb5640a5350a0c3c375
Error: Không tìm thấy - /api/users/67f63fb5640a5350a0c3c375
    at notFound (G:\Đồ án nodejs\NodeJs_Project\BE\middlewares\errorHandler.js:11:17)
    at Layer.handle [as handle_request] (G:\Đồ án nodejs\NodeJs_Project\BE\node_modules\express\lib\router\layer.js:95:5)
    at trim_prefix (G:\Đồ án nodejs\NodeJs_Project\BE\node_modules\express\lib\router\index.js:328:13)
    at G:\Đồ án nodejs\NodeJs_Project\BE\node_modules\express\lib\router\index.js:286:9
    at Function.process_params (G:\Đồ án nodejs\NodeJs_Project\BE\node_modules\express\lib\router\index.js:346:12)
    at next (G:\Đồ án nodejs\NodeJs_Project\BE\node_modules\express\lib\router\index.js:280:10)
    at G:\Đồ án nodejs\NodeJs_Project\BE\node_modules\express\lib\router\index.js:646:15
    at next (G:\Đồ án nodejs\NodeJs_Project\BE\node_modules\express\lib\router\index.js:265:14)
    at Function.handle (G:\Đồ án nodejs\NodeJs_Project\BE\node_modules\express\lib\router\index.js:175:3)
    at router (G:\Đồ án nodejs\NodeJs_Project\BE\node_modules\express\lib\router\index.js:47:12)
2025-04-11 09:00:20:020 error: Không tìm thấy - /api/users/67f64b7850f66a512e803e46
Error: Không tìm thấy - /api/users/67f64b7850f66a512e803e46
    at notFound (G:\Đồ án nodejs\NodeJs_Project\BE\middlewares\errorHandler.js:11:17)
    at Layer.handle [as handle_request] (G:\Đồ án nodejs\NodeJs_Project\BE\node_modules\express\lib\router\layer.js:95:5)
    at trim_prefix (G:\Đồ án nodejs\NodeJs_Project\BE\node_modules\express\lib\router\index.js:328:13)
    at G:\Đồ án nodejs\NodeJs_Project\BE\node_modules\express\lib\router\index.js:286:9
    at Function.process_params (G:\Đồ án nodejs\NodeJs_Project\BE\node_modules\express\lib\router\index.js:346:12)
    at next (G:\Đồ án nodejs\NodeJs_Project\BE\node_modules\express\lib\router\index.js:280:10)
    at G:\Đồ án nodejs\NodeJs_Project\BE\node_modules\express\lib\router\index.js:646:15
    at next (G:\Đồ án nodejs\NodeJs_Project\BE\node_modules\express\lib\router\index.js:265:14)
    at Function.handle (G:\Đồ án nodejs\NodeJs_Project\BE\node_modules\express\lib\router\index.js:175:3)
    at router (G:\Đồ án nodejs\NodeJs_Project\BE\node_modules\express\lib\router\index.js:47:12)
2025-04-11 09:13:07:137 error: request aborted
BadRequestError: request aborted
    at IncomingMessage.onAborted (G:\Đồ án nodejs\NodeJs_Project\BE\node_modules\express\node_modules\raw-body\index.js:245:10)
    at IncomingMessage.emit (node:events:519:28)
    at IncomingMessage._destroy (node:_http_incoming:221:10)
    at _destroy (node:internal/streams/destroy:121:10)
    at IncomingMessage.destroy (node:internal/streams/destroy:83:5)
    at abortIncoming (node:_http_server:796:9)
    at socketOnClose (node:_http_server:790:3)
    at Socket.emit (node:events:531:35)
    at TCP.<anonymous> (node:net:339:12)
2025-04-11 09:13:37:1337 error: request aborted
BadRequestError: request aborted
    at IncomingMessage.onAborted (G:\Đồ án nodejs\NodeJs_Project\BE\node_modules\express\node_modules\raw-body\index.js:245:10)
    at IncomingMessage.emit (node:events:519:28)
    at IncomingMessage._destroy (node:_http_incoming:221:10)
    at _destroy (node:internal/streams/destroy:121:10)
    at IncomingMessage.destroy (node:internal/streams/destroy:83:5)
    at abortIncoming (node:_http_server:796:9)
    at socketOnClose (node:_http_server:790:3)
    at Socket.emit (node:events:531:35)
    at TCP.<anonymous> (node:net:339:12)
2025-04-13 06:48:55:4855 error: Không tìm thấy - /manwah-logo.png
Error: Không tìm thấy - /manwah-logo.png
    at notFound (D:\DoAnNodeJs\BE\middlewares\errorHandler.js:11:17)
    at Layer.handle [as handle_request] (D:\DoAnNodeJs\BE\node_modules\express\lib\router\layer.js:95:5)
    at trim_prefix (D:\DoAnNodeJs\BE\node_modules\express\lib\router\index.js:328:13)
    at D:\DoAnNodeJs\BE\node_modules\express\lib\router\index.js:286:9
    at Function.process_params (D:\DoAnNodeJs\BE\node_modules\express\lib\router\index.js:346:12)
    at next (D:\DoAnNodeJs\BE\node_modules\express\lib\router\index.js:280:10)
    at D:\DoAnNodeJs\BE\services\order\server.js:86:3
    at Layer.handle [as handle_request] (D:\DoAnNodeJs\BE\node_modules\express\lib\router\layer.js:95:5)
    at trim_prefix (D:\DoAnNodeJs\BE\node_modules\express\lib\router\index.js:328:13)
    at D:\DoAnNodeJs\BE\node_modules\express\lib\router\index.js:286:9
2025-04-13 06:48:55:4855 error: Không tìm thấy - /avatars/default-avatar.png
Error: Không tìm thấy - /avatars/default-avatar.png
    at notFound (D:\DoAnNodeJs\BE\middlewares\errorHandler.js:11:17)
    at Layer.handle [as handle_request] (D:\DoAnNodeJs\BE\node_modules\express\lib\router\layer.js:95:5)
    at trim_prefix (D:\DoAnNodeJs\BE\node_modules\express\lib\router\index.js:328:13)
    at D:\DoAnNodeJs\BE\node_modules\express\lib\router\index.js:286:9
    at Function.process_params (D:\DoAnNodeJs\BE\node_modules\express\lib\router\index.js:346:12)
    at next (D:\DoAnNodeJs\BE\node_modules\express\lib\router\index.js:280:10)
    at D:\DoAnNodeJs\BE\services\order\server.js:86:3
    at Layer.handle [as handle_request] (D:\DoAnNodeJs\BE\node_modules\express\lib\router\layer.js:95:5)
    at trim_prefix (D:\DoAnNodeJs\BE\node_modules\express\lib\router\index.js:328:13)
    at D:\DoAnNodeJs\BE\node_modules\express\lib\router\index.js:286:9
2025-04-13 06:49:38:4938 error: Không tìm thấy - /default-avatar.png
Error: Không tìm thấy - /default-avatar.png
    at notFound (D:\DoAnNodeJs\BE\middlewares\errorHandler.js:11:17)
    at Layer.handle [as handle_request] (D:\DoAnNodeJs\BE\node_modules\express\lib\router\layer.js:95:5)
    at trim_prefix (D:\DoAnNodeJs\BE\node_modules\express\lib\router\index.js:328:13)
    at D:\DoAnNodeJs\BE\node_modules\express\lib\router\index.js:286:9
    at Function.process_params (D:\DoAnNodeJs\BE\node_modules\express\lib\router\index.js:346:12)
    at next (D:\DoAnNodeJs\BE\node_modules\express\lib\router\index.js:280:10)
    at D:\DoAnNodeJs\BE\services\order\server.js:86:3
    at Layer.handle [as handle_request] (D:\DoAnNodeJs\BE\node_modules\express\lib\router\layer.js:95:5)
    at trim_prefix (D:\DoAnNodeJs\BE\node_modules\express\lib\router\index.js:328:13)
    at D:\DoAnNodeJs\BE\node_modules\express\lib\router\index.js:286:9
2025-04-13 06:53:28:5328 error: request aborted
BadRequestError: request aborted
    at IncomingMessage.onAborted (D:\DoAnNodeJs\BE\node_modules\express\node_modules\raw-body\index.js:245:10)
    at IncomingMessage.emit (node:events:519:28)
    at IncomingMessage._destroy (node:_http_incoming:221:10)
    at _destroy (node:internal/streams/destroy:121:10)
    at IncomingMessage.destroy (node:internal/streams/destroy:83:5)
    at abortIncoming (node:_http_server:796:9)
    at socketOnClose (node:_http_server:790:3)
    at Socket.emit (node:events:531:35)
    at TCP.<anonymous> (node:net:339:12)
2025-04-13 07:03:20:320 error: Không tìm thấy - /admin/default-avatar.png
Error: Không tìm thấy - /admin/default-avatar.png
    at notFound (D:\DoAnNodeJs\BE\middlewares\errorHandler.js:11:17)
    at Layer.handle [as handle_request] (D:\DoAnNodeJs\BE\node_modules\express\lib\router\layer.js:95:5)
    at trim_prefix (D:\DoAnNodeJs\BE\node_modules\express\lib\router\index.js:328:13)
    at D:\DoAnNodeJs\BE\node_modules\express\lib\router\index.js:286:9
    at Function.process_params (D:\DoAnNodeJs\BE\node_modules\express\lib\router\index.js:346:12)
    at next (D:\DoAnNodeJs\BE\node_modules\express\lib\router\index.js:280:10)
    at D:\DoAnNodeJs\BE\services\order\server.js:127:3
    at Layer.handle [as handle_request] (D:\DoAnNodeJs\BE\node_modules\express\lib\router\layer.js:95:5)
    at trim_prefix (D:\DoAnNodeJs\BE\node_modules\express\lib\router\index.js:328:13)
    at D:\DoAnNodeJs\BE\node_modules\express\lib\router\index.js:286:9
2025-04-13 07:04:02:42 error: Không tìm thấy - /admin/default-avatar.png
Error: Không tìm thấy - /admin/default-avatar.png
    at notFound (D:\DoAnNodeJs\BE\middlewares\errorHandler.js:11:17)
    at Layer.handle [as handle_request] (D:\DoAnNodeJs\BE\node_modules\express\lib\router\layer.js:95:5)
    at trim_prefix (D:\DoAnNodeJs\BE\node_modules\express\lib\router\index.js:328:13)
    at D:\DoAnNodeJs\BE\node_modules\express\lib\router\index.js:286:9
    at Function.process_params (D:\DoAnNodeJs\BE\node_modules\express\lib\router\index.js:346:12)
    at next (D:\DoAnNodeJs\BE\node_modules\express\lib\router\index.js:280:10)
    at D:\DoAnNodeJs\BE\services\order\server.js:127:3
    at Layer.handle [as handle_request] (D:\DoAnNodeJs\BE\node_modules\express\lib\router\layer.js:95:5)
    at trim_prefix (D:\DoAnNodeJs\BE\node_modules\express\lib\router\index.js:328:13)
    at D:\DoAnNodeJs\BE\node_modules\express\lib\router\index.js:286:9
2025-04-13 07:04:25:425 error: Không tìm thấy - /admin/default-avatar.png
Error: Không tìm thấy - /admin/default-avatar.png
    at notFound (D:\DoAnNodeJs\BE\middlewares\errorHandler.js:11:17)
    at Layer.handle [as handle_request] (D:\DoAnNodeJs\BE\node_modules\express\lib\router\layer.js:95:5)
    at trim_prefix (D:\DoAnNodeJs\BE\node_modules\express\lib\router\index.js:328:13)
    at D:\DoAnNodeJs\BE\node_modules\express\lib\router\index.js:286:9
    at Function.process_params (D:\DoAnNodeJs\BE\node_modules\express\lib\router\index.js:346:12)
    at next (D:\DoAnNodeJs\BE\node_modules\express\lib\router\index.js:280:10)
    at D:\DoAnNodeJs\BE\services\order\server.js:127:3
    at Layer.handle [as handle_request] (D:\DoAnNodeJs\BE\node_modules\express\lib\router\layer.js:95:5)
    at trim_prefix (D:\DoAnNodeJs\BE\node_modules\express\lib\router\index.js:328:13)
    at D:\DoAnNodeJs\BE\node_modules\express\lib\router\index.js:286:9
2025-04-13 07:06:12:612 error: Không tìm thấy - /admin/default-avatar.png
Error: Không tìm thấy - /admin/default-avatar.png
    at notFound (D:\DoAnNodeJs\BE\middlewares\errorHandler.js:11:17)
    at Layer.handle [as handle_request] (D:\DoAnNodeJs\BE\node_modules\express\lib\router\layer.js:95:5)
    at trim_prefix (D:\DoAnNodeJs\BE\node_modules\express\lib\router\index.js:328:13)
    at D:\DoAnNodeJs\BE\node_modules\express\lib\router\index.js:286:9
    at Function.process_params (D:\DoAnNodeJs\BE\node_modules\express\lib\router\index.js:346:12)
    at next (D:\DoAnNodeJs\BE\node_modules\express\lib\router\index.js:280:10)
    at D:\DoAnNodeJs\BE\services\order\server.js:127:3
    at Layer.handle [as handle_request] (D:\DoAnNodeJs\BE\node_modules\express\lib\router\layer.js:95:5)
    at trim_prefix (D:\DoAnNodeJs\BE\node_modules\express\lib\router\index.js:328:13)
    at D:\DoAnNodeJs\BE\node_modules\express\lib\router\index.js:286:9
2025-04-13 07:06:34:634 error: Không tìm thấy - /admin/default-avatar.png
Error: Không tìm thấy - /admin/default-avatar.png
    at notFound (D:\DoAnNodeJs\BE\middlewares\errorHandler.js:11:17)
    at Layer.handle [as handle_request] (D:\DoAnNodeJs\BE\node_modules\express\lib\router\layer.js:95:5)
    at trim_prefix (D:\DoAnNodeJs\BE\node_modules\express\lib\router\index.js:328:13)
    at D:\DoAnNodeJs\BE\node_modules\express\lib\router\index.js:286:9
    at Function.process_params (D:\DoAnNodeJs\BE\node_modules\express\lib\router\index.js:346:12)
    at next (D:\DoAnNodeJs\BE\node_modules\express\lib\router\index.js:280:10)
    at D:\DoAnNodeJs\BE\services\order\server.js:127:3
    at Layer.handle [as handle_request] (D:\DoAnNodeJs\BE\node_modules\express\lib\router\layer.js:95:5)
    at trim_prefix (D:\DoAnNodeJs\BE\node_modules\express\lib\router\index.js:328:13)
    at D:\DoAnNodeJs\BE\node_modules\express\lib\router\index.js:286:9
2025-04-13 07:06:56:656 error: Không tìm thấy - /admin/default-avatar.png
Error: Không tìm thấy - /admin/default-avatar.png
    at notFound (D:\DoAnNodeJs\BE\middlewares\errorHandler.js:11:17)
    at Layer.handle [as handle_request] (D:\DoAnNodeJs\BE\node_modules\express\lib\router\layer.js:95:5)
    at trim_prefix (D:\DoAnNodeJs\BE\node_modules\express\lib\router\index.js:328:13)
    at D:\DoAnNodeJs\BE\node_modules\express\lib\router\index.js:286:9
    at Function.process_params (D:\DoAnNodeJs\BE\node_modules\express\lib\router\index.js:346:12)
    at next (D:\DoAnNodeJs\BE\node_modules\express\lib\router\index.js:280:10)
    at D:\DoAnNodeJs\BE\services\order\server.js:127:3
    at Layer.handle [as handle_request] (D:\DoAnNodeJs\BE\node_modules\express\lib\router\layer.js:95:5)
    at trim_prefix (D:\DoAnNodeJs\BE\node_modules\express\lib\router\index.js:328:13)
    at D:\DoAnNodeJs\BE\node_modules\express\lib\router\index.js:286:9
2025-04-13 07:08:10:810 error: Không tìm thấy - /admin/default-avatar.png
Error: Không tìm thấy - /admin/default-avatar.png
    at notFound (D:\DoAnNodeJs\BE\middlewares\errorHandler.js:11:17)
    at Layer.handle [as handle_request] (D:\DoAnNodeJs\BE\node_modules\express\lib\router\layer.js:95:5)
    at trim_prefix (D:\DoAnNodeJs\BE\node_modules\express\lib\router\index.js:328:13)
    at D:\DoAnNodeJs\BE\node_modules\express\lib\router\index.js:286:9
    at Function.process_params (D:\DoAnNodeJs\BE\node_modules\express\lib\router\index.js:346:12)
    at next (D:\DoAnNodeJs\BE\node_modules\express\lib\router\index.js:280:10)
    at D:\DoAnNodeJs\BE\services\order\server.js:127:3
    at Layer.handle [as handle_request] (D:\DoAnNodeJs\BE\node_modules\express\lib\router\layer.js:95:5)
    at trim_prefix (D:\DoAnNodeJs\BE\node_modules\express\lib\router\index.js:328:13)
    at D:\DoAnNodeJs\BE\node_modules\express\lib\router\index.js:286:9
2025-04-13 07:09:45:945 error: Không tìm thấy - /manwah-logo.png
Error: Không tìm thấy - /manwah-logo.png
    at notFound (D:\DoAnNodeJs\BE\middlewares\errorHandler.js:11:17)
    at Layer.handle [as handle_request] (D:\DoAnNodeJs\BE\node_modules\express\lib\router\layer.js:95:5)
    at trim_prefix (D:\DoAnNodeJs\BE\node_modules\express\lib\router\index.js:328:13)
    at D:\DoAnNodeJs\BE\node_modules\express\lib\router\index.js:286:9
    at Function.process_params (D:\DoAnNodeJs\BE\node_modules\express\lib\router\index.js:346:12)
    at next (D:\DoAnNodeJs\BE\node_modules\express\lib\router\index.js:280:10)
    at D:\DoAnNodeJs\BE\services\order\server.js:127:3
    at Layer.handle [as handle_request] (D:\DoAnNodeJs\BE\node_modules\express\lib\router\layer.js:95:5)
    at trim_prefix (D:\DoAnNodeJs\BE\node_modules\express\lib\router\index.js:328:13)
    at D:\DoAnNodeJs\BE\node_modules\express\lib\router\index.js:286:9
2025-04-13 07:09:46:946 error: Không tìm thấy - /avatars/default-avatar.png
Error: Không tìm thấy - /avatars/default-avatar.png
    at notFound (D:\DoAnNodeJs\BE\middlewares\errorHandler.js:11:17)
    at Layer.handle [as handle_request] (D:\DoAnNodeJs\BE\node_modules\express\lib\router\layer.js:95:5)
    at trim_prefix (D:\DoAnNodeJs\BE\node_modules\express\lib\router\index.js:328:13)
    at D:\DoAnNodeJs\BE\node_modules\express\lib\router\index.js:286:9
    at Function.process_params (D:\DoAnNodeJs\BE\node_modules\express\lib\router\index.js:346:12)
    at next (D:\DoAnNodeJs\BE\node_modules\express\lib\router\index.js:280:10)
    at D:\DoAnNodeJs\BE\services\order\server.js:127:3
    at Layer.handle [as handle_request] (D:\DoAnNodeJs\BE\node_modules\express\lib\router\layer.js:95:5)
    at trim_prefix (D:\DoAnNodeJs\BE\node_modules\express\lib\router\index.js:328:13)
    at D:\DoAnNodeJs\BE\node_modules\express\lib\router\index.js:286:9
2025-04-13 07:10:43:1043 error: Không tìm thấy - /default-avatar.png
Error: Không tìm thấy - /default-avatar.png
    at notFound (D:\DoAnNodeJs\BE\middlewares\errorHandler.js:11:17)
    at Layer.handle [as handle_request] (D:\DoAnNodeJs\BE\node_modules\express\lib\router\layer.js:95:5)
    at trim_prefix (D:\DoAnNodeJs\BE\node_modules\express\lib\router\index.js:328:13)
    at D:\DoAnNodeJs\BE\node_modules\express\lib\router\index.js:286:9
    at Function.process_params (D:\DoAnNodeJs\BE\node_modules\express\lib\router\index.js:346:12)
    at next (D:\DoAnNodeJs\BE\node_modules\express\lib\router\index.js:280:10)
    at D:\DoAnNodeJs\BE\services\order\server.js:127:3
    at Layer.handle [as handle_request] (D:\DoAnNodeJs\BE\node_modules\express\lib\router\layer.js:95:5)
    at trim_prefix (D:\DoAnNodeJs\BE\node_modules\express\lib\router\index.js:328:13)
    at D:\DoAnNodeJs\BE\node_modules\express\lib\router\index.js:286:9
2025-04-13 07:12:37:1237 error: Không tìm thấy - /manwah-logo.png
Error: Không tìm thấy - /manwah-logo.png
    at notFound (D:\DoAnNodeJs\BE\middlewares\errorHandler.js:11:17)
    at Layer.handle [as handle_request] (D:\DoAnNodeJs\BE\node_modules\express\lib\router\layer.js:95:5)
    at trim_prefix (D:\DoAnNodeJs\BE\node_modules\express\lib\router\index.js:328:13)
    at D:\DoAnNodeJs\BE\node_modules\express\lib\router\index.js:286:9
    at Function.process_params (D:\DoAnNodeJs\BE\node_modules\express\lib\router\index.js:346:12)
    at next (D:\DoAnNodeJs\BE\node_modules\express\lib\router\index.js:280:10)
    at D:\DoAnNodeJs\BE\services\order\server.js:127:3
    at Layer.handle [as handle_request] (D:\DoAnNodeJs\BE\node_modules\express\lib\router\layer.js:95:5)
    at trim_prefix (D:\DoAnNodeJs\BE\node_modules\express\lib\router\index.js:328:13)
    at D:\DoAnNodeJs\BE\node_modules\express\lib\router\index.js:286:9
2025-04-13 07:12:37:1237 error: Không tìm thấy - /avatars/default-avatar.png
Error: Không tìm thấy - /avatars/default-avatar.png
    at notFound (D:\DoAnNodeJs\BE\middlewares\errorHandler.js:11:17)
    at Layer.handle [as handle_request] (D:\DoAnNodeJs\BE\node_modules\express\lib\router\layer.js:95:5)
    at trim_prefix (D:\DoAnNodeJs\BE\node_modules\express\lib\router\index.js:328:13)
    at D:\DoAnNodeJs\BE\node_modules\express\lib\router\index.js:286:9
    at Function.process_params (D:\DoAnNodeJs\BE\node_modules\express\lib\router\index.js:346:12)
    at next (D:\DoAnNodeJs\BE\node_modules\express\lib\router\index.js:280:10)
    at D:\DoAnNodeJs\BE\services\order\server.js:127:3
    at Layer.handle [as handle_request] (D:\DoAnNodeJs\BE\node_modules\express\lib\router\layer.js:95:5)
    at trim_prefix (D:\DoAnNodeJs\BE\node_modules\express\lib\router\index.js:328:13)
    at D:\DoAnNodeJs\BE\node_modules\express\lib\router\index.js:286:9
2025-04-13 07:14:24:1424 error: Không tìm thấy - /avatars/default-avatar.png
Error: Không tìm thấy - /avatars/default-avatar.png
    at notFound (D:\DoAnNodeJs\BE\middlewares\errorHandler.js:11:17)
    at Layer.handle [as handle_request] (D:\DoAnNodeJs\BE\node_modules\express\lib\router\layer.js:95:5)
    at trim_prefix (D:\DoAnNodeJs\BE\node_modules\express\lib\router\index.js:328:13)
    at D:\DoAnNodeJs\BE\node_modules\express\lib\router\index.js:286:9
    at Function.process_params (D:\DoAnNodeJs\BE\node_modules\express\lib\router\index.js:346:12)
    at next (D:\DoAnNodeJs\BE\node_modules\express\lib\router\index.js:280:10)
    at D:\DoAnNodeJs\BE\services\order\server.js:127:3
    at Layer.handle [as handle_request] (D:\DoAnNodeJs\BE\node_modules\express\lib\router\layer.js:95:5)
    at trim_prefix (D:\DoAnNodeJs\BE\node_modules\express\lib\router\index.js:328:13)
    at D:\DoAnNodeJs\BE\node_modules\express\lib\router\index.js:286:9
2025-04-13 07:14:24:1424 error: Không tìm thấy - /avatars/default-avatar.png
Error: Không tìm thấy - /avatars/default-avatar.png
    at notFound (D:\DoAnNodeJs\BE\middlewares\errorHandler.js:11:17)
    at Layer.handle [as handle_request] (D:\DoAnNodeJs\BE\node_modules\express\lib\router\layer.js:95:5)
    at trim_prefix (D:\DoAnNodeJs\BE\node_modules\express\lib\router\index.js:328:13)
    at D:\DoAnNodeJs\BE\node_modules\express\lib\router\index.js:286:9
    at Function.process_params (D:\DoAnNodeJs\BE\node_modules\express\lib\router\index.js:346:12)
    at next (D:\DoAnNodeJs\BE\node_modules\express\lib\router\index.js:280:10)
    at D:\DoAnNodeJs\BE\services\order\server.js:127:3
    at Layer.handle [as handle_request] (D:\DoAnNodeJs\BE\node_modules\express\lib\router\layer.js:95:5)
    at trim_prefix (D:\DoAnNodeJs\BE\node_modules\express\lib\router\index.js:328:13)
    at D:\DoAnNodeJs\BE\node_modules\express\lib\router\index.js:286:9
2025-04-13 07:15:00:150 error: Không tìm thấy - /manwah-logo.png
Error: Không tìm thấy - /manwah-logo.png
    at notFound (D:\DoAnNodeJs\BE\middlewares\errorHandler.js:11:17)
    at Layer.handle [as handle_request] (D:\DoAnNodeJs\BE\node_modules\express\lib\router\layer.js:95:5)
    at trim_prefix (D:\DoAnNodeJs\BE\node_modules\express\lib\router\index.js:328:13)
    at D:\DoAnNodeJs\BE\node_modules\express\lib\router\index.js:286:9
    at Function.process_params (D:\DoAnNodeJs\BE\node_modules\express\lib\router\index.js:346:12)
    at next (D:\DoAnNodeJs\BE\node_modules\express\lib\router\index.js:280:10)
    at D:\DoAnNodeJs\BE\services\order\server.js:127:3
    at Layer.handle [as handle_request] (D:\DoAnNodeJs\BE\node_modules\express\lib\router\layer.js:95:5)
    at trim_prefix (D:\DoAnNodeJs\BE\node_modules\express\lib\router\index.js:328:13)
    at D:\DoAnNodeJs\BE\node_modules\express\lib\router\index.js:286:9
2025-04-13 07:15:00:150 error: Không tìm thấy - /avatars/default-avatar.png
Error: Không tìm thấy - /avatars/default-avatar.png
    at notFound (D:\DoAnNodeJs\BE\middlewares\errorHandler.js:11:17)
    at Layer.handle [as handle_request] (D:\DoAnNodeJs\BE\node_modules\express\lib\router\layer.js:95:5)
    at trim_prefix (D:\DoAnNodeJs\BE\node_modules\express\lib\router\index.js:328:13)
    at D:\DoAnNodeJs\BE\node_modules\express\lib\router\index.js:286:9
    at Function.process_params (D:\DoAnNodeJs\BE\node_modules\express\lib\router\index.js:346:12)
    at next (D:\DoAnNodeJs\BE\node_modules\express\lib\router\index.js:280:10)
    at D:\DoAnNodeJs\BE\services\order\server.js:127:3
    at Layer.handle [as handle_request] (D:\DoAnNodeJs\BE\node_modules\express\lib\router\layer.js:95:5)
    at trim_prefix (D:\DoAnNodeJs\BE\node_modules\express\lib\router\index.js:328:13)
    at D:\DoAnNodeJs\BE\node_modules\express\lib\router\index.js:286:9
2025-04-13 07:15:44:1544 error: Không tìm thấy - /manwah-logo.png
Error: Không tìm thấy - /manwah-logo.png
    at notFound (D:\DoAnNodeJs\BE\middlewares\errorHandler.js:11:17)
    at Layer.handle [as handle_request] (D:\DoAnNodeJs\BE\node_modules\express\lib\router\layer.js:95:5)
    at trim_prefix (D:\DoAnNodeJs\BE\node_modules\express\lib\router\index.js:328:13)
    at D:\DoAnNodeJs\BE\node_modules\express\lib\router\index.js:286:9
    at Function.process_params (D:\DoAnNodeJs\BE\node_modules\express\lib\router\index.js:346:12)
    at next (D:\DoAnNodeJs\BE\node_modules\express\lib\router\index.js:280:10)
    at D:\DoAnNodeJs\BE\services\order\server.js:127:3
    at Layer.handle [as handle_request] (D:\DoAnNodeJs\BE\node_modules\express\lib\router\layer.js:95:5)
    at trim_prefix (D:\DoAnNodeJs\BE\node_modules\express\lib\router\index.js:328:13)
    at D:\DoAnNodeJs\BE\node_modules\express\lib\router\index.js:286:9
2025-04-13 07:15:44:1544 error: Không tìm thấy - /avatars/default-avatar.png
Error: Không tìm thấy - /avatars/default-avatar.png
    at notFound (D:\DoAnNodeJs\BE\middlewares\errorHandler.js:11:17)
    at Layer.handle [as handle_request] (D:\DoAnNodeJs\BE\node_modules\express\lib\router\layer.js:95:5)
    at trim_prefix (D:\DoAnNodeJs\BE\node_modules\express\lib\router\index.js:328:13)
    at D:\DoAnNodeJs\BE\node_modules\express\lib\router\index.js:286:9
    at Function.process_params (D:\DoAnNodeJs\BE\node_modules\express\lib\router\index.js:346:12)
    at next (D:\DoAnNodeJs\BE\node_modules\express\lib\router\index.js:280:10)
    at D:\DoAnNodeJs\BE\services\order\server.js:127:3
    at Layer.handle [as handle_request] (D:\DoAnNodeJs\BE\node_modules\express\lib\router\layer.js:95:5)
    at trim_prefix (D:\DoAnNodeJs\BE\node_modules\express\lib\router\index.js:328:13)
    at D:\DoAnNodeJs\BE\node_modules\express\lib\router\index.js:286:9
2025-04-13 07:15:50:1550 error: Không tìm thấy - /manwah-logo.png
Error: Không tìm thấy - /manwah-logo.png
    at notFound (D:\DoAnNodeJs\BE\middlewares\errorHandler.js:11:17)
    at Layer.handle [as handle_request] (D:\DoAnNodeJs\BE\node_modules\express\lib\router\layer.js:95:5)
    at trim_prefix (D:\DoAnNodeJs\BE\node_modules\express\lib\router\index.js:328:13)
    at D:\DoAnNodeJs\BE\node_modules\express\lib\router\index.js:286:9
    at Function.process_params (D:\DoAnNodeJs\BE\node_modules\express\lib\router\index.js:346:12)
    at next (D:\DoAnNodeJs\BE\node_modules\express\lib\router\index.js:280:10)
    at D:\DoAnNodeJs\BE\services\order\server.js:127:3
    at Layer.handle [as handle_request] (D:\DoAnNodeJs\BE\node_modules\express\lib\router\layer.js:95:5)
    at trim_prefix (D:\DoAnNodeJs\BE\node_modules\express\lib\router\index.js:328:13)
    at D:\DoAnNodeJs\BE\node_modules\express\lib\router\index.js:286:9
2025-04-13 07:15:53:1553 error: Không tìm thấy - /manwah-logo.png
Error: Không tìm thấy - /manwah-logo.png
    at notFound (D:\DoAnNodeJs\BE\middlewares\errorHandler.js:11:17)
    at Layer.handle [as handle_request] (D:\DoAnNodeJs\BE\node_modules\express\lib\router\layer.js:95:5)
    at trim_prefix (D:\DoAnNodeJs\BE\node_modules\express\lib\router\index.js:328:13)
    at D:\DoAnNodeJs\BE\node_modules\express\lib\router\index.js:286:9
    at Function.process_params (D:\DoAnNodeJs\BE\node_modules\express\lib\router\index.js:346:12)
    at next (D:\DoAnNodeJs\BE\node_modules\express\lib\router\index.js:280:10)
    at D:\DoAnNodeJs\BE\services\order\server.js:127:3
    at Layer.handle [as handle_request] (D:\DoAnNodeJs\BE\node_modules\express\lib\router\layer.js:95:5)
    at trim_prefix (D:\DoAnNodeJs\BE\node_modules\express\lib\router\index.js:328:13)
    at D:\DoAnNodeJs\BE\node_modules\express\lib\router\index.js:286:9
2025-04-13 07:15:53:1553 error: Không tìm thấy - /avatars/default-avatar.png
Error: Không tìm thấy - /avatars/default-avatar.png
    at notFound (D:\DoAnNodeJs\BE\middlewares\errorHandler.js:11:17)
    at Layer.handle [as handle_request] (D:\DoAnNodeJs\BE\node_modules\express\lib\router\layer.js:95:5)
    at trim_prefix (D:\DoAnNodeJs\BE\node_modules\express\lib\router\index.js:328:13)
    at D:\DoAnNodeJs\BE\node_modules\express\lib\router\index.js:286:9
    at Function.process_params (D:\DoAnNodeJs\BE\node_modules\express\lib\router\index.js:346:12)
    at next (D:\DoAnNodeJs\BE\node_modules\express\lib\router\index.js:280:10)
    at D:\DoAnNodeJs\BE\services\order\server.js:127:3
    at Layer.handle [as handle_request] (D:\DoAnNodeJs\BE\node_modules\express\lib\router\layer.js:95:5)
    at trim_prefix (D:\DoAnNodeJs\BE\node_modules\express\lib\router\index.js:328:13)
    at D:\DoAnNodeJs\BE\node_modules\express\lib\router\index.js:286:9
2025-04-13 07:20:19:2019 error: Không tìm thấy - /default-avatar.png
Error: Không tìm thấy - /default-avatar.png
    at notFound (D:\DoAnNodeJs\BE\middlewares\errorHandler.js:11:17)
    at Layer.handle [as handle_request] (D:\DoAnNodeJs\BE\node_modules\express\lib\router\layer.js:95:5)
    at trim_prefix (D:\DoAnNodeJs\BE\node_modules\express\lib\router\index.js:328:13)
    at D:\DoAnNodeJs\BE\node_modules\express\lib\router\index.js:286:9
    at Function.process_params (D:\DoAnNodeJs\BE\node_modules\express\lib\router\index.js:346:12)
    at next (D:\DoAnNodeJs\BE\node_modules\express\lib\router\index.js:280:10)
    at D:\DoAnNodeJs\BE\services\order\server.js:127:3
    at Layer.handle [as handle_request] (D:\DoAnNodeJs\BE\node_modules\express\lib\router\layer.js:95:5)
    at trim_prefix (D:\DoAnNodeJs\BE\node_modules\express\lib\router\index.js:328:13)
    at D:\DoAnNodeJs\BE\node_modules\express\lib\router\index.js:286:9
2025-04-13 07:20:44:2044 error: Không tìm thấy - /manwah-logo.png
Error: Không tìm thấy - /manwah-logo.png
    at notFound (D:\DoAnNodeJs\BE\middlewares\errorHandler.js:11:17)
    at Layer.handle [as handle_request] (D:\DoAnNodeJs\BE\node_modules\express\lib\router\layer.js:95:5)
    at trim_prefix (D:\DoAnNodeJs\BE\node_modules\express\lib\router\index.js:328:13)
    at D:\DoAnNodeJs\BE\node_modules\express\lib\router\index.js:286:9
    at Function.process_params (D:\DoAnNodeJs\BE\node_modules\express\lib\router\index.js:346:12)
    at next (D:\DoAnNodeJs\BE\node_modules\express\lib\router\index.js:280:10)
    at D:\DoAnNodeJs\BE\services\order\server.js:127:3
    at Layer.handle [as handle_request] (D:\DoAnNodeJs\BE\node_modules\express\lib\router\layer.js:95:5)
    at trim_prefix (D:\DoAnNodeJs\BE\node_modules\express\lib\router\index.js:328:13)
    at D:\DoAnNodeJs\BE\node_modules\express\lib\router\index.js:286:9
2025-04-13 07:20:45:2045 error: Không tìm thấy - /avatars/default-avatar.png
Error: Không tìm thấy - /avatars/default-avatar.png
    at notFound (D:\DoAnNodeJs\BE\middlewares\errorHandler.js:11:17)
    at Layer.handle [as handle_request] (D:\DoAnNodeJs\BE\node_modules\express\lib\router\layer.js:95:5)
    at trim_prefix (D:\DoAnNodeJs\BE\node_modules\express\lib\router\index.js:328:13)
    at D:\DoAnNodeJs\BE\node_modules\express\lib\router\index.js:286:9
    at Function.process_params (D:\DoAnNodeJs\BE\node_modules\express\lib\router\index.js:346:12)
    at next (D:\DoAnNodeJs\BE\node_modules\express\lib\router\index.js:280:10)
    at D:\DoAnNodeJs\BE\services\order\server.js:127:3
    at Layer.handle [as handle_request] (D:\DoAnNodeJs\BE\node_modules\express\lib\router\layer.js:95:5)
    at trim_prefix (D:\DoAnNodeJs\BE\node_modules\express\lib\router\index.js:328:13)
    at D:\DoAnNodeJs\BE\node_modules\express\lib\router\index.js:286:9
2025-04-13 07:21:05:215 error: Không tìm thấy - /manwah-logo.png
Error: Không tìm thấy - /manwah-logo.png
    at notFound (D:\DoAnNodeJs\BE\middlewares\errorHandler.js:11:17)
    at Layer.handle [as handle_request] (D:\DoAnNodeJs\BE\node_modules\express\lib\router\layer.js:95:5)
    at trim_prefix (D:\DoAnNodeJs\BE\node_modules\express\lib\router\index.js:328:13)
    at D:\DoAnNodeJs\BE\node_modules\express\lib\router\index.js:286:9
    at Function.process_params (D:\DoAnNodeJs\BE\node_modules\express\lib\router\index.js:346:12)
    at next (D:\DoAnNodeJs\BE\node_modules\express\lib\router\index.js:280:10)
    at D:\DoAnNodeJs\BE\services\order\server.js:127:3
    at Layer.handle [as handle_request] (D:\DoAnNodeJs\BE\node_modules\express\lib\router\layer.js:95:5)
    at trim_prefix (D:\DoAnNodeJs\BE\node_modules\express\lib\router\index.js:328:13)
    at D:\DoAnNodeJs\BE\node_modules\express\lib\router\index.js:286:9
2025-04-13 07:21:05:215 error: Không tìm thấy - /avatars/default-avatar.png
Error: Không tìm thấy - /avatars/default-avatar.png
    at notFound (D:\DoAnNodeJs\BE\middlewares\errorHandler.js:11:17)
    at Layer.handle [as handle_request] (D:\DoAnNodeJs\BE\node_modules\express\lib\router\layer.js:95:5)
    at trim_prefix (D:\DoAnNodeJs\BE\node_modules\express\lib\router\index.js:328:13)
    at D:\DoAnNodeJs\BE\node_modules\express\lib\router\index.js:286:9
    at Function.process_params (D:\DoAnNodeJs\BE\node_modules\express\lib\router\index.js:346:12)
    at next (D:\DoAnNodeJs\BE\node_modules\express\lib\router\index.js:280:10)
    at D:\DoAnNodeJs\BE\services\order\server.js:127:3
    at Layer.handle [as handle_request] (D:\DoAnNodeJs\BE\node_modules\express\lib\router\layer.js:95:5)
    at trim_prefix (D:\DoAnNodeJs\BE\node_modules\express\lib\router\index.js:328:13)
    at D:\DoAnNodeJs\BE\node_modules\express\lib\router\index.js:286:9
2025-04-13 07:21:45:2145 error: Không tìm thấy - /default-avatar.png
Error: Không tìm thấy - /default-avatar.png
    at notFound (D:\DoAnNodeJs\BE\middlewares\errorHandler.js:11:17)
    at Layer.handle [as handle_request] (D:\DoAnNodeJs\BE\node_modules\express\lib\router\layer.js:95:5)
    at trim_prefix (D:\DoAnNodeJs\BE\node_modules\express\lib\router\index.js:328:13)
    at D:\DoAnNodeJs\BE\node_modules\express\lib\router\index.js:286:9
    at Function.process_params (D:\DoAnNodeJs\BE\node_modules\express\lib\router\index.js:346:12)
    at next (D:\DoAnNodeJs\BE\node_modules\express\lib\router\index.js:280:10)
    at D:\DoAnNodeJs\BE\services\order\server.js:127:3
    at Layer.handle [as handle_request] (D:\DoAnNodeJs\BE\node_modules\express\lib\router\layer.js:95:5)
    at trim_prefix (D:\DoAnNodeJs\BE\node_modules\express\lib\router\index.js:328:13)
    at D:\DoAnNodeJs\BE\node_modules\express\lib\router\index.js:286:9
2025-04-13 07:22:14:2214 error: Không tìm thấy - /avatars/default-avatar.png
Error: Không tìm thấy - /avatars/default-avatar.png
    at notFound (D:\DoAnNodeJs\BE\middlewares\errorHandler.js:11:17)
    at Layer.handle [as handle_request] (D:\DoAnNodeJs\BE\node_modules\express\lib\router\layer.js:95:5)
    at trim_prefix (D:\DoAnNodeJs\BE\node_modules\express\lib\router\index.js:328:13)
    at D:\DoAnNodeJs\BE\node_modules\express\lib\router\index.js:286:9
    at Function.process_params (D:\DoAnNodeJs\BE\node_modules\express\lib\router\index.js:346:12)
    at next (D:\DoAnNodeJs\BE\node_modules\express\lib\router\index.js:280:10)
    at D:\DoAnNodeJs\BE\services\order\server.js:127:3
    at Layer.handle [as handle_request] (D:\DoAnNodeJs\BE\node_modules\express\lib\router\layer.js:95:5)
    at trim_prefix (D:\DoAnNodeJs\BE\node_modules\express\lib\router\index.js:328:13)
    at D:\DoAnNodeJs\BE\node_modules\express\lib\router\index.js:286:9
2025-04-13 07:25:41:2541 error: Không tìm thấy - /avatars/default-avatar.png
Error: Không tìm thấy - /avatars/default-avatar.png
    at notFound (D:\DoAnNodeJs\BE\middlewares\errorHandler.js:11:17)
    at Layer.handle [as handle_request] (D:\DoAnNodeJs\BE\node_modules\express\lib\router\layer.js:95:5)
    at trim_prefix (D:\DoAnNodeJs\BE\node_modules\express\lib\router\index.js:328:13)
    at D:\DoAnNodeJs\BE\node_modules\express\lib\router\index.js:286:9
    at Function.process_params (D:\DoAnNodeJs\BE\node_modules\express\lib\router\index.js:346:12)
    at next (D:\DoAnNodeJs\BE\node_modules\express\lib\router\index.js:280:10)
    at D:\DoAnNodeJs\BE\services\order\server.js:127:3
    at Layer.handle [as handle_request] (D:\DoAnNodeJs\BE\node_modules\express\lib\router\layer.js:95:5)
    at trim_prefix (D:\DoAnNodeJs\BE\node_modules\express\lib\router\index.js:328:13)
    at D:\DoAnNodeJs\BE\node_modules\express\lib\router\index.js:286:9
2025-04-13 07:25:50:2550 error: Không tìm thấy - /avatars/default-avatar.png
Error: Không tìm thấy - /avatars/default-avatar.png
    at notFound (D:\DoAnNodeJs\BE\middlewares\errorHandler.js:11:17)
    at Layer.handle [as handle_request] (D:\DoAnNodeJs\BE\node_modules\express\lib\router\layer.js:95:5)
    at trim_prefix (D:\DoAnNodeJs\BE\node_modules\express\lib\router\index.js:328:13)
    at D:\DoAnNodeJs\BE\node_modules\express\lib\router\index.js:286:9
    at Function.process_params (D:\DoAnNodeJs\BE\node_modules\express\lib\router\index.js:346:12)
    at next (D:\DoAnNodeJs\BE\node_modules\express\lib\router\index.js:280:10)
    at D:\DoAnNodeJs\BE\services\order\server.js:127:3
    at Layer.handle [as handle_request] (D:\DoAnNodeJs\BE\node_modules\express\lib\router\layer.js:95:5)
    at trim_prefix (D:\DoAnNodeJs\BE\node_modules\express\lib\router\index.js:328:13)
    at D:\DoAnNodeJs\BE\node_modules\express\lib\router\index.js:286:9
2025-04-13 07:27:54:2754 error: Không tìm thấy - /avatars/default-avatar.png
Error: Không tìm thấy - /avatars/default-avatar.png
    at notFound (D:\DoAnNodeJs\BE\middlewares\errorHandler.js:11:17)
    at Layer.handle [as handle_request] (D:\DoAnNodeJs\BE\node_modules\express\lib\router\layer.js:95:5)
    at trim_prefix (D:\DoAnNodeJs\BE\node_modules\express\lib\router\index.js:328:13)
    at D:\DoAnNodeJs\BE\node_modules\express\lib\router\index.js:286:9
    at Function.process_params (D:\DoAnNodeJs\BE\node_modules\express\lib\router\index.js:346:12)
    at next (D:\DoAnNodeJs\BE\node_modules\express\lib\router\index.js:280:10)
    at D:\DoAnNodeJs\BE\services\order\server.js:135:3
    at Layer.handle [as handle_request] (D:\DoAnNodeJs\BE\node_modules\express\lib\router\layer.js:95:5)
    at trim_prefix (D:\DoAnNodeJs\BE\node_modules\express\lib\router\index.js:328:13)
    at D:\DoAnNodeJs\BE\node_modules\express\lib\router\index.js:286:9
2025-04-13 07:27:55:2755 error: Không tìm thấy - /avatars/default-avatar.png
Error: Không tìm thấy - /avatars/default-avatar.png
    at notFound (D:\DoAnNodeJs\BE\middlewares\errorHandler.js:11:17)
    at Layer.handle [as handle_request] (D:\DoAnNodeJs\BE\node_modules\express\lib\router\layer.js:95:5)
    at trim_prefix (D:\DoAnNodeJs\BE\node_modules\express\lib\router\index.js:328:13)
    at D:\DoAnNodeJs\BE\node_modules\express\lib\router\index.js:286:9
    at Function.process_params (D:\DoAnNodeJs\BE\node_modules\express\lib\router\index.js:346:12)
    at next (D:\DoAnNodeJs\BE\node_modules\express\lib\router\index.js:280:10)
    at D:\DoAnNodeJs\BE\services\order\server.js:135:3
    at Layer.handle [as handle_request] (D:\DoAnNodeJs\BE\node_modules\express\lib\router\layer.js:95:5)
    at trim_prefix (D:\DoAnNodeJs\BE\node_modules\express\lib\router\index.js:328:13)
    at D:\DoAnNodeJs\BE\node_modules\express\lib\router\index.js:286:9
2025-04-13 07:28:13:2813 error: Không tìm thấy - /avatars/default-avatar.png
Error: Không tìm thấy - /avatars/default-avatar.png
    at notFound (D:\DoAnNodeJs\BE\middlewares\errorHandler.js:11:17)
    at Layer.handle [as handle_request] (D:\DoAnNodeJs\BE\node_modules\express\lib\router\layer.js:95:5)
    at trim_prefix (D:\DoAnNodeJs\BE\node_modules\express\lib\router\index.js:328:13)
    at D:\DoAnNodeJs\BE\node_modules\express\lib\router\index.js:286:9
    at Function.process_params (D:\DoAnNodeJs\BE\node_modules\express\lib\router\index.js:346:12)
    at next (D:\DoAnNodeJs\BE\node_modules\express\lib\router\index.js:280:10)
    at D:\DoAnNodeJs\BE\services\order\server.js:135:3
    at Layer.handle [as handle_request] (D:\DoAnNodeJs\BE\node_modules\express\lib\router\layer.js:95:5)
    at trim_prefix (D:\DoAnNodeJs\BE\node_modules\express\lib\router\index.js:328:13)
    at D:\DoAnNodeJs\BE\node_modules\express\lib\router\index.js:286:9
2025-04-13 07:28:17:2817 error: Không tìm thấy - /default-avatar.png
Error: Không tìm thấy - /default-avatar.png
    at notFound (D:\DoAnNodeJs\BE\middlewares\errorHandler.js:11:17)
    at Layer.handle [as handle_request] (D:\DoAnNodeJs\BE\node_modules\express\lib\router\layer.js:95:5)
    at trim_prefix (D:\DoAnNodeJs\BE\node_modules\express\lib\router\index.js:328:13)
    at D:\DoAnNodeJs\BE\node_modules\express\lib\router\index.js:286:9
    at Function.process_params (D:\DoAnNodeJs\BE\node_modules\express\lib\router\index.js:346:12)
    at next (D:\DoAnNodeJs\BE\node_modules\express\lib\router\index.js:280:10)
    at D:\DoAnNodeJs\BE\services\order\server.js:135:3
    at Layer.handle [as handle_request] (D:\DoAnNodeJs\BE\node_modules\express\lib\router\layer.js:95:5)
    at trim_prefix (D:\DoAnNodeJs\BE\node_modules\express\lib\router\index.js:328:13)
    at D:\DoAnNodeJs\BE\node_modules\express\lib\router\index.js:286:9
2025-04-13 07:28:45:2845 error: Không tìm thấy - /avatars/default-avatar.png
Error: Không tìm thấy - /avatars/default-avatar.png
    at notFound (D:\DoAnNodeJs\BE\middlewares\errorHandler.js:11:17)
    at Layer.handle [as handle_request] (D:\DoAnNodeJs\BE\node_modules\express\lib\router\layer.js:95:5)
    at trim_prefix (D:\DoAnNodeJs\BE\node_modules\express\lib\router\index.js:328:13)
    at D:\DoAnNodeJs\BE\node_modules\express\lib\router\index.js:286:9
    at Function.process_params (D:\DoAnNodeJs\BE\node_modules\express\lib\router\index.js:346:12)
    at next (D:\DoAnNodeJs\BE\node_modules\express\lib\router\index.js:280:10)
    at D:\DoAnNodeJs\BE\services\order\server.js:135:3
    at Layer.handle [as handle_request] (D:\DoAnNodeJs\BE\node_modules\express\lib\router\layer.js:95:5)
    at trim_prefix (D:\DoAnNodeJs\BE\node_modules\express\lib\router\index.js:328:13)
    at D:\DoAnNodeJs\BE\node_modules\express\lib\router\index.js:286:9
2025-04-13 07:32:31:3231 error: Không tìm thấy - /default-avatar.png
Error: Không tìm thấy - /default-avatar.png
    at notFound (D:\DoAnNodeJs\BE\middlewares\errorHandler.js:11:17)
    at Layer.handle [as handle_request] (D:\DoAnNodeJs\BE\node_modules\express\lib\router\layer.js:95:5)
    at trim_prefix (D:\DoAnNodeJs\BE\node_modules\express\lib\router\index.js:328:13)
    at D:\DoAnNodeJs\BE\node_modules\express\lib\router\index.js:286:9
    at Function.process_params (D:\DoAnNodeJs\BE\node_modules\express\lib\router\index.js:346:12)
    at next (D:\DoAnNodeJs\BE\node_modules\express\lib\router\index.js:280:10)
    at D:\DoAnNodeJs\BE\services\order\server.js:139:3
    at Layer.handle [as handle_request] (D:\DoAnNodeJs\BE\node_modules\express\lib\router\layer.js:95:5)
    at trim_prefix (D:\DoAnNodeJs\BE\node_modules\express\lib\router\index.js:328:13)
    at D:\DoAnNodeJs\BE\node_modules\express\lib\router\index.js:286:9
2025-04-13 07:36:11:3611 error: Không tìm thấy - /admin/default-avatar.png
Error: Không tìm thấy - /admin/default-avatar.png
    at notFound (D:\DoAnNodeJs\BE\middlewares\errorHandler.js:11:17)
    at Layer.handle [as handle_request] (D:\DoAnNodeJs\BE\node_modules\express\lib\router\layer.js:95:5)
    at trim_prefix (D:\DoAnNodeJs\BE\node_modules\express\lib\router\index.js:328:13)
    at D:\DoAnNodeJs\BE\node_modules\express\lib\router\index.js:286:9
    at Function.process_params (D:\DoAnNodeJs\BE\node_modules\express\lib\router\index.js:346:12)
    at next (D:\DoAnNodeJs\BE\node_modules\express\lib\router\index.js:280:10)
    at D:\DoAnNodeJs\BE\services\order\server.js:139:3
    at Layer.handle [as handle_request] (D:\DoAnNodeJs\BE\node_modules\express\lib\router\layer.js:95:5)
    at trim_prefix (D:\DoAnNodeJs\BE\node_modules\express\lib\router\index.js:328:13)
    at D:\DoAnNodeJs\BE\node_modules\express\lib\router\index.js:286:9
2025-04-13 07:36:19:3619 error: Không tìm thấy - /admin/default-avatar.png
Error: Không tìm thấy - /admin/default-avatar.png
    at notFound (D:\DoAnNodeJs\BE\middlewares\errorHandler.js:11:17)
    at Layer.handle [as handle_request] (D:\DoAnNodeJs\BE\node_modules\express\lib\router\layer.js:95:5)
    at trim_prefix (D:\DoAnNodeJs\BE\node_modules\express\lib\router\index.js:328:13)
    at D:\DoAnNodeJs\BE\node_modules\express\lib\router\index.js:286:9
    at Function.process_params (D:\DoAnNodeJs\BE\node_modules\express\lib\router\index.js:346:12)
    at next (D:\DoAnNodeJs\BE\node_modules\express\lib\router\index.js:280:10)
    at D:\DoAnNodeJs\BE\services\order\server.js:139:3
    at Layer.handle [as handle_request] (D:\DoAnNodeJs\BE\node_modules\express\lib\router\layer.js:95:5)
    at trim_prefix (D:\DoAnNodeJs\BE\node_modules\express\lib\router\index.js:328:13)
    at D:\DoAnNodeJs\BE\node_modules\express\lib\router\index.js:286:9
2025-04-13 07:37:08:378 error: Không tìm thấy - /admin/default-avatar.png
Error: Không tìm thấy - /admin/default-avatar.png
    at notFound (D:\DoAnNodeJs\BE\middlewares\errorHandler.js:11:17)
    at Layer.handle [as handle_request] (D:\DoAnNodeJs\BE\node_modules\express\lib\router\layer.js:95:5)
    at trim_prefix (D:\DoAnNodeJs\BE\node_modules\express\lib\router\index.js:328:13)
    at D:\DoAnNodeJs\BE\node_modules\express\lib\router\index.js:286:9
    at Function.process_params (D:\DoAnNodeJs\BE\node_modules\express\lib\router\index.js:346:12)
    at next (D:\DoAnNodeJs\BE\node_modules\express\lib\router\index.js:280:10)
    at D:\DoAnNodeJs\BE\services\order\server.js:139:3
    at Layer.handle [as handle_request] (D:\DoAnNodeJs\BE\node_modules\express\lib\router\layer.js:95:5)
    at trim_prefix (D:\DoAnNodeJs\BE\node_modules\express\lib\router\index.js:328:13)
    at D:\DoAnNodeJs\BE\node_modules\express\lib\router\index.js:286:9
2025-04-13 07:37:13:3713 error: Không tìm thấy - /default-avatar.png
Error: Không tìm thấy - /default-avatar.png
    at notFound (D:\DoAnNodeJs\BE\middlewares\errorHandler.js:11:17)
    at Layer.handle [as handle_request] (D:\DoAnNodeJs\BE\node_modules\express\lib\router\layer.js:95:5)
    at trim_prefix (D:\DoAnNodeJs\BE\node_modules\express\lib\router\index.js:328:13)
    at D:\DoAnNodeJs\BE\node_modules\express\lib\router\index.js:286:9
    at Function.process_params (D:\DoAnNodeJs\BE\node_modules\express\lib\router\index.js:346:12)
    at next (D:\DoAnNodeJs\BE\node_modules\express\lib\router\index.js:280:10)
    at D:\DoAnNodeJs\BE\services\order\server.js:139:3
    at Layer.handle [as handle_request] (D:\DoAnNodeJs\BE\node_modules\express\lib\router\layer.js:95:5)
    at trim_prefix (D:\DoAnNodeJs\BE\node_modules\express\lib\router\index.js:328:13)
    at D:\DoAnNodeJs\BE\node_modules\express\lib\router\index.js:286:9
2025-04-13 07:40:08:408 error: Không tìm thấy - /admin/default-avatar.png
Error: Không tìm thấy - /admin/default-avatar.png
    at notFound (D:\DoAnNodeJs\BE\middlewares\errorHandler.js:11:17)
    at Layer.handle [as handle_request] (D:\DoAnNodeJs\BE\node_modules\express\lib\router\layer.js:95:5)
    at trim_prefix (D:\DoAnNodeJs\BE\node_modules\express\lib\router\index.js:328:13)
    at D:\DoAnNodeJs\BE\node_modules\express\lib\router\index.js:286:9
    at Function.process_params (D:\DoAnNodeJs\BE\node_modules\express\lib\router\index.js:346:12)
    at next (D:\DoAnNodeJs\BE\node_modules\express\lib\router\index.js:280:10)
    at D:\DoAnNodeJs\BE\services\order\server.js:139:3
    at Layer.handle [as handle_request] (D:\DoAnNodeJs\BE\node_modules\express\lib\router\layer.js:95:5)
    at trim_prefix (D:\DoAnNodeJs\BE\node_modules\express\lib\router\index.js:328:13)
    at D:\DoAnNodeJs\BE\node_modules\express\lib\router\index.js:286:9
2025-04-13 07:40:41:4041 error: Không tìm thấy - /admin/default-avatar.png
Error: Không tìm thấy - /admin/default-avatar.png
    at notFound (D:\DoAnNodeJs\BE\middlewares\errorHandler.js:11:17)
    at Layer.handle [as handle_request] (D:\DoAnNodeJs\BE\node_modules\express\lib\router\layer.js:95:5)
    at trim_prefix (D:\DoAnNodeJs\BE\node_modules\express\lib\router\index.js:328:13)
    at D:\DoAnNodeJs\BE\node_modules\express\lib\router\index.js:286:9
    at Function.process_params (D:\DoAnNodeJs\BE\node_modules\express\lib\router\index.js:346:12)
    at next (D:\DoAnNodeJs\BE\node_modules\express\lib\router\index.js:280:10)
    at D:\DoAnNodeJs\BE\services\order\server.js:139:3
    at Layer.handle [as handle_request] (D:\DoAnNodeJs\BE\node_modules\express\lib\router\layer.js:95:5)
    at trim_prefix (D:\DoAnNodeJs\BE\node_modules\express\lib\router\index.js:328:13)
    at D:\DoAnNodeJs\BE\node_modules\express\lib\router\index.js:286:9
2025-04-13 07:41:01:411 error: Không tìm thấy - /admin/default-avatar.png
Error: Không tìm thấy - /admin/default-avatar.png
    at notFound (D:\DoAnNodeJs\BE\middlewares\errorHandler.js:11:17)
    at Layer.handle [as handle_request] (D:\DoAnNodeJs\BE\node_modules\express\lib\router\layer.js:95:5)
    at trim_prefix (D:\DoAnNodeJs\BE\node_modules\express\lib\router\index.js:328:13)
    at D:\DoAnNodeJs\BE\node_modules\express\lib\router\index.js:286:9
    at Function.process_params (D:\DoAnNodeJs\BE\node_modules\express\lib\router\index.js:346:12)
    at next (D:\DoAnNodeJs\BE\node_modules\express\lib\router\index.js:280:10)
    at D:\DoAnNodeJs\BE\services\order\server.js:139:3
    at Layer.handle [as handle_request] (D:\DoAnNodeJs\BE\node_modules\express\lib\router\layer.js:95:5)
    at trim_prefix (D:\DoAnNodeJs\BE\node_modules\express\lib\router\index.js:328:13)
    at D:\DoAnNodeJs\BE\node_modules\express\lib\router\index.js:286:9
2025-04-13 07:41:15:4115 error: Không tìm thấy - /admin/default-avatar.png
Error: Không tìm thấy - /admin/default-avatar.png
    at notFound (D:\DoAnNodeJs\BE\middlewares\errorHandler.js:11:17)
    at Layer.handle [as handle_request] (D:\DoAnNodeJs\BE\node_modules\express\lib\router\layer.js:95:5)
    at trim_prefix (D:\DoAnNodeJs\BE\node_modules\express\lib\router\index.js:328:13)
    at D:\DoAnNodeJs\BE\node_modules\express\lib\router\index.js:286:9
    at Function.process_params (D:\DoAnNodeJs\BE\node_modules\express\lib\router\index.js:346:12)
    at next (D:\DoAnNodeJs\BE\node_modules\express\lib\router\index.js:280:10)
    at D:\DoAnNodeJs\BE\services\order\server.js:139:3
    at Layer.handle [as handle_request] (D:\DoAnNodeJs\BE\node_modules\express\lib\router\layer.js:95:5)
    at trim_prefix (D:\DoAnNodeJs\BE\node_modules\express\lib\router\index.js:328:13)
    at D:\DoAnNodeJs\BE\node_modules\express\lib\router\index.js:286:9
2025-04-13 07:43:37:4337 error: Không tìm thấy - /admin/default-avatar.png
Error: Không tìm thấy - /admin/default-avatar.png
    at notFound (D:\DoAnNodeJs\BE\middlewares\errorHandler.js:11:17)
    at Layer.handle [as handle_request] (D:\DoAnNodeJs\BE\node_modules\express\lib\router\layer.js:95:5)
    at trim_prefix (D:\DoAnNodeJs\BE\node_modules\express\lib\router\index.js:328:13)
    at D:\DoAnNodeJs\BE\node_modules\express\lib\router\index.js:286:9
    at Function.process_params (D:\DoAnNodeJs\BE\node_modules\express\lib\router\index.js:346:12)
    at next (D:\DoAnNodeJs\BE\node_modules\express\lib\router\index.js:280:10)
    at D:\DoAnNodeJs\BE\services\order\server.js:139:3
    at Layer.handle [as handle_request] (D:\DoAnNodeJs\BE\node_modules\express\lib\router\layer.js:95:5)
    at trim_prefix (D:\DoAnNodeJs\BE\node_modules\express\lib\router\index.js:328:13)
    at D:\DoAnNodeJs\BE\node_modules\express\lib\router\index.js:286:9
2025-04-13 07:44:54:4454 error: Không tìm thấy - /admin/default-avatar.png
Error: Không tìm thấy - /admin/default-avatar.png
    at notFound (D:\DoAnNodeJs\BE\middlewares\errorHandler.js:11:17)
    at Layer.handle [as handle_request] (D:\DoAnNodeJs\BE\node_modules\express\lib\router\layer.js:95:5)
    at trim_prefix (D:\DoAnNodeJs\BE\node_modules\express\lib\router\index.js:328:13)
    at D:\DoAnNodeJs\BE\node_modules\express\lib\router\index.js:286:9
    at Function.process_params (D:\DoAnNodeJs\BE\node_modules\express\lib\router\index.js:346:12)
    at next (D:\DoAnNodeJs\BE\node_modules\express\lib\router\index.js:280:10)
    at D:\DoAnNodeJs\BE\services\order\server.js:139:3
    at Layer.handle [as handle_request] (D:\DoAnNodeJs\BE\node_modules\express\lib\router\layer.js:95:5)
    at trim_prefix (D:\DoAnNodeJs\BE\node_modules\express\lib\router\index.js:328:13)
    at D:\DoAnNodeJs\BE\node_modules\express\lib\router\index.js:286:9
2025-04-13 07:45:32:4532 error: Không tìm thấy - /admin/default-avatar.png
Error: Không tìm thấy - /admin/default-avatar.png
    at notFound (D:\DoAnNodeJs\BE\middlewares\errorHandler.js:11:17)
    at Layer.handle [as handle_request] (D:\DoAnNodeJs\BE\node_modules\express\lib\router\layer.js:95:5)
    at trim_prefix (D:\DoAnNodeJs\BE\node_modules\express\lib\router\index.js:328:13)
    at D:\DoAnNodeJs\BE\node_modules\express\lib\router\index.js:286:9
    at Function.process_params (D:\DoAnNodeJs\BE\node_modules\express\lib\router\index.js:346:12)
    at next (D:\DoAnNodeJs\BE\node_modules\express\lib\router\index.js:280:10)
    at D:\DoAnNodeJs\BE\services\order\server.js:139:3
    at Layer.handle [as handle_request] (D:\DoAnNodeJs\BE\node_modules\express\lib\router\layer.js:95:5)
    at trim_prefix (D:\DoAnNodeJs\BE\node_modules\express\lib\router\index.js:328:13)
    at D:\DoAnNodeJs\BE\node_modules\express\lib\router\index.js:286:9
2025-04-13 08:38:24:3824 error: Không tìm thấy - /main.752cb420cace8d8435a4.hot-update.json
Error: Không tìm thấy - /main.752cb420cace8d8435a4.hot-update.json
    at notFound (D:\DoAnNodeJs\BE\middlewares\errorHandler.js:11:17)
    at Layer.handle [as handle_request] (D:\DoAnNodeJs\BE\node_modules\express\lib\router\layer.js:95:5)
    at trim_prefix (D:\DoAnNodeJs\BE\node_modules\express\lib\router\index.js:328:13)
    at D:\DoAnNodeJs\BE\node_modules\express\lib\router\index.js:286:9
    at Function.process_params (D:\DoAnNodeJs\BE\node_modules\express\lib\router\index.js:346:12)
    at next (D:\DoAnNodeJs\BE\node_modules\express\lib\router\index.js:280:10)
    at D:\DoAnNodeJs\BE\services\order\server.js:172:3
    at Layer.handle [as handle_request] (D:\DoAnNodeJs\BE\node_modules\express\lib\router\layer.js:95:5)
    at trim_prefix (D:\DoAnNodeJs\BE\node_modules\express\lib\router\index.js:328:13)
    at D:\DoAnNodeJs\BE\node_modules\express\lib\router\index.js:286:9
2025-04-13 08:38:25:3825 error: Không tìm thấy - /main.752cb420cace8d8435a4.hot-update.json
Error: Không tìm thấy - /main.752cb420cace8d8435a4.hot-update.json
    at notFound (D:\DoAnNodeJs\BE\middlewares\errorHandler.js:11:17)
    at Layer.handle [as handle_request] (D:\DoAnNodeJs\BE\node_modules\express\lib\router\layer.js:95:5)
    at trim_prefix (D:\DoAnNodeJs\BE\node_modules\express\lib\router\index.js:328:13)
    at D:\DoAnNodeJs\BE\node_modules\express\lib\router\index.js:286:9
    at Function.process_params (D:\DoAnNodeJs\BE\node_modules\express\lib\router\index.js:346:12)
    at next (D:\DoAnNodeJs\BE\node_modules\express\lib\router\index.js:280:10)
    at D:\DoAnNodeJs\BE\services\order\server.js:172:3
    at Layer.handle [as handle_request] (D:\DoAnNodeJs\BE\node_modules\express\lib\router\layer.js:95:5)
    at trim_prefix (D:\DoAnNodeJs\BE\node_modules\express\lib\router\index.js:328:13)
    at D:\DoAnNodeJs\BE\node_modules\express\lib\router\index.js:286:9
2025-04-13 08:45:35:4535 error: Không tìm thấy - /default-avatar.png
Error: Không tìm thấy - /default-avatar.png
    at notFound (D:\DoAnNodeJs\BE\middlewares\errorHandler.js:11:17)
    at Layer.handle [as handle_request] (D:\DoAnNodeJs\BE\node_modules\express\lib\router\layer.js:95:5)
    at trim_prefix (D:\DoAnNodeJs\BE\node_modules\express\lib\router\index.js:328:13)
    at D:\DoAnNodeJs\BE\node_modules\express\lib\router\index.js:286:9
    at Function.process_params (D:\DoAnNodeJs\BE\node_modules\express\lib\router\index.js:346:12)
    at next (D:\DoAnNodeJs\BE\node_modules\express\lib\router\index.js:280:10)
    at D:\DoAnNodeJs\BE\services\order\server.js:172:3
    at Layer.handle [as handle_request] (D:\DoAnNodeJs\BE\node_modules\express\lib\router\layer.js:95:5)
    at trim_prefix (D:\DoAnNodeJs\BE\node_modules\express\lib\router\index.js:328:13)
    at D:\DoAnNodeJs\BE\node_modules\express\lib\router\index.js:286:9
2025-04-13 08:54:10:5410 error: Không tìm thấy - /default-avatar.png
Error: Không tìm thấy - /default-avatar.png
    at notFound (D:\DoAnNodeJs\BE\middlewares\errorHandler.js:11:17)
    at Layer.handle [as handle_request] (D:\DoAnNodeJs\BE\node_modules\express\lib\router\layer.js:95:5)
    at trim_prefix (D:\DoAnNodeJs\BE\node_modules\express\lib\router\index.js:328:13)
    at D:\DoAnNodeJs\BE\node_modules\express\lib\router\index.js:286:9
    at Function.process_params (D:\DoAnNodeJs\BE\node_modules\express\lib\router\index.js:346:12)
    at next (D:\DoAnNodeJs\BE\node_modules\express\lib\router\index.js:280:10)
    at D:\DoAnNodeJs\BE\services\order\server.js:172:3
    at Layer.handle [as handle_request] (D:\DoAnNodeJs\BE\node_modules\express\lib\router\layer.js:95:5)
    at trim_prefix (D:\DoAnNodeJs\BE\node_modules\express\lib\router\index.js:328:13)
    at D:\DoAnNodeJs\BE\node_modules\express\lib\router\index.js:286:9
2025-04-13 09:07:39:739 error: Không tìm thấy - /default-avatar.png
Error: Không tìm thấy - /default-avatar.png
    at notFound (D:\DoAnNodeJs\BE\middlewares\errorHandler.js:11:17)
    at Layer.handle [as handle_request] (D:\DoAnNodeJs\BE\node_modules\express\lib\router\layer.js:95:5)
    at trim_prefix (D:\DoAnNodeJs\BE\node_modules\express\lib\router\index.js:328:13)
    at D:\DoAnNodeJs\BE\node_modules\express\lib\router\index.js:286:9
    at Function.process_params (D:\DoAnNodeJs\BE\node_modules\express\lib\router\index.js:346:12)
    at next (D:\DoAnNodeJs\BE\node_modules\express\lib\router\index.js:280:10)
    at D:\DoAnNodeJs\BE\services\order\server.js:172:3
    at Layer.handle [as handle_request] (D:\DoAnNodeJs\BE\node_modules\express\lib\router\layer.js:95:5)
    at trim_prefix (D:\DoAnNodeJs\BE\node_modules\express\lib\router\index.js:328:13)
    at D:\DoAnNodeJs\BE\node_modules\express\lib\router\index.js:286:9
2025-04-13 09:58:13:5813 error: Không tìm thấy - /api/payment/momo/67fb2844d53977dbedd15f8a
Error: Không tìm thấy - /api/payment/momo/67fb2844d53977dbedd15f8a
    at notFound (D:\DoAnNodeJs\BE\middlewares\errorHandler.js:11:17)
    at Layer.handle [as handle_request] (D:\DoAnNodeJs\BE\node_modules\express\lib\router\layer.js:95:5)
    at trim_prefix (D:\DoAnNodeJs\BE\node_modules\express\lib\router\index.js:328:13)
    at D:\DoAnNodeJs\BE\node_modules\express\lib\router\index.js:286:9
    at Function.process_params (D:\DoAnNodeJs\BE\node_modules\express\lib\router\index.js:346:12)
    at next (D:\DoAnNodeJs\BE\node_modules\express\lib\router\index.js:280:10)
    at logger (D:\DoAnNodeJs\BE\node_modules\morgan\index.js:144:5)
    at Layer.handle [as handle_request] (D:\DoAnNodeJs\BE\node_modules\express\lib\router\layer.js:95:5)
    at trim_prefix (D:\DoAnNodeJs\BE\node_modules\express\lib\router\index.js:328:13)
    at D:\DoAnNodeJs\BE\node_modules\express\lib\router\index.js:286:9
2025-04-13 10:01:56:156 error: Không tìm thấy - /api/payment/momo/67fb29244a4012bc12f91b7d
Error: Không tìm thấy - /api/payment/momo/67fb29244a4012bc12f91b7d
    at notFound (D:\DoAnNodeJs\BE\middlewares\errorHandler.js:11:17)
    at Layer.handle [as handle_request] (D:\DoAnNodeJs\BE\node_modules\express\lib\router\layer.js:95:5)
    at trim_prefix (D:\DoAnNodeJs\BE\node_modules\express\lib\router\index.js:328:13)
    at D:\DoAnNodeJs\BE\node_modules\express\lib\router\index.js:286:9
    at Function.process_params (D:\DoAnNodeJs\BE\node_modules\express\lib\router\index.js:346:12)
    at next (D:\DoAnNodeJs\BE\node_modules\express\lib\router\index.js:280:10)
    at logger (D:\DoAnNodeJs\BE\node_modules\morgan\index.js:144:5)
    at Layer.handle [as handle_request] (D:\DoAnNodeJs\BE\node_modules\express\lib\router\layer.js:95:5)
    at trim_prefix (D:\DoAnNodeJs\BE\node_modules\express\lib\router\index.js:328:13)
    at D:\DoAnNodeJs\BE\node_modules\express\lib\router\index.js:286:9
2025-04-13 10:03:56:356 error: Không tìm thấy - /api/payment/momo/67fb299c4a4012bc12f91b8f
Error: Không tìm thấy - /api/payment/momo/67fb299c4a4012bc12f91b8f
    at notFound (D:\DoAnNodeJs\BE\middlewares\errorHandler.js:11:17)
    at Layer.handle [as handle_request] (D:\DoAnNodeJs\BE\node_modules\express\lib\router\layer.js:95:5)
    at trim_prefix (D:\DoAnNodeJs\BE\node_modules\express\lib\router\index.js:328:13)
    at D:\DoAnNodeJs\BE\node_modules\express\lib\router\index.js:286:9
    at Function.process_params (D:\DoAnNodeJs\BE\node_modules\express\lib\router\index.js:346:12)
    at next (D:\DoAnNodeJs\BE\node_modules\express\lib\router\index.js:280:10)
    at logger (D:\DoAnNodeJs\BE\node_modules\morgan\index.js:144:5)
    at Layer.handle [as handle_request] (D:\DoAnNodeJs\BE\node_modules\express\lib\router\layer.js:95:5)
    at trim_prefix (D:\DoAnNodeJs\BE\node_modules\express\lib\router\index.js:328:13)
    at D:\DoAnNodeJs\BE\node_modules\express\lib\router\index.js:286:9
2025-04-13 10:10:04:104 error: Không tìm thấy - /api/payment/momo/67fb2b0c052a33f44d8d1410
Error: Không tìm thấy - /api/payment/momo/67fb2b0c052a33f44d8d1410
    at notFound (D:\DoAnNodeJs\BE\middlewares\errorHandler.js:11:17)
    at Layer.handle [as handle_request] (D:\DoAnNodeJs\BE\node_modules\express\lib\router\layer.js:95:5)
    at trim_prefix (D:\DoAnNodeJs\BE\node_modules\express\lib\router\index.js:328:13)
    at D:\DoAnNodeJs\BE\node_modules\express\lib\router\index.js:286:9
    at Function.process_params (D:\DoAnNodeJs\BE\node_modules\express\lib\router\index.js:346:12)
    at next (D:\DoAnNodeJs\BE\node_modules\express\lib\router\index.js:280:10)
    at logger (D:\DoAnNodeJs\BE\node_modules\morgan\index.js:144:5)
    at Layer.handle [as handle_request] (D:\DoAnNodeJs\BE\node_modules\express\lib\router\layer.js:95:5)
    at trim_prefix (D:\DoAnNodeJs\BE\node_modules\express\lib\router\index.js:328:13)
    at D:\DoAnNodeJs\BE\node_modules\express\lib\router\index.js:286:9
2025-04-13 10:17:01:171 error: Không tìm thấy - /api/payment/momo/67fb2cada68aac04ed1df2ca
Error: Không tìm thấy - /api/payment/momo/67fb2cada68aac04ed1df2ca
    at notFound (D:\DoAnNodeJs\BE\middlewares\errorHandler.js:11:17)
    at Layer.handle [as handle_request] (D:\DoAnNodeJs\BE\node_modules\express\lib\router\layer.js:95:5)
    at trim_prefix (D:\DoAnNodeJs\BE\node_modules\express\lib\router\index.js:328:13)
    at D:\DoAnNodeJs\BE\node_modules\express\lib\router\index.js:286:9
    at Function.process_params (D:\DoAnNodeJs\BE\node_modules\express\lib\router\index.js:346:12)
    at next (D:\DoAnNodeJs\BE\node_modules\express\lib\router\index.js:280:10)
    at logger (D:\DoAnNodeJs\BE\node_modules\morgan\index.js:144:5)
    at Layer.handle [as handle_request] (D:\DoAnNodeJs\BE\node_modules\express\lib\router\layer.js:95:5)
    at trim_prefix (D:\DoAnNodeJs\BE\node_modules\express\lib\router\index.js:328:13)
    at D:\DoAnNodeJs\BE\node_modules\express\lib\router\index.js:286:9
2025-04-13 10:20:40:2040 error: Không tìm thấy - /api/payment/momo/67fb2d8803d78e83a702e2c8
Error: Không tìm thấy - /api/payment/momo/67fb2d8803d78e83a702e2c8
    at notFound (D:\DoAnNodeJs\BE\middlewares\errorHandler.js:11:17)
    at Layer.handle [as handle_request] (D:\DoAnNodeJs\BE\node_modules\express\lib\router\layer.js:95:5)
    at trim_prefix (D:\DoAnNodeJs\BE\node_modules\express\lib\router\index.js:328:13)
    at D:\DoAnNodeJs\BE\node_modules\express\lib\router\index.js:286:9
    at Function.process_params (D:\DoAnNodeJs\BE\node_modules\express\lib\router\index.js:346:12)
    at next (D:\DoAnNodeJs\BE\node_modules\express\lib\router\index.js:280:10)
    at logger (D:\DoAnNodeJs\BE\node_modules\morgan\index.js:144:5)
    at Layer.handle [as handle_request] (D:\DoAnNodeJs\BE\node_modules\express\lib\router\layer.js:95:5)
    at trim_prefix (D:\DoAnNodeJs\BE\node_modules\express\lib\router\index.js:328:13)
    at D:\DoAnNodeJs\BE\node_modules\express\lib\router\index.js:286:9
2025-04-13 10:21:15:2115 error: Không tìm thấy - /api/payment/momo/67fb2dab03d78e83a702e2cb
Error: Không tìm thấy - /api/payment/momo/67fb2dab03d78e83a702e2cb
    at notFound (D:\DoAnNodeJs\BE\middlewares\errorHandler.js:11:17)
    at Layer.handle [as handle_request] (D:\DoAnNodeJs\BE\node_modules\express\lib\router\layer.js:95:5)
    at trim_prefix (D:\DoAnNodeJs\BE\node_modules\express\lib\router\index.js:328:13)
    at D:\DoAnNodeJs\BE\node_modules\express\lib\router\index.js:286:9
    at Function.process_params (D:\DoAnNodeJs\BE\node_modules\express\lib\router\index.js:346:12)
    at next (D:\DoAnNodeJs\BE\node_modules\express\lib\router\index.js:280:10)
    at logger (D:\DoAnNodeJs\BE\node_modules\morgan\index.js:144:5)
    at Layer.handle [as handle_request] (D:\DoAnNodeJs\BE\node_modules\express\lib\router\layer.js:95:5)
    at trim_prefix (D:\DoAnNodeJs\BE\node_modules\express\lib\router\index.js:328:13)
    at D:\DoAnNodeJs\BE\node_modules\express\lib\router\index.js:286:9
2025-04-13 10:26:05:265 error: Không tìm thấy - /api/payment/momo/67fb2ecdb2ec7120bd8f9f28
Error: Không tìm thấy - /api/payment/momo/67fb2ecdb2ec7120bd8f9f28
    at notFound (D:\DoAnNodeJs\BE\middlewares\errorHandler.js:11:17)
    at Layer.handle [as handle_request] (D:\DoAnNodeJs\BE\node_modules\express\lib\router\layer.js:95:5)
    at trim_prefix (D:\DoAnNodeJs\BE\node_modules\express\lib\router\index.js:328:13)
    at D:\DoAnNodeJs\BE\node_modules\express\lib\router\index.js:286:9
    at Function.process_params (D:\DoAnNodeJs\BE\node_modules\express\lib\router\index.js:346:12)
    at next (D:\DoAnNodeJs\BE\node_modules\express\lib\router\index.js:280:10)
    at logger (D:\DoAnNodeJs\BE\node_modules\morgan\index.js:144:5)
    at Layer.handle [as handle_request] (D:\DoAnNodeJs\BE\node_modules\express\lib\router\layer.js:95:5)
    at trim_prefix (D:\DoAnNodeJs\BE\node_modules\express\lib\router\index.js:328:13)
    at D:\DoAnNodeJs\BE\node_modules\express\lib\router\index.js:286:9
2025-04-13 10:38:08:388 error: Không tìm thấy - /api/payment/momo/67fb31a082290950e460db15
Error: Không tìm thấy - /api/payment/momo/67fb31a082290950e460db15
    at notFound (D:\DoAnNodeJs\BE\middlewares\errorHandler.js:11:17)
    at Layer.handle [as handle_request] (D:\DoAnNodeJs\BE\node_modules\express\lib\router\layer.js:95:5)
    at trim_prefix (D:\DoAnNodeJs\BE\node_modules\express\lib\router\index.js:328:13)
    at D:\DoAnNodeJs\BE\node_modules\express\lib\router\index.js:286:9
    at Function.process_params (D:\DoAnNodeJs\BE\node_modules\express\lib\router\index.js:346:12)
    at next (D:\DoAnNodeJs\BE\node_modules\express\lib\router\index.js:280:10)
    at logger (D:\DoAnNodeJs\BE\node_modules\morgan\index.js:144:5)
    at Layer.handle [as handle_request] (D:\DoAnNodeJs\BE\node_modules\express\lib\router\layer.js:95:5)
    at trim_prefix (D:\DoAnNodeJs\BE\node_modules\express\lib\router\index.js:328:13)
    at D:\DoAnNodeJs\BE\node_modules\express\lib\router\index.js:286:9
2025-04-13 10:46:33:4633 error: Lỗi tạo thanh toán MoMo: Request failed with status code 400
2025-04-13 10:46:33:4633 error: Lỗi database khi tìm hoặc cập nhật đặt bàn: Lỗi tạo thanh toán MoMo: Request failed with status code 400
2025-04-13 10:46:33:4633 error: Error: Lỗi tạo thanh toán MoMo: Request failed with status code 400
    at Object.createPayment (D:\DoAnNodeJs\BE\services\order\services\momoService.js:76:11)
    at process.processTicksAndRejections (node:internal/process/task_queues:95:5)
    at async exports.createMomoPayment (D:\DoAnNodeJs\BE\services\order\controllers\paymentController.js:96:28)
2025-04-13 10:52:18:5218 error: Lỗi từ MoMo API: 400 - {"responseTime":1744516343125,"message":"Chữ ký không hợp lệ. Vui lòng kiểm tra dữ liệu gốc trước khi mã hóa : accessKey=***&amount=998000&extraData=eyJkYXRCYW5JZCI6IjY3ZmIzNGYyMGM0MWJmOTlmNjJhOGJmNiIsImhvVGVuIjoiTmd1eeG7hW4gVGjDoWkgSMOgIiwic29EaWVuVGhvYWkiOiIwOTc0MzEyMTAwIn0=&ipnUrl=http://localhost:5000/api/payment/momo-ipn&orderId=DATBAN_f62a8bf6_1744516338420&orderInfo=Thanh toán đặt bàn tại 1&partnerCode=MOMOBKUN20180529&redirectUrl=http://localhost:3000/payment/callback&requestId=DATBAN_f62a8bf6_1744516338420_1744516338432&requestType=captureWallet.","resultCode":11007}
2025-04-13 10:52:18:5218 error: Lỗi tạo giao dịch MoMo: {"resultCode":400,"message":"Chữ ký không hợp lệ. Vui lòng kiểm tra dữ liệu gốc trước khi mã hóa : accessKey=***&amount=998000&extraData=eyJkYXRCYW5JZCI6IjY3ZmIzNGYyMGM0MWJmOTlmNjJhOGJmNiIsImhvVGVuIjoiTmd1eeG7hW4gVGjDoWkgSMOgIiwic29EaWVuVGhvYWkiOiIwOTc0MzEyMTAwIn0=&ipnUrl=http://localhost:5000/api/payment/momo-ipn&orderId=DATBAN_f62a8bf6_1744516338420&orderInfo=Thanh toán đặt bàn tại 1&partnerCode=MOMOBKUN20180529&redirectUrl=http://localhost:3000/payment/callback&requestId=DATBAN_f62a8bf6_1744516338420_1744516338432&requestType=captureWallet.","error":{"responseTime":1744516343125,"message":"Chữ ký không hợp lệ. Vui lòng kiểm tra dữ liệu gốc trước khi mã hóa : accessKey=***&amount=998000&extraData=eyJkYXRCYW5JZCI6IjY3ZmIzNGYyMGM0MWJmOTlmNjJhOGJmNiIsImhvVGVuIjoiTmd1eeG7hW4gVGjDoWkgSMOgIiwic29EaWVuVGhvYWkiOiIwOTc0MzEyMTAwIn0=&ipnUrl=http://localhost:5000/api/payment/momo-ipn&orderId=DATBAN_f62a8bf6_1744516338420&orderInfo=Thanh toán đặt bàn tại 1&partnerCode=MOMOBKUN20180529&redirectUrl=http://localhost:3000/payment/callback&requestId=DATBAN_f62a8bf6_1744516338420_1744516338432&requestType=captureWallet.","resultCode":11007}}
2025-04-13 10:55:21:5521 error: Lỗi từ MoMo API: 400 - {"responseTime":1744516526294,"message":"Chữ ký không hợp lệ. Vui lòng kiểm tra dữ liệu gốc trước khi mã hóa : accessKey=***&amount=538000&extraData=eyJkYXRCYW5JZCI6IjY3ZmIzNWE5MGY1NDBiMWJjODgxMGQzYSIsImhvVGVuIjoiTmd1eeG7hW4gVGjDoWkgSMOgIiwic29EaWVuVGhvYWkiOiIwOTc0MzEyMTAwIn0=&ipnUrl=http://localhost:5000/api/payment/momo-ipn&orderId=DATBAN_c8810d3a_1744516521642&orderInfo=Thanh toán đặt bàn tại 1&partnerCode=MOMOBKUN20180529&redirectUrl=http://localhost:3000/payment/callback&requestId=DATBAN_c8810d3a_1744516521642_1744516521644&requestType=captureWallet.","resultCode":11007}
2025-04-13 10:55:21:5521 error: Lỗi tạo giao dịch MoMo: {"resultCode":400,"message":"Chữ ký không hợp lệ. Vui lòng kiểm tra dữ liệu gốc trước khi mã hóa : accessKey=***&amount=538000&extraData=eyJkYXRCYW5JZCI6IjY3ZmIzNWE5MGY1NDBiMWJjODgxMGQzYSIsImhvVGVuIjoiTmd1eeG7hW4gVGjDoWkgSMOgIiwic29EaWVuVGhvYWkiOiIwOTc0MzEyMTAwIn0=&ipnUrl=http://localhost:5000/api/payment/momo-ipn&orderId=DATBAN_c8810d3a_1744516521642&orderInfo=Thanh toán đặt bàn tại 1&partnerCode=MOMOBKUN20180529&redirectUrl=http://localhost:3000/payment/callback&requestId=DATBAN_c8810d3a_1744516521642_1744516521644&requestType=captureWallet.","error":{"responseTime":1744516526294,"message":"Chữ ký không hợp lệ. Vui lòng kiểm tra dữ liệu gốc trước khi mã hóa : accessKey=***&amount=538000&extraData=eyJkYXRCYW5JZCI6IjY3ZmIzNWE5MGY1NDBiMWJjODgxMGQzYSIsImhvVGVuIjoiTmd1eeG7hW4gVGjDoWkgSMOgIiwic29EaWVuVGhvYWkiOiIwOTc0MzEyMTAwIn0=&ipnUrl=http://localhost:5000/api/payment/momo-ipn&orderId=DATBAN_c8810d3a_1744516521642&orderInfo=Thanh toán đặt bàn tại 1&partnerCode=MOMOBKUN20180529&redirectUrl=http://localhost:3000/payment/callback&requestId=DATBAN_c8810d3a_1744516521642_1744516521644&requestType=captureWallet.","resultCode":11007}}
2025-04-13 10:58:14:5814 error: Lỗi từ MoMo API: 400 - {"responseTime":1744516699482,"message":"Chữ ký không hợp lệ. Vui lòng kiểm tra dữ liệu gốc trước khi mã hóa : accessKey=***&amount=269000&extraData=eyJkYXRCYW5JZCI6IjY3ZmIzNjU2NmNiNTVlZDNiY2QzYzI1ZSIsImhvVGVuIjoiTmd1eeG7hW4gVGjDoWkgSMOgIiwic29EaWVuVGhvYWkiOiIwOTc0MzEyMTAwIn0=&ipnUrl=http://localhost:5000/api/payment/momo-ipn&orderId=DATBAN_bcd3c25e_1744516694800&orderInfo=Thanh toán đặt bàn tại 1&partnerCode=MOMOBKUN20180529&redirectUrl=http://localhost:3000/payment/callback&requestId=DATBAN_bcd3c25e_1744516694800_1744516694801&requestType=captureWallet.","resultCode":11007}
2025-04-13 10:58:14:5814 error: Lỗi tạo giao dịch MoMo: {"resultCode":400,"message":"Chữ ký không hợp lệ. Vui lòng kiểm tra dữ liệu gốc trước khi mã hóa : accessKey=***&amount=269000&extraData=eyJkYXRCYW5JZCI6IjY3ZmIzNjU2NmNiNTVlZDNiY2QzYzI1ZSIsImhvVGVuIjoiTmd1eeG7hW4gVGjDoWkgSMOgIiwic29EaWVuVGhvYWkiOiIwOTc0MzEyMTAwIn0=&ipnUrl=http://localhost:5000/api/payment/momo-ipn&orderId=DATBAN_bcd3c25e_1744516694800&orderInfo=Thanh toán đặt bàn tại 1&partnerCode=MOMOBKUN20180529&redirectUrl=http://localhost:3000/payment/callback&requestId=DATBAN_bcd3c25e_1744516694800_1744516694801&requestType=captureWallet.","error":{"responseTime":1744516699482,"message":"Chữ ký không hợp lệ. Vui lòng kiểm tra dữ liệu gốc trước khi mã hóa : accessKey=***&amount=269000&extraData=eyJkYXRCYW5JZCI6IjY3ZmIzNjU2NmNiNTVlZDNiY2QzYzI1ZSIsImhvVGVuIjoiTmd1eeG7hW4gVGjDoWkgSMOgIiwic29EaWVuVGhvYWkiOiIwOTc0MzEyMTAwIn0=&ipnUrl=http://localhost:5000/api/payment/momo-ipn&orderId=DATBAN_bcd3c25e_1744516694800&orderInfo=Thanh toán đặt bàn tại 1&partnerCode=MOMOBKUN20180529&redirectUrl=http://localhost:3000/payment/callback&requestId=DATBAN_bcd3c25e_1744516694800_1744516694801&requestType=captureWallet.","resultCode":11007}}
2025-04-13 11:01:29:129 error: Không tìm thấy - /00020101021226110007vn.momo38620010A00000072701320006970454011899MM25103O000000540208QRIBFTTA530370454068225005802VN62470515MMTNJ4suLHQcrQR0824Thanh%20toan%20dat%20ban%20tai%2026304176A
Error: Không tìm thấy - /00020101021226110007vn.momo38620010A00000072701320006970454011899MM25103O000000540208QRIBFTTA530370454068225005802VN62470515MMTNJ4suLHQcrQR0824Thanh%20toan%20dat%20ban%20tai%2026304176A
    at notFound (D:\DoAnNodeJs\BE\middlewares\errorHandler.js:11:17)
    at Layer.handle [as handle_request] (D:\DoAnNodeJs\BE\node_modules\express\lib\router\layer.js:95:5)
    at trim_prefix (D:\DoAnNodeJs\BE\node_modules\express\lib\router\index.js:328:13)
    at D:\DoAnNodeJs\BE\node_modules\express\lib\router\index.js:286:9
    at Function.process_params (D:\DoAnNodeJs\BE\node_modules\express\lib\router\index.js:346:12)
    at next (D:\DoAnNodeJs\BE\node_modules\express\lib\router\index.js:280:10)
    at D:\DoAnNodeJs\BE\services\order\server.js:173:3
    at Layer.handle [as handle_request] (D:\DoAnNodeJs\BE\node_modules\express\lib\router\layer.js:95:5)
    at trim_prefix (D:\DoAnNodeJs\BE\node_modules\express\lib\router\index.js:328:13)
    at D:\DoAnNodeJs\BE\node_modules\express\lib\router\index.js:286:9
2025-04-13 11:01:30:130 error: Không tìm thấy - /00020101021226110007vn.momo38620010A00000072701320006970454011899MM25103O000000550208QRIBFTTA530370454068225005802VN62470515MMT9sPrrLAYEnQR0824Thanh%20toan%20dat%20ban%20tai%20263049C31
Error: Không tìm thấy - /00020101021226110007vn.momo38620010A00000072701320006970454011899MM25103O000000550208QRIBFTTA530370454068225005802VN62470515MMT9sPrrLAYEnQR0824Thanh%20toan%20dat%20ban%20tai%20263049C31
    at notFound (D:\DoAnNodeJs\BE\middlewares\errorHandler.js:11:17)
    at Layer.handle [as handle_request] (D:\DoAnNodeJs\BE\node_modules\express\lib\router\layer.js:95:5)
    at trim_prefix (D:\DoAnNodeJs\BE\node_modules\express\lib\router\index.js:328:13)
    at D:\DoAnNodeJs\BE\node_modules\express\lib\router\index.js:286:9
    at Function.process_params (D:\DoAnNodeJs\BE\node_modules\express\lib\router\index.js:346:12)
    at next (D:\DoAnNodeJs\BE\node_modules\express\lib\router\index.js:280:10)
    at D:\DoAnNodeJs\BE\services\order\server.js:173:3
    at Layer.handle [as handle_request] (D:\DoAnNodeJs\BE\node_modules\express\lib\router\layer.js:95:5)
    at trim_prefix (D:\DoAnNodeJs\BE\node_modules\express\lib\router\index.js:328:13)
    at D:\DoAnNodeJs\BE\node_modules\express\lib\router\index.js:286:9
2025-04-13 11:01:30:130 error: Không tìm thấy - /00020101021226110007vn.momo38620010A00000072701320006970454011899MM25103O000000560208QRIBFTTA530370454068225005802VN62470515MMTVX0bDRW63GQR0824Thanh%20toan%20dat%20ban%20tai%20263040105
Error: Không tìm thấy - /00020101021226110007vn.momo38620010A00000072701320006970454011899MM25103O000000560208QRIBFTTA530370454068225005802VN62470515MMTVX0bDRW63GQR0824Thanh%20toan%20dat%20ban%20tai%20263040105
    at notFound (D:\DoAnNodeJs\BE\middlewares\errorHandler.js:11:17)
    at Layer.handle [as handle_request] (D:\DoAnNodeJs\BE\node_modules\express\lib\router\layer.js:95:5)
    at trim_prefix (D:\DoAnNodeJs\BE\node_modules\express\lib\router\index.js:328:13)
    at D:\DoAnNodeJs\BE\node_modules\express\lib\router\index.js:286:9
    at Function.process_params (D:\DoAnNodeJs\BE\node_modules\express\lib\router\index.js:346:12)
    at next (D:\DoAnNodeJs\BE\node_modules\express\lib\router\index.js:280:10)
    at D:\DoAnNodeJs\BE\services\order\server.js:173:3
    at Layer.handle [as handle_request] (D:\DoAnNodeJs\BE\node_modules\express\lib\router\layer.js:95:5)
    at trim_prefix (D:\DoAnNodeJs\BE\node_modules\express\lib\router\index.js:328:13)
    at D:\DoAnNodeJs\BE\node_modules\express\lib\router\index.js:286:9
2025-04-13 11:01:30:130 error: Không tìm thấy - /00020101021226110007vn.momo38630010A000000727013300069704180119MMP25103000000000070208QRIBFTTA530370454068225005802VN62470515MMTCEHfKdv39uQR0824Thanh%20toan%20dat%20ban%20tai%202630460D1
Error: Không tìm thấy - /00020101021226110007vn.momo38630010A000000727013300069704180119MMP25103000000000070208QRIBFTTA530370454068225005802VN62470515MMTCEHfKdv39uQR0824Thanh%20toan%20dat%20ban%20tai%202630460D1
    at notFound (D:\DoAnNodeJs\BE\middlewares\errorHandler.js:11:17)
    at Layer.handle [as handle_request] (D:\DoAnNodeJs\BE\node_modules\express\lib\router\layer.js:95:5)
    at trim_prefix (D:\DoAnNodeJs\BE\node_modules\express\lib\router\index.js:328:13)
    at D:\DoAnNodeJs\BE\node_modules\express\lib\router\index.js:286:9
    at Function.process_params (D:\DoAnNodeJs\BE\node_modules\express\lib\router\index.js:346:12)
    at next (D:\DoAnNodeJs\BE\node_modules\express\lib\router\index.js:280:10)
    at D:\DoAnNodeJs\BE\services\order\server.js:173:3
    at Layer.handle [as handle_request] (D:\DoAnNodeJs\BE\node_modules\express\lib\router\layer.js:95:5)
    at trim_prefix (D:\DoAnNodeJs\BE\node_modules\express\lib\router\index.js:328:13)
    at D:\DoAnNodeJs\BE\node_modules\express\lib\router\index.js:286:9
2025-04-13 11:01:30:130 error: Không tìm thấy - /00020101021226110007vn.momo38620010A00000072701320006970454011899MM25103O000000570208QRIBFTTA530370454068225005802VN62470515MMTAO0WFsHoW7QR0824Thanh%20toan%20dat%20ban%20tai%20263040909
Error: Không tìm thấy - /00020101021226110007vn.momo38620010A00000072701320006970454011899MM25103O000000570208QRIBFTTA530370454068225005802VN62470515MMTAO0WFsHoW7QR0824Thanh%20toan%20dat%20ban%20tai%20263040909
    at notFound (D:\DoAnNodeJs\BE\middlewares\errorHandler.js:11:17)
    at Layer.handle [as handle_request] (D:\DoAnNodeJs\BE\node_modules\express\lib\router\layer.js:95:5)
    at trim_prefix (D:\DoAnNodeJs\BE\node_modules\express\lib\router\index.js:328:13)
    at D:\DoAnNodeJs\BE\node_modules\express\lib\router\index.js:286:9
    at Function.process_params (D:\DoAnNodeJs\BE\node_modules\express\lib\router\index.js:346:12)
    at next (D:\DoAnNodeJs\BE\node_modules\express\lib\router\index.js:280:10)
    at D:\DoAnNodeJs\BE\services\order\server.js:173:3
    at Layer.handle [as handle_request] (D:\DoAnNodeJs\BE\node_modules\express\lib\router\layer.js:95:5)
    at trim_prefix (D:\DoAnNodeJs\BE\node_modules\express\lib\router\index.js:328:13)
    at D:\DoAnNodeJs\BE\node_modules\express\lib\router\index.js:286:9
2025-04-13 11:01:30:130 error: Không tìm thấy - /00020101021226110007vn.momo38620010A00000072701320006970454011899MM25103O000000580208QRIBFTTA530370454068225005802VN62470515MMTawAYSQaiaeQR0824Thanh%20toan%20dat%20ban%20tai%2026304B4D1
Error: Không tìm thấy - /00020101021226110007vn.momo38620010A00000072701320006970454011899MM25103O000000580208QRIBFTTA530370454068225005802VN62470515MMTawAYSQaiaeQR0824Thanh%20toan%20dat%20ban%20tai%2026304B4D1
    at notFound (D:\DoAnNodeJs\BE\middlewares\errorHandler.js:11:17)
    at Layer.handle [as handle_request] (D:\DoAnNodeJs\BE\node_modules\express\lib\router\layer.js:95:5)
    at trim_prefix (D:\DoAnNodeJs\BE\node_modules\express\lib\router\index.js:328:13)
    at D:\DoAnNodeJs\BE\node_modules\express\lib\router\index.js:286:9
    at Function.process_params (D:\DoAnNodeJs\BE\node_modules\express\lib\router\index.js:346:12)
    at next (D:\DoAnNodeJs\BE\node_modules\express\lib\router\index.js:280:10)
    at D:\DoAnNodeJs\BE\services\order\server.js:173:3
    at Layer.handle [as handle_request] (D:\DoAnNodeJs\BE\node_modules\express\lib\router\layer.js:95:5)
    at trim_prefix (D:\DoAnNodeJs\BE\node_modules\express\lib\router\index.js:328:13)
    at D:\DoAnNodeJs\BE\node_modules\express\lib\router\index.js:286:9
2025-04-13 11:01:30:130 error: Không tìm thấy - /00020101021226110007vn.momo38620010A00000072701320006970454011899MM25103O000000590208QRIBFTTA530370454068225005802VN62470515MMTjPqmteSgkKQR0824Thanh%20toan%20dat%20ban%20tai%2026304CF11
Error: Không tìm thấy - /00020101021226110007vn.momo38620010A00000072701320006970454011899MM25103O000000590208QRIBFTTA530370454068225005802VN62470515MMTjPqmteSgkKQR0824Thanh%20toan%20dat%20ban%20tai%2026304CF11
    at notFound (D:\DoAnNodeJs\BE\middlewares\errorHandler.js:11:17)
    at Layer.handle [as handle_request] (D:\DoAnNodeJs\BE\node_modules\express\lib\router\layer.js:95:5)
    at trim_prefix (D:\DoAnNodeJs\BE\node_modules\express\lib\router\index.js:328:13)
    at D:\DoAnNodeJs\BE\node_modules\express\lib\router\index.js:286:9
    at Function.process_params (D:\DoAnNodeJs\BE\node_modules\express\lib\router\index.js:346:12)
    at next (D:\DoAnNodeJs\BE\node_modules\express\lib\router\index.js:280:10)
    at D:\DoAnNodeJs\BE\services\order\server.js:173:3
    at Layer.handle [as handle_request] (D:\DoAnNodeJs\BE\node_modules\express\lib\router\layer.js:95:5)
    at trim_prefix (D:\DoAnNodeJs\BE\node_modules\express\lib\router\index.js:328:13)
    at D:\DoAnNodeJs\BE\node_modules\express\lib\router\index.js:286:9
2025-04-13 11:01:30:130 error: Không tìm thấy - /00020101021226110007vn.momo38620010A00000072701320006970454011899MM25103O000000600208QRIBFTTA530370454068225005802VN62470515MMT27hBHFFHq6QR0824Thanh%20toan%20dat%20ban%20tai%2026304B9C2
Error: Không tìm thấy - /00020101021226110007vn.momo38620010A00000072701320006970454011899MM25103O000000600208QRIBFTTA530370454068225005802VN62470515MMT27hBHFFHq6QR0824Thanh%20toan%20dat%20ban%20tai%2026304B9C2
    at notFound (D:\DoAnNodeJs\BE\middlewares\errorHandler.js:11:17)
    at Layer.handle [as handle_request] (D:\DoAnNodeJs\BE\node_modules\express\lib\router\layer.js:95:5)
    at trim_prefix (D:\DoAnNodeJs\BE\node_modules\express\lib\router\index.js:328:13)
    at D:\DoAnNodeJs\BE\node_modules\express\lib\router\index.js:286:9
    at Function.process_params (D:\DoAnNodeJs\BE\node_modules\express\lib\router\index.js:346:12)
    at next (D:\DoAnNodeJs\BE\node_modules\express\lib\router\index.js:280:10)
    at D:\DoAnNodeJs\BE\services\order\server.js:173:3
    at Layer.handle [as handle_request] (D:\DoAnNodeJs\BE\node_modules\express\lib\router\layer.js:95:5)
    at trim_prefix (D:\DoAnNodeJs\BE\node_modules\express\lib\router\index.js:328:13)
    at D:\DoAnNodeJs\BE\node_modules\express\lib\router\index.js:286:9
2025-04-13 11:01:31:131 error: Không tìm thấy - /00020101021226110007vn.momo38620010A00000072701320006970454011899MM25103O000000620208QRIBFTTA530370454068225005802VN62470515MMTKQh27IQ2ZOQR0824Thanh%20toan%20dat%20ban%20tai%20263046FB2
Error: Không tìm thấy - /00020101021226110007vn.momo38620010A00000072701320006970454011899MM25103O000000620208QRIBFTTA530370454068225005802VN62470515MMTKQh27IQ2ZOQR0824Thanh%20toan%20dat%20ban%20tai%20263046FB2
    at notFound (D:\DoAnNodeJs\BE\middlewares\errorHandler.js:11:17)
    at Layer.handle [as handle_request] (D:\DoAnNodeJs\BE\node_modules\express\lib\router\layer.js:95:5)
    at trim_prefix (D:\DoAnNodeJs\BE\node_modules\express\lib\router\index.js:328:13)
    at D:\DoAnNodeJs\BE\node_modules\express\lib\router\index.js:286:9
    at Function.process_params (D:\DoAnNodeJs\BE\node_modules\express\lib\router\index.js:346:12)
    at next (D:\DoAnNodeJs\BE\node_modules\express\lib\router\index.js:280:10)
    at D:\DoAnNodeJs\BE\services\order\server.js:173:3
    at Layer.handle [as handle_request] (D:\DoAnNodeJs\BE\node_modules\express\lib\router\layer.js:95:5)
    at trim_prefix (D:\DoAnNodeJs\BE\node_modules\express\lib\router\index.js:328:13)
    at D:\DoAnNodeJs\BE\node_modules\express\lib\router\index.js:286:9
2025-04-13 11:01:31:131 error: Không tìm thấy - /00020101021226110007vn.momo38620010A00000072701320006970454011899MM25103O000000610208QRIBFTTA530370454068225005802VN62470515MMTYcDLqnGkkHQR0824Thanh%20toan%20dat%20ban%20tai%2026304FA3F
Error: Không tìm thấy - /00020101021226110007vn.momo38620010A00000072701320006970454011899MM25103O000000610208QRIBFTTA530370454068225005802VN62470515MMTYcDLqnGkkHQR0824Thanh%20toan%20dat%20ban%20tai%2026304FA3F
    at notFound (D:\DoAnNodeJs\BE\middlewares\errorHandler.js:11:17)
    at Layer.handle [as handle_request] (D:\DoAnNodeJs\BE\node_modules\express\lib\router\layer.js:95:5)
    at trim_prefix (D:\DoAnNodeJs\BE\node_modules\express\lib\router\index.js:328:13)
    at D:\DoAnNodeJs\BE\node_modules\express\lib\router\index.js:286:9
    at Function.process_params (D:\DoAnNodeJs\BE\node_modules\express\lib\router\index.js:346:12)
    at next (D:\DoAnNodeJs\BE\node_modules\express\lib\router\index.js:280:10)
    at D:\DoAnNodeJs\BE\services\order\server.js:173:3
    at Layer.handle [as handle_request] (D:\DoAnNodeJs\BE\node_modules\express\lib\router\layer.js:95:5)
    at trim_prefix (D:\DoAnNodeJs\BE\node_modules\express\lib\router\index.js:328:13)
    at D:\DoAnNodeJs\BE\node_modules\express\lib\router\index.js:286:9
2025-04-13 11:01:31:131 error: Không tìm thấy - /00020101021226110007vn.momo38620010A00000072701320006970454011899MM25103O000000630208QRIBFTTA530370454068225005802VN62470515MMTGr0JCttMdcQR0824Thanh%20toan%20dat%20ban%20tai%202630416F1
Error: Không tìm thấy - /00020101021226110007vn.momo38620010A00000072701320006970454011899MM25103O000000630208QRIBFTTA530370454068225005802VN62470515MMTGr0JCttMdcQR0824Thanh%20toan%20dat%20ban%20tai%202630416F1
    at notFound (D:\DoAnNodeJs\BE\middlewares\errorHandler.js:11:17)
    at Layer.handle [as handle_request] (D:\DoAnNodeJs\BE\node_modules\express\lib\router\layer.js:95:5)
    at trim_prefix (D:\DoAnNodeJs\BE\node_modules\express\lib\router\index.js:328:13)
    at D:\DoAnNodeJs\BE\node_modules\express\lib\router\index.js:286:9
    at Function.process_params (D:\DoAnNodeJs\BE\node_modules\express\lib\router\index.js:346:12)
    at next (D:\DoAnNodeJs\BE\node_modules\express\lib\router\index.js:280:10)
    at D:\DoAnNodeJs\BE\services\order\server.js:173:3
    at Layer.handle [as handle_request] (D:\DoAnNodeJs\BE\node_modules\express\lib\router\layer.js:95:5)
    at trim_prefix (D:\DoAnNodeJs\BE\node_modules\express\lib\router\index.js:328:13)
    at D:\DoAnNodeJs\BE\node_modules\express\lib\router\index.js:286:9
2025-04-13 11:01:31:131 error: Không tìm thấy - /00020101021226110007vn.momo38620010A00000072701320006970454011899MM25103O000000640208QRIBFTTA530370454068225005802VN62470515MMTioVlgkXxYcQR0824Thanh%20toan%20dat%20ban%20tai%20263049FEC
Error: Không tìm thấy - /00020101021226110007vn.momo38620010A00000072701320006970454011899MM25103O000000640208QRIBFTTA530370454068225005802VN62470515MMTioVlgkXxYcQR0824Thanh%20toan%20dat%20ban%20tai%20263049FEC
    at notFound (D:\DoAnNodeJs\BE\middlewares\errorHandler.js:11:17)
    at Layer.handle [as handle_request] (D:\DoAnNodeJs\BE\node_modules\express\lib\router\layer.js:95:5)
    at trim_prefix (D:\DoAnNodeJs\BE\node_modules\express\lib\router\index.js:328:13)
    at D:\DoAnNodeJs\BE\node_modules\express\lib\router\index.js:286:9
    at Function.process_params (D:\DoAnNodeJs\BE\node_modules\express\lib\router\index.js:346:12)
    at next (D:\DoAnNodeJs\BE\node_modules\express\lib\router\index.js:280:10)
    at D:\DoAnNodeJs\BE\services\order\server.js:173:3
    at Layer.handle [as handle_request] (D:\DoAnNodeJs\BE\node_modules\express\lib\router\layer.js:95:5)
    at trim_prefix (D:\DoAnNodeJs\BE\node_modules\express\lib\router\index.js:328:13)
    at D:\DoAnNodeJs\BE\node_modules\express\lib\router\index.js:286:9
2025-04-13 11:01:31:131 error: Không tìm thấy - /00020101021226110007vn.momo38620010A00000072701320006970454011899MM25103O000000650208QRIBFTTA530370454068225005802VN62470515MMThpI4PbQtcrQR0824Thanh%20toan%20dat%20ban%20tai%2026304007F
Error: Không tìm thấy - /00020101021226110007vn.momo38620010A00000072701320006970454011899MM25103O000000650208QRIBFTTA530370454068225005802VN62470515MMThpI4PbQtcrQR0824Thanh%20toan%20dat%20ban%20tai%2026304007F
    at notFound (D:\DoAnNodeJs\BE\middlewares\errorHandler.js:11:17)
    at Layer.handle [as handle_request] (D:\DoAnNodeJs\BE\node_modules\express\lib\router\layer.js:95:5)
    at trim_prefix (D:\DoAnNodeJs\BE\node_modules\express\lib\router\index.js:328:13)
    at D:\DoAnNodeJs\BE\node_modules\express\lib\router\index.js:286:9
    at Function.process_params (D:\DoAnNodeJs\BE\node_modules\express\lib\router\index.js:346:12)
    at next (D:\DoAnNodeJs\BE\node_modules\express\lib\router\index.js:280:10)
    at D:\DoAnNodeJs\BE\services\order\server.js:173:3
    at Layer.handle [as handle_request] (D:\DoAnNodeJs\BE\node_modules\express\lib\router\layer.js:95:5)
    at trim_prefix (D:\DoAnNodeJs\BE\node_modules\express\lib\router\index.js:328:13)
    at D:\DoAnNodeJs\BE\node_modules\express\lib\router\index.js:286:9
2025-04-13 11:01:31:131 error: Không tìm thấy - /00020101021226110007vn.momo38630010A000000727013300069704180119MMP25103000000000080208QRIBFTTA530370454068225005802VN62470515MMTbKb4gMn8qiQR0824Thanh%20toan%20dat%20ban%20tai%2026304FF54
Error: Không tìm thấy - /00020101021226110007vn.momo38630010A000000727013300069704180119MMP25103000000000080208QRIBFTTA530370454068225005802VN62470515MMTbKb4gMn8qiQR0824Thanh%20toan%20dat%20ban%20tai%2026304FF54
    at notFound (D:\DoAnNodeJs\BE\middlewares\errorHandler.js:11:17)
    at Layer.handle [as handle_request] (D:\DoAnNodeJs\BE\node_modules\express\lib\router\layer.js:95:5)
    at trim_prefix (D:\DoAnNodeJs\BE\node_modules\express\lib\router\index.js:328:13)
    at D:\DoAnNodeJs\BE\node_modules\express\lib\router\index.js:286:9
    at Function.process_params (D:\DoAnNodeJs\BE\node_modules\express\lib\router\index.js:346:12)
    at next (D:\DoAnNodeJs\BE\node_modules\express\lib\router\index.js:280:10)
    at D:\DoAnNodeJs\BE\services\order\server.js:173:3
    at Layer.handle [as handle_request] (D:\DoAnNodeJs\BE\node_modules\express\lib\router\layer.js:95:5)
    at trim_prefix (D:\DoAnNodeJs\BE\node_modules\express\lib\router\index.js:328:13)
    at D:\DoAnNodeJs\BE\node_modules\express\lib\router\index.js:286:9
2025-04-13 11:01:32:132 error: Không tìm thấy - /00020101021226110007vn.momo38620010A00000072701320006970454011899MM25103O000000660208QRIBFTTA530370454068225005802VN62470515MMTRBdMxGo2eoQR0824Thanh%20toan%20dat%20ban%20tai%202630444F3
Error: Không tìm thấy - /00020101021226110007vn.momo38620010A00000072701320006970454011899MM25103O000000660208QRIBFTTA530370454068225005802VN62470515MMTRBdMxGo2eoQR0824Thanh%20toan%20dat%20ban%20tai%202630444F3
    at notFound (D:\DoAnNodeJs\BE\middlewares\errorHandler.js:11:17)
    at Layer.handle [as handle_request] (D:\DoAnNodeJs\BE\node_modules\express\lib\router\layer.js:95:5)
    at trim_prefix (D:\DoAnNodeJs\BE\node_modules\express\lib\router\index.js:328:13)
    at D:\DoAnNodeJs\BE\node_modules\express\lib\router\index.js:286:9
    at Function.process_params (D:\DoAnNodeJs\BE\node_modules\express\lib\router\index.js:346:12)
    at next (D:\DoAnNodeJs\BE\node_modules\express\lib\router\index.js:280:10)
    at D:\DoAnNodeJs\BE\services\order\server.js:173:3
    at Layer.handle [as handle_request] (D:\DoAnNodeJs\BE\node_modules\express\lib\router\layer.js:95:5)
    at trim_prefix (D:\DoAnNodeJs\BE\node_modules\express\lib\router\index.js:328:13)
    at D:\DoAnNodeJs\BE\node_modules\express\lib\router\index.js:286:9
2025-04-13 11:01:32:132 error: Không tìm thấy - /00020101021226110007vn.momo38620010A00000072701320006970454011899MM25103O000000680208QRIBFTTA530370454068225005802VN62470515MMTblaEv8uJfcQR0824Thanh%20toan%20dat%20ban%20tai%202630402D7
Error: Không tìm thấy - /00020101021226110007vn.momo38620010A00000072701320006970454011899MM25103O000000680208QRIBFTTA530370454068225005802VN62470515MMTblaEv8uJfcQR0824Thanh%20toan%20dat%20ban%20tai%202630402D7
    at notFound (D:\DoAnNodeJs\BE\middlewares\errorHandler.js:11:17)
    at Layer.handle [as handle_request] (D:\DoAnNodeJs\BE\node_modules\express\lib\router\layer.js:95:5)
    at trim_prefix (D:\DoAnNodeJs\BE\node_modules\express\lib\router\index.js:328:13)
    at D:\DoAnNodeJs\BE\node_modules\express\lib\router\index.js:286:9
    at Function.process_params (D:\DoAnNodeJs\BE\node_modules\express\lib\router\index.js:346:12)
    at next (D:\DoAnNodeJs\BE\node_modules\express\lib\router\index.js:280:10)
    at D:\DoAnNodeJs\BE\services\order\server.js:173:3
    at Layer.handle [as handle_request] (D:\DoAnNodeJs\BE\node_modules\express\lib\router\layer.js:95:5)
    at trim_prefix (D:\DoAnNodeJs\BE\node_modules\express\lib\router\index.js:328:13)
    at D:\DoAnNodeJs\BE\node_modules\express\lib\router\index.js:286:9
2025-04-13 11:01:32:132 error: Không tìm thấy - /00020101021226110007vn.momo38620010A00000072701320006970454011899MM25103O000000670208QRIBFTTA530370454068225005802VN62470515MMTp9biSRnIbZQR0824Thanh%20toan%20dat%20ban%20tai%2026304D315
Error: Không tìm thấy - /00020101021226110007vn.momo38620010A00000072701320006970454011899MM25103O000000670208QRIBFTTA530370454068225005802VN62470515MMTp9biSRnIbZQR0824Thanh%20toan%20dat%20ban%20tai%2026304D315
    at notFound (D:\DoAnNodeJs\BE\middlewares\errorHandler.js:11:17)
    at Layer.handle [as handle_request] (D:\DoAnNodeJs\BE\node_modules\express\lib\router\layer.js:95:5)
    at trim_prefix (D:\DoAnNodeJs\BE\node_modules\express\lib\router\index.js:328:13)
    at D:\DoAnNodeJs\BE\node_modules\express\lib\router\index.js:286:9
    at Function.process_params (D:\DoAnNodeJs\BE\node_modules\express\lib\router\index.js:346:12)
    at next (D:\DoAnNodeJs\BE\node_modules\express\lib\router\index.js:280:10)
    at D:\DoAnNodeJs\BE\services\order\server.js:173:3
    at Layer.handle [as handle_request] (D:\DoAnNodeJs\BE\node_modules\express\lib\router\layer.js:95:5)
    at trim_prefix (D:\DoAnNodeJs\BE\node_modules\express\lib\router\index.js:328:13)
    at D:\DoAnNodeJs\BE\node_modules\express\lib\router\index.js:286:9
2025-04-13 11:01:32:132 error: Không tìm thấy - /00020101021226110007vn.momo38620010A00000072701320006970454011899MM25103O000000690208QRIBFTTA530370454068225005802VN62470515MMTps9IX6Mki7QR0824Thanh%20toan%20dat%20ban%20tai%2026304CD55
Error: Không tìm thấy - /00020101021226110007vn.momo38620010A00000072701320006970454011899MM25103O000000690208QRIBFTTA530370454068225005802VN62470515MMTps9IX6Mki7QR0824Thanh%20toan%20dat%20ban%20tai%2026304CD55
    at notFound (D:\DoAnNodeJs\BE\middlewares\errorHandler.js:11:17)
    at Layer.handle [as handle_request] (D:\DoAnNodeJs\BE\node_modules\express\lib\router\layer.js:95:5)
    at trim_prefix (D:\DoAnNodeJs\BE\node_modules\express\lib\router\index.js:328:13)
    at D:\DoAnNodeJs\BE\node_modules\express\lib\router\index.js:286:9
    at Function.process_params (D:\DoAnNodeJs\BE\node_modules\express\lib\router\index.js:346:12)
    at next (D:\DoAnNodeJs\BE\node_modules\express\lib\router\index.js:280:10)
    at D:\DoAnNodeJs\BE\services\order\server.js:173:3
    at Layer.handle [as handle_request] (D:\DoAnNodeJs\BE\node_modules\express\lib\router\layer.js:95:5)
    at trim_prefix (D:\DoAnNodeJs\BE\node_modules\express\lib\router\index.js:328:13)
    at D:\DoAnNodeJs\BE\node_modules\express\lib\router\index.js:286:9
2025-04-13 11:01:32:132 error: Không tìm thấy - /00020101021226110007vn.momo38620010A00000072701320006970454011899MM25103O000000700208QRIBFTTA530370454068225005802VN62470515MMT8yIP110zj1QR0824Thanh%20toan%20dat%20ban%20tai%20263049490
Error: Không tìm thấy - /00020101021226110007vn.momo38620010A00000072701320006970454011899MM25103O000000700208QRIBFTTA530370454068225005802VN62470515MMT8yIP110zj1QR0824Thanh%20toan%20dat%20ban%20tai%20263049490
    at notFound (D:\DoAnNodeJs\BE\middlewares\errorHandler.js:11:17)
    at Layer.handle [as handle_request] (D:\DoAnNodeJs\BE\node_modules\express\lib\router\layer.js:95:5)
    at trim_prefix (D:\DoAnNodeJs\BE\node_modules\express\lib\router\index.js:328:13)
    at D:\DoAnNodeJs\BE\node_modules\express\lib\router\index.js:286:9
    at Function.process_params (D:\DoAnNodeJs\BE\node_modules\express\lib\router\index.js:346:12)
    at next (D:\DoAnNodeJs\BE\node_modules\express\lib\router\index.js:280:10)
    at D:\DoAnNodeJs\BE\services\order\server.js:173:3
    at Layer.handle [as handle_request] (D:\DoAnNodeJs\BE\node_modules\express\lib\router\layer.js:95:5)
    at trim_prefix (D:\DoAnNodeJs\BE\node_modules\express\lib\router\index.js:328:13)
    at D:\DoAnNodeJs\BE\node_modules\express\lib\router\index.js:286:9
2025-04-13 11:01:33:133 error: Không tìm thấy - /00020101021226110007vn.momo38620010A00000072701320006970454011899MM25103O000000710208QRIBFTTA530370454068225005802VN62470515MMTbTTTREJmHFQR0824Thanh%20toan%20dat%20ban%20tai%2026304A559
Error: Không tìm thấy - /00020101021226110007vn.momo38620010A00000072701320006970454011899MM25103O000000710208QRIBFTTA530370454068225005802VN62470515MMTbTTTREJmHFQR0824Thanh%20toan%20dat%20ban%20tai%2026304A559
    at notFound (D:\DoAnNodeJs\BE\middlewares\errorHandler.js:11:17)
    at Layer.handle [as handle_request] (D:\DoAnNodeJs\BE\node_modules\express\lib\router\layer.js:95:5)
    at trim_prefix (D:\DoAnNodeJs\BE\node_modules\express\lib\router\index.js:328:13)
    at D:\DoAnNodeJs\BE\node_modules\express\lib\router\index.js:286:9
    at Function.process_params (D:\DoAnNodeJs\BE\node_modules\express\lib\router\index.js:346:12)
    at next (D:\DoAnNodeJs\BE\node_modules\express\lib\router\index.js:280:10)
    at D:\DoAnNodeJs\BE\services\order\server.js:173:3
    at Layer.handle [as handle_request] (D:\DoAnNodeJs\BE\node_modules\express\lib\router\layer.js:95:5)
    at trim_prefix (D:\DoAnNodeJs\BE\node_modules\express\lib\router\index.js:328:13)
    at D:\DoAnNodeJs\BE\node_modules\express\lib\router\index.js:286:9
2025-04-13 11:01:33:133 error: Không tìm thấy - /00020101021226110007vn.momo38620010A00000072701320006970454011899MM25103O000000720208QRIBFTTA530370454068225005802VN62470515MMTkMWEVJyRzrQR0824Thanh%20toan%20dat%20ban%20tai%2026304C674
Error: Không tìm thấy - /00020101021226110007vn.momo38620010A00000072701320006970454011899MM25103O000000720208QRIBFTTA530370454068225005802VN62470515MMTkMWEVJyRzrQR0824Thanh%20toan%20dat%20ban%20tai%2026304C674
    at notFound (D:\DoAnNodeJs\BE\middlewares\errorHandler.js:11:17)
    at Layer.handle [as handle_request] (D:\DoAnNodeJs\BE\node_modules\express\lib\router\layer.js:95:5)
    at trim_prefix (D:\DoAnNodeJs\BE\node_modules\express\lib\router\index.js:328:13)
    at D:\DoAnNodeJs\BE\node_modules\express\lib\router\index.js:286:9
    at Function.process_params (D:\DoAnNodeJs\BE\node_modules\express\lib\router\index.js:346:12)
    at next (D:\DoAnNodeJs\BE\node_modules\express\lib\router\index.js:280:10)
    at D:\DoAnNodeJs\BE\services\order\server.js:173:3
    at Layer.handle [as handle_request] (D:\DoAnNodeJs\BE\node_modules\express\lib\router\layer.js:95:5)
    at trim_prefix (D:\DoAnNodeJs\BE\node_modules\express\lib\router\index.js:328:13)
    at D:\DoAnNodeJs\BE\node_modules\express\lib\router\index.js:286:9
2025-04-13 11:01:33:133 error: Không tìm thấy - /00020101021226110007vn.momo38620010A00000072701320006970454011899MM25103O000000740208QRIBFTTA530370454068225005802VN62470515MMTN6iFHXoAdfQR0824Thanh%20toan%20dat%20ban%20tai%2026304F7EC
Error: Không tìm thấy - /00020101021226110007vn.momo38620010A00000072701320006970454011899MM25103O000000740208QRIBFTTA530370454068225005802VN62470515MMTN6iFHXoAdfQR0824Thanh%20toan%20dat%20ban%20tai%2026304F7EC
    at notFound (D:\DoAnNodeJs\BE\middlewares\errorHandler.js:11:17)
    at Layer.handle [as handle_request] (D:\DoAnNodeJs\BE\node_modules\express\lib\router\layer.js:95:5)
    at trim_prefix (D:\DoAnNodeJs\BE\node_modules\express\lib\router\index.js:328:13)
    at D:\DoAnNodeJs\BE\node_modules\express\lib\router\index.js:286:9
    at Function.process_params (D:\DoAnNodeJs\BE\node_modules\express\lib\router\index.js:346:12)
    at next (D:\DoAnNodeJs\BE\node_modules\express\lib\router\index.js:280:10)
    at D:\DoAnNodeJs\BE\services\order\server.js:173:3
    at Layer.handle [as handle_request] (D:\DoAnNodeJs\BE\node_modules\express\lib\router\layer.js:95:5)
    at trim_prefix (D:\DoAnNodeJs\BE\node_modules\express\lib\router\index.js:328:13)
    at D:\DoAnNodeJs\BE\node_modules\express\lib\router\index.js:286:9
2025-04-13 11:01:33:133 error: Không tìm thấy - /00020101021226110007vn.momo38620010A00000072701320006970454011899MM25103O000000730208QRIBFTTA530370454068225005802VN62470515MMTil892riTLBQR0824Thanh%20toan%20dat%20ban%20tai%20263046A24
Error: Không tìm thấy - /00020101021226110007vn.momo38620010A00000072701320006970454011899MM25103O000000730208QRIBFTTA530370454068225005802VN62470515MMTil892riTLBQR0824Thanh%20toan%20dat%20ban%20tai%20263046A24
    at notFound (D:\DoAnNodeJs\BE\middlewares\errorHandler.js:11:17)
    at Layer.handle [as handle_request] (D:\DoAnNodeJs\BE\node_modules\express\lib\router\layer.js:95:5)
    at trim_prefix (D:\DoAnNodeJs\BE\node_modules\express\lib\router\index.js:328:13)
    at D:\DoAnNodeJs\BE\node_modules\express\lib\router\index.js:286:9
    at Function.process_params (D:\DoAnNodeJs\BE\node_modules\express\lib\router\index.js:346:12)
    at next (D:\DoAnNodeJs\BE\node_modules\express\lib\router\index.js:280:10)
    at D:\DoAnNodeJs\BE\services\order\server.js:173:3
    at Layer.handle [as handle_request] (D:\DoAnNodeJs\BE\node_modules\express\lib\router\layer.js:95:5)
    at trim_prefix (D:\DoAnNodeJs\BE\node_modules\express\lib\router\index.js:328:13)
    at D:\DoAnNodeJs\BE\node_modules\express\lib\router\index.js:286:9
2025-04-13 11:01:33:133 error: Không tìm thấy - /00020101021226110007vn.momo38630010A000000727013300069704180119MMP25103000000000090208QRIBFTTA530370454068225005802VN62470515MMTayVvVqI5gRQR0824Thanh%20toan%20dat%20ban%20tai%20263048E14
Error: Không tìm thấy - /00020101021226110007vn.momo38630010A000000727013300069704180119MMP25103000000000090208QRIBFTTA530370454068225005802VN62470515MMTayVvVqI5gRQR0824Thanh%20toan%20dat%20ban%20tai%20263048E14
    at notFound (D:\DoAnNodeJs\BE\middlewares\errorHandler.js:11:17)
    at Layer.handle [as handle_request] (D:\DoAnNodeJs\BE\node_modules\express\lib\router\layer.js:95:5)
    at trim_prefix (D:\DoAnNodeJs\BE\node_modules\express\lib\router\index.js:328:13)
    at D:\DoAnNodeJs\BE\node_modules\express\lib\router\index.js:286:9
    at Function.process_params (D:\DoAnNodeJs\BE\node_modules\express\lib\router\index.js:346:12)
    at next (D:\DoAnNodeJs\BE\node_modules\express\lib\router\index.js:280:10)
    at D:\DoAnNodeJs\BE\services\order\server.js:173:3
    at Layer.handle [as handle_request] (D:\DoAnNodeJs\BE\node_modules\express\lib\router\layer.js:95:5)
    at trim_prefix (D:\DoAnNodeJs\BE\node_modules\express\lib\router\index.js:328:13)
    at D:\DoAnNodeJs\BE\node_modules\express\lib\router\index.js:286:9
2025-04-13 11:01:33:133 error: Không tìm thấy - /00020101021226110007vn.momo38620010A00000072701320006970454011899MM25103O000000750208QRIBFTTA530370454068225005802VN62470515MMTb5k9VeMyQeQR0824Thanh%20toan%20dat%20ban%20tai%2026304C1FD
Error: Không tìm thấy - /00020101021226110007vn.momo38620010A00000072701320006970454011899MM25103O000000750208QRIBFTTA530370454068225005802VN62470515MMTb5k9VeMyQeQR0824Thanh%20toan%20dat%20ban%20tai%2026304C1FD
    at notFound (D:\DoAnNodeJs\BE\middlewares\errorHandler.js:11:17)
    at Layer.handle [as handle_request] (D:\DoAnNodeJs\BE\node_modules\express\lib\router\layer.js:95:5)
    at trim_prefix (D:\DoAnNodeJs\BE\node_modules\express\lib\router\index.js:328:13)
    at D:\DoAnNodeJs\BE\node_modules\express\lib\router\index.js:286:9
    at Function.process_params (D:\DoAnNodeJs\BE\node_modules\express\lib\router\index.js:346:12)
    at next (D:\DoAnNodeJs\BE\node_modules\express\lib\router\index.js:280:10)
    at D:\DoAnNodeJs\BE\services\order\server.js:173:3
    at Layer.handle [as handle_request] (D:\DoAnNodeJs\BE\node_modules\express\lib\router\layer.js:95:5)
    at trim_prefix (D:\DoAnNodeJs\BE\node_modules\express\lib\router\index.js:328:13)
    at D:\DoAnNodeJs\BE\node_modules\express\lib\router\index.js:286:9
2025-04-13 11:01:33:133 error: Không tìm thấy - /00020101021226110007vn.momo38620010A00000072701320006970454011899MM25103O000000760208QRIBFTTA530370454068225005802VN62470515MMT6O6lhk90hzQR0824Thanh%20toan%20dat%20ban%20tai%2026304953E
Error: Không tìm thấy - /00020101021226110007vn.momo38620010A00000072701320006970454011899MM25103O000000760208QRIBFTTA530370454068225005802VN62470515MMT6O6lhk90hzQR0824Thanh%20toan%20dat%20ban%20tai%2026304953E
    at notFound (D:\DoAnNodeJs\BE\middlewares\errorHandler.js:11:17)
    at Layer.handle [as handle_request] (D:\DoAnNodeJs\BE\node_modules\express\lib\router\layer.js:95:5)
    at trim_prefix (D:\DoAnNodeJs\BE\node_modules\express\lib\router\index.js:328:13)
    at D:\DoAnNodeJs\BE\node_modules\express\lib\router\index.js:286:9
    at Function.process_params (D:\DoAnNodeJs\BE\node_modules\express\lib\router\index.js:346:12)
    at next (D:\DoAnNodeJs\BE\node_modules\express\lib\router\index.js:280:10)
    at D:\DoAnNodeJs\BE\services\order\server.js:173:3
    at Layer.handle [as handle_request] (D:\DoAnNodeJs\BE\node_modules\express\lib\router\layer.js:95:5)
    at trim_prefix (D:\DoAnNodeJs\BE\node_modules\express\lib\router\index.js:328:13)
    at D:\DoAnNodeJs\BE\node_modules\express\lib\router\index.js:286:9
2025-04-13 11:01:34:134 error: Không tìm thấy - /00020101021226110007vn.momo38620010A00000072701320006970454011899MM25103O000000770208QRIBFTTA530370454068225005802VN62470515MMTspEAejNYRVQR0824Thanh%20toan%20dat%20ban%20tai%2026304E60F
Error: Không tìm thấy - /00020101021226110007vn.momo38620010A00000072701320006970454011899MM25103O000000770208QRIBFTTA530370454068225005802VN62470515MMTspEAejNYRVQR0824Thanh%20toan%20dat%20ban%20tai%2026304E60F
    at notFound (D:\DoAnNodeJs\BE\middlewares\errorHandler.js:11:17)
    at Layer.handle [as handle_request] (D:\DoAnNodeJs\BE\node_modules\express\lib\router\layer.js:95:5)
    at trim_prefix (D:\DoAnNodeJs\BE\node_modules\express\lib\router\index.js:328:13)
    at D:\DoAnNodeJs\BE\node_modules\express\lib\router\index.js:286:9
    at Function.process_params (D:\DoAnNodeJs\BE\node_modules\express\lib\router\index.js:346:12)
    at next (D:\DoAnNodeJs\BE\node_modules\express\lib\router\index.js:280:10)
    at D:\DoAnNodeJs\BE\services\order\server.js:173:3
    at Layer.handle [as handle_request] (D:\DoAnNodeJs\BE\node_modules\express\lib\router\layer.js:95:5)
    at trim_prefix (D:\DoAnNodeJs\BE\node_modules\express\lib\router\index.js:328:13)
    at D:\DoAnNodeJs\BE\node_modules\express\lib\router\index.js:286:9
2025-04-13 11:01:34:134 error: Không tìm thấy - /00020101021226110007vn.momo38620010A00000072701320006970454011899MM25103O000000780208QRIBFTTA530370454068225005802VN62470515MMTl04hyACvlOQR0824Thanh%20toan%20dat%20ban%20tai%20263047A2E
Error: Không tìm thấy - /00020101021226110007vn.momo38620010A00000072701320006970454011899MM25103O000000780208QRIBFTTA530370454068225005802VN62470515MMTl04hyACvlOQR0824Thanh%20toan%20dat%20ban%20tai%20263047A2E
    at notFound (D:\DoAnNodeJs\BE\middlewares\errorHandler.js:11:17)
    at Layer.handle [as handle_request] (D:\DoAnNodeJs\BE\node_modules\express\lib\router\layer.js:95:5)
    at trim_prefix (D:\DoAnNodeJs\BE\node_modules\express\lib\router\index.js:328:13)
    at D:\DoAnNodeJs\BE\node_modules\express\lib\router\index.js:286:9
    at Function.process_params (D:\DoAnNodeJs\BE\node_modules\express\lib\router\index.js:346:12)
    at next (D:\DoAnNodeJs\BE\node_modules\express\lib\router\index.js:280:10)
    at D:\DoAnNodeJs\BE\services\order\server.js:173:3
    at Layer.handle [as handle_request] (D:\DoAnNodeJs\BE\node_modules\express\lib\router\layer.js:95:5)
    at trim_prefix (D:\DoAnNodeJs\BE\node_modules\express\lib\router\index.js:328:13)
    at D:\DoAnNodeJs\BE\node_modules\express\lib\router\index.js:286:9
2025-04-13 11:01:34:134 error: Không tìm thấy - /00020101021226110007vn.momo38620010A00000072701320006970454011899MM25103O000000790208QRIBFTTA530370454068225005802VN62470515MMTSyx3U2xicXQR0824Thanh%20toan%20dat%20ban%20tai%202630419F5
Error: Không tìm thấy - /00020101021226110007vn.momo38620010A00000072701320006970454011899MM25103O000000790208QRIBFTTA530370454068225005802VN62470515MMTSyx3U2xicXQR0824Thanh%20toan%20dat%20ban%20tai%202630419F5
    at notFound (D:\DoAnNodeJs\BE\middlewares\errorHandler.js:11:17)
    at Layer.handle [as handle_request] (D:\DoAnNodeJs\BE\node_modules\express\lib\router\layer.js:95:5)
    at trim_prefix (D:\DoAnNodeJs\BE\node_modules\express\lib\router\index.js:328:13)
    at D:\DoAnNodeJs\BE\node_modules\express\lib\router\index.js:286:9
    at Function.process_params (D:\DoAnNodeJs\BE\node_modules\express\lib\router\index.js:346:12)
    at next (D:\DoAnNodeJs\BE\node_modules\express\lib\router\index.js:280:10)
    at D:\DoAnNodeJs\BE\services\order\server.js:173:3
    at Layer.handle [as handle_request] (D:\DoAnNodeJs\BE\node_modules\express\lib\router\layer.js:95:5)
    at trim_prefix (D:\DoAnNodeJs\BE\node_modules\express\lib\router\index.js:328:13)
    at D:\DoAnNodeJs\BE\node_modules\express\lib\router\index.js:286:9
2025-04-13 11:01:34:134 error: Không tìm thấy - /00020101021226110007vn.momo38620010A00000072701320006970454011899MM25103O000000810208QRIBFTTA530370454068225005802VN62470515MMTR3okpMP8sDQR0824Thanh%20toan%20dat%20ban%20tai%20263045E16
Error: Không tìm thấy - /00020101021226110007vn.momo38620010A00000072701320006970454011899MM25103O000000810208QRIBFTTA530370454068225005802VN62470515MMTR3okpMP8sDQR0824Thanh%20toan%20dat%20ban%20tai%20263045E16
    at notFound (D:\DoAnNodeJs\BE\middlewares\errorHandler.js:11:17)
    at Layer.handle [as handle_request] (D:\DoAnNodeJs\BE\node_modules\express\lib\router\layer.js:95:5)
    at trim_prefix (D:\DoAnNodeJs\BE\node_modules\express\lib\router\index.js:328:13)
    at D:\DoAnNodeJs\BE\node_modules\express\lib\router\index.js:286:9
    at Function.process_params (D:\DoAnNodeJs\BE\node_modules\express\lib\router\index.js:346:12)
    at next (D:\DoAnNodeJs\BE\node_modules\express\lib\router\index.js:280:10)
    at D:\DoAnNodeJs\BE\services\order\server.js:173:3
    at Layer.handle [as handle_request] (D:\DoAnNodeJs\BE\node_modules\express\lib\router\layer.js:95:5)
    at trim_prefix (D:\DoAnNodeJs\BE\node_modules\express\lib\router\index.js:328:13)
    at D:\DoAnNodeJs\BE\node_modules\express\lib\router\index.js:286:9
2025-04-13 11:01:34:134 error: Không tìm thấy - /00020101021226110007vn.momo38620010A00000072701320006970454011899MM25103O000000820208QRIBFTTA530370454068225005802VN62470515MMTEYDS424yAKQR0824Thanh%20toan%20dat%20ban%20tai%20263042D09
Error: Không tìm thấy - /00020101021226110007vn.momo38620010A00000072701320006970454011899MM25103O000000820208QRIBFTTA530370454068225005802VN62470515MMTEYDS424yAKQR0824Thanh%20toan%20dat%20ban%20tai%20263042D09
    at notFound (D:\DoAnNodeJs\BE\middlewares\errorHandler.js:11:17)
    at Layer.handle [as handle_request] (D:\DoAnNodeJs\BE\node_modules\express\lib\router\layer.js:95:5)
    at trim_prefix (D:\DoAnNodeJs\BE\node_modules\express\lib\router\index.js:328:13)
    at D:\DoAnNodeJs\BE\node_modules\express\lib\router\index.js:286:9
    at Function.process_params (D:\DoAnNodeJs\BE\node_modules\express\lib\router\index.js:346:12)
    at next (D:\DoAnNodeJs\BE\node_modules\express\lib\router\index.js:280:10)
    at D:\DoAnNodeJs\BE\services\order\server.js:173:3
    at Layer.handle [as handle_request] (D:\DoAnNodeJs\BE\node_modules\express\lib\router\layer.js:95:5)
    at trim_prefix (D:\DoAnNodeJs\BE\node_modules\express\lib\router\index.js:328:13)
    at D:\DoAnNodeJs\BE\node_modules\express\lib\router\index.js:286:9
2025-04-13 11:01:34:134 error: Không tìm thấy - /00020101021226110007vn.momo38620010A00000072701320006970454011899MM25103O000000800208QRIBFTTA530370454068225005802VN62470515MMTKVP9XTi1gUQR0824Thanh%20toan%20dat%20ban%20tai%202630472B1
Error: Không tìm thấy - /00020101021226110007vn.momo38620010A00000072701320006970454011899MM25103O000000800208QRIBFTTA530370454068225005802VN62470515MMTKVP9XTi1gUQR0824Thanh%20toan%20dat%20ban%20tai%202630472B1
    at notFound (D:\DoAnNodeJs\BE\middlewares\errorHandler.js:11:17)
    at Layer.handle [as handle_request] (D:\DoAnNodeJs\BE\node_modules\express\lib\router\layer.js:95:5)
    at trim_prefix (D:\DoAnNodeJs\BE\node_modules\express\lib\router\index.js:328:13)
    at D:\DoAnNodeJs\BE\node_modules\express\lib\router\index.js:286:9
    at Function.process_params (D:\DoAnNodeJs\BE\node_modules\express\lib\router\index.js:346:12)
    at next (D:\DoAnNodeJs\BE\node_modules\express\lib\router\index.js:280:10)
    at D:\DoAnNodeJs\BE\services\order\server.js:173:3
    at Layer.handle [as handle_request] (D:\DoAnNodeJs\BE\node_modules\express\lib\router\layer.js:95:5)
    at trim_prefix (D:\DoAnNodeJs\BE\node_modules\express\lib\router\index.js:328:13)
    at D:\DoAnNodeJs\BE\node_modules\express\lib\router\index.js:286:9
2025-04-13 11:01:35:135 error: Không tìm thấy - /00020101021226110007vn.momo38620010A00000072701320006970454011899MM25103O000000830208QRIBFTTA530370454068225005802VN62470515MMTAqpUDqeSp6QR0824Thanh%20toan%20dat%20ban%20tai%2026304035F
Error: Không tìm thấy - /00020101021226110007vn.momo38620010A00000072701320006970454011899MM25103O000000830208QRIBFTTA530370454068225005802VN62470515MMTAqpUDqeSp6QR0824Thanh%20toan%20dat%20ban%20tai%2026304035F
    at notFound (D:\DoAnNodeJs\BE\middlewares\errorHandler.js:11:17)
    at Layer.handle [as handle_request] (D:\DoAnNodeJs\BE\node_modules\express\lib\router\layer.js:95:5)
    at trim_prefix (D:\DoAnNodeJs\BE\node_modules\express\lib\router\index.js:328:13)
    at D:\DoAnNodeJs\BE\node_modules\express\lib\router\index.js:286:9
    at Function.process_params (D:\DoAnNodeJs\BE\node_modules\express\lib\router\index.js:346:12)
    at next (D:\DoAnNodeJs\BE\node_modules\express\lib\router\index.js:280:10)
    at D:\DoAnNodeJs\BE\services\order\server.js:173:3
    at Layer.handle [as handle_request] (D:\DoAnNodeJs\BE\node_modules\express\lib\router\layer.js:95:5)
    at trim_prefix (D:\DoAnNodeJs\BE\node_modules\express\lib\router\index.js:328:13)
    at D:\DoAnNodeJs\BE\node_modules\express\lib\router\index.js:286:9
2025-04-13 11:01:35:135 error: Không tìm thấy - /00020101021226110007vn.momo38630010A000000727013300069704180119MMP25103000000000100208QRIBFTTA530370454068225005802VN62470515MMTUoc1MTqltkQR0824Thanh%20toan%20dat%20ban%20tai%20263048998
Error: Không tìm thấy - /00020101021226110007vn.momo38630010A000000727013300069704180119MMP25103000000000100208QRIBFTTA530370454068225005802VN62470515MMTUoc1MTqltkQR0824Thanh%20toan%20dat%20ban%20tai%20263048998
    at notFound (D:\DoAnNodeJs\BE\middlewares\errorHandler.js:11:17)
    at Layer.handle [as handle_request] (D:\DoAnNodeJs\BE\node_modules\express\lib\router\layer.js:95:5)
    at trim_prefix (D:\DoAnNodeJs\BE\node_modules\express\lib\router\index.js:328:13)
    at D:\DoAnNodeJs\BE\node_modules\express\lib\router\index.js:286:9
    at Function.process_params (D:\DoAnNodeJs\BE\node_modules\express\lib\router\index.js:346:12)
    at next (D:\DoAnNodeJs\BE\node_modules\express\lib\router\index.js:280:10)
    at D:\DoAnNodeJs\BE\services\order\server.js:173:3
    at Layer.handle [as handle_request] (D:\DoAnNodeJs\BE\node_modules\express\lib\router\layer.js:95:5)
    at trim_prefix (D:\DoAnNodeJs\BE\node_modules\express\lib\router\index.js:328:13)
    at D:\DoAnNodeJs\BE\node_modules\express\lib\router\index.js:286:9
2025-04-13 11:01:35:135 error: Không tìm thấy - /00020101021226110007vn.momo38620010A00000072701320006970454011899MM25103O000000840208QRIBFTTA530370454068225005802VN62470515MMT0UFBlrohwkQR0824Thanh%20toan%20dat%20ban%20tai%2026304E5C4
Error: Không tìm thấy - /00020101021226110007vn.momo38620010A00000072701320006970454011899MM25103O000000840208QRIBFTTA530370454068225005802VN62470515MMT0UFBlrohwkQR0824Thanh%20toan%20dat%20ban%20tai%2026304E5C4
    at notFound (D:\DoAnNodeJs\BE\middlewares\errorHandler.js:11:17)
    at Layer.handle [as handle_request] (D:\DoAnNodeJs\BE\node_modules\express\lib\router\layer.js:95:5)
    at trim_prefix (D:\DoAnNodeJs\BE\node_modules\express\lib\router\index.js:328:13)
    at D:\DoAnNodeJs\BE\node_modules\express\lib\router\index.js:286:9
    at Function.process_params (D:\DoAnNodeJs\BE\node_modules\express\lib\router\index.js:346:12)
    at next (D:\DoAnNodeJs\BE\node_modules\express\lib\router\index.js:280:10)
    at D:\DoAnNodeJs\BE\services\order\server.js:173:3
    at Layer.handle [as handle_request] (D:\DoAnNodeJs\BE\node_modules\express\lib\router\layer.js:95:5)
    at trim_prefix (D:\DoAnNodeJs\BE\node_modules\express\lib\router\index.js:328:13)
    at D:\DoAnNodeJs\BE\node_modules\express\lib\router\index.js:286:9
2025-04-13 11:01:35:135 error: Không tìm thấy - /00020101021226110007vn.momo38620010A00000072701320006970454011899MM25103O000000850208QRIBFTTA530370454068225005802VN62470515MMTEAMjiSh1MuQR0824Thanh%20toan%20dat%20ban%20tai%20263041958
Error: Không tìm thấy - /00020101021226110007vn.momo38620010A00000072701320006970454011899MM25103O000000850208QRIBFTTA530370454068225005802VN62470515MMTEAMjiSh1MuQR0824Thanh%20toan%20dat%20ban%20tai%20263041958
    at notFound (D:\DoAnNodeJs\BE\middlewares\errorHandler.js:11:17)
    at Layer.handle [as handle_request] (D:\DoAnNodeJs\BE\node_modules\express\lib\router\layer.js:95:5)
    at trim_prefix (D:\DoAnNodeJs\BE\node_modules\express\lib\router\index.js:328:13)
    at D:\DoAnNodeJs\BE\node_modules\express\lib\router\index.js:286:9
    at Function.process_params (D:\DoAnNodeJs\BE\node_modules\express\lib\router\index.js:346:12)
    at next (D:\DoAnNodeJs\BE\node_modules\express\lib\router\index.js:280:10)
    at D:\DoAnNodeJs\BE\services\order\server.js:173:3
    at Layer.handle [as handle_request] (D:\DoAnNodeJs\BE\node_modules\express\lib\router\layer.js:95:5)
    at trim_prefix (D:\DoAnNodeJs\BE\node_modules\express\lib\router\index.js:328:13)
    at D:\DoAnNodeJs\BE\node_modules\express\lib\router\index.js:286:9
2025-04-13 11:01:35:135 error: Không tìm thấy - /00020101021226110007vn.momo38620010A00000072701320006970454011899MM25103O000000860208QRIBFTTA530370454068225005802VN62470515MMTfwcmf16yrBQR0824Thanh%20toan%20dat%20ban%20tai%2026304725B
Error: Không tìm thấy - /00020101021226110007vn.momo38620010A00000072701320006970454011899MM25103O000000860208QRIBFTTA530370454068225005802VN62470515MMTfwcmf16yrBQR0824Thanh%20toan%20dat%20ban%20tai%2026304725B
    at notFound (D:\DoAnNodeJs\BE\middlewares\errorHandler.js:11:17)
    at Layer.handle [as handle_request] (D:\DoAnNodeJs\BE\node_modules\express\lib\router\layer.js:95:5)
    at trim_prefix (D:\DoAnNodeJs\BE\node_modules\express\lib\router\index.js:328:13)
    at D:\DoAnNodeJs\BE\node_modules\express\lib\router\index.js:286:9
    at Function.process_params (D:\DoAnNodeJs\BE\node_modules\express\lib\router\index.js:346:12)
    at next (D:\DoAnNodeJs\BE\node_modules\express\lib\router\index.js:280:10)
    at D:\DoAnNodeJs\BE\services\order\server.js:173:3
    at Layer.handle [as handle_request] (D:\DoAnNodeJs\BE\node_modules\express\lib\router\layer.js:95:5)
    at trim_prefix (D:\DoAnNodeJs\BE\node_modules\express\lib\router\index.js:328:13)
    at D:\DoAnNodeJs\BE\node_modules\express\lib\router\index.js:286:9
2025-04-13 11:01:36:136 error: Không tìm thấy - /00020101021226110007vn.momo38620010A00000072701320006970454011899MM25103O000000870208QRIBFTTA530370454068225005802VN62470515MMTp0XhM2CLAhQR0824Thanh%20toan%20dat%20ban%20tai%20263049875
Error: Không tìm thấy - /00020101021226110007vn.momo38620010A00000072701320006970454011899MM25103O000000870208QRIBFTTA530370454068225005802VN62470515MMTp0XhM2CLAhQR0824Thanh%20toan%20dat%20ban%20tai%20263049875
    at notFound (D:\DoAnNodeJs\BE\middlewares\errorHandler.js:11:17)
    at Layer.handle [as handle_request] (D:\DoAnNodeJs\BE\node_modules\express\lib\router\layer.js:95:5)
    at trim_prefix (D:\DoAnNodeJs\BE\node_modules\express\lib\router\index.js:328:13)
    at D:\DoAnNodeJs\BE\node_modules\express\lib\router\index.js:286:9
    at Function.process_params (D:\DoAnNodeJs\BE\node_modules\express\lib\router\index.js:346:12)
    at next (D:\DoAnNodeJs\BE\node_modules\express\lib\router\index.js:280:10)
    at D:\DoAnNodeJs\BE\services\order\server.js:173:3
    at Layer.handle [as handle_request] (D:\DoAnNodeJs\BE\node_modules\express\lib\router\layer.js:95:5)
    at trim_prefix (D:\DoAnNodeJs\BE\node_modules\express\lib\router\index.js:328:13)
    at D:\DoAnNodeJs\BE\node_modules\express\lib\router\index.js:286:9
2025-04-13 11:01:36:136 error: Không tìm thấy - /00020101021226110007vn.momo38620010A00000072701320006970454011899MM25103O000000880208QRIBFTTA530370454068225005802VN62470515MMTKHiuXv2xFnQR0824Thanh%20toan%20dat%20ban%20tai%2026304AE6C
Error: Không tìm thấy - /00020101021226110007vn.momo38620010A00000072701320006970454011899MM25103O000000880208QRIBFTTA530370454068225005802VN62470515MMTKHiuXv2xFnQR0824Thanh%20toan%20dat%20ban%20tai%2026304AE6C
    at notFound (D:\DoAnNodeJs\BE\middlewares\errorHandler.js:11:17)
    at Layer.handle [as handle_request] (D:\DoAnNodeJs\BE\node_modules\express\lib\router\layer.js:95:5)
    at trim_prefix (D:\DoAnNodeJs\BE\node_modules\express\lib\router\index.js:328:13)
    at D:\DoAnNodeJs\BE\node_modules\express\lib\router\index.js:286:9
    at Function.process_params (D:\DoAnNodeJs\BE\node_modules\express\lib\router\index.js:346:12)
    at next (D:\DoAnNodeJs\BE\node_modules\express\lib\router\index.js:280:10)
    at D:\DoAnNodeJs\BE\services\order\server.js:173:3
    at Layer.handle [as handle_request] (D:\DoAnNodeJs\BE\node_modules\express\lib\router\layer.js:95:5)
    at trim_prefix (D:\DoAnNodeJs\BE\node_modules\express\lib\router\index.js:328:13)
    at D:\DoAnNodeJs\BE\node_modules\express\lib\router\index.js:286:9
2025-04-13 11:01:36:136 error: Không tìm thấy - /00020101021226110007vn.momo38620010A00000072701320006970454011899MM25103O000000890208QRIBFTTA530370454068225005802VN62470515MMT9T1C9tf9OVQR0824Thanh%20toan%20dat%20ban%20tai%20263047233
Error: Không tìm thấy - /00020101021226110007vn.momo38620010A00000072701320006970454011899MM25103O000000890208QRIBFTTA530370454068225005802VN62470515MMT9T1C9tf9OVQR0824Thanh%20toan%20dat%20ban%20tai%20263047233
    at notFound (D:\DoAnNodeJs\BE\middlewares\errorHandler.js:11:17)
    at Layer.handle [as handle_request] (D:\DoAnNodeJs\BE\node_modules\express\lib\router\layer.js:95:5)
    at trim_prefix (D:\DoAnNodeJs\BE\node_modules\express\lib\router\index.js:328:13)
    at D:\DoAnNodeJs\BE\node_modules\express\lib\router\index.js:286:9
    at Function.process_params (D:\DoAnNodeJs\BE\node_modules\express\lib\router\index.js:346:12)
    at next (D:\DoAnNodeJs\BE\node_modules\express\lib\router\index.js:280:10)
    at D:\DoAnNodeJs\BE\services\order\server.js:173:3
    at Layer.handle [as handle_request] (D:\DoAnNodeJs\BE\node_modules\express\lib\router\layer.js:95:5)
    at trim_prefix (D:\DoAnNodeJs\BE\node_modules\express\lib\router\index.js:328:13)
    at D:\DoAnNodeJs\BE\node_modules\express\lib\router\index.js:286:9
2025-04-13 11:01:36:136 error: Không tìm thấy - /00020101021226110007vn.momo38620010A00000072701320006970454011899MM25103O000000900208QRIBFTTA530370454068225005802VN62470515MMTlsSSXe2niCQR0824Thanh%20toan%20dat%20ban%20tai%2026304A2A1
Error: Không tìm thấy - /00020101021226110007vn.momo38620010A00000072701320006970454011899MM25103O000000900208QRIBFTTA530370454068225005802VN62470515MMTlsSSXe2niCQR0824Thanh%20toan%20dat%20ban%20tai%2026304A2A1
    at notFound (D:\DoAnNodeJs\BE\middlewares\errorHandler.js:11:17)
    at Layer.handle [as handle_request] (D:\DoAnNodeJs\BE\node_modules\express\lib\router\layer.js:95:5)
    at trim_prefix (D:\DoAnNodeJs\BE\node_modules\express\lib\router\index.js:328:13)
    at D:\DoAnNodeJs\BE\node_modules\express\lib\router\index.js:286:9
    at Function.process_params (D:\DoAnNodeJs\BE\node_modules\express\lib\router\index.js:346:12)
    at next (D:\DoAnNodeJs\BE\node_modules\express\lib\router\index.js:280:10)
    at D:\DoAnNodeJs\BE\services\order\server.js:173:3
    at Layer.handle [as handle_request] (D:\DoAnNodeJs\BE\node_modules\express\lib\router\layer.js:95:5)
    at trim_prefix (D:\DoAnNodeJs\BE\node_modules\express\lib\router\index.js:328:13)
    at D:\DoAnNodeJs\BE\node_modules\express\lib\router\index.js:286:9
2025-04-13 11:01:36:136 error: Không tìm thấy - /00020101021226110007vn.momo38620010A00000072701320006970454011899MM25103O000000920208QRIBFTTA530370454068225005802VN62470515MMTLLNconPiweQR0824Thanh%20toan%20dat%20ban%20tai%2026304847F
Error: Không tìm thấy - /00020101021226110007vn.momo38620010A00000072701320006970454011899MM25103O000000920208QRIBFTTA530370454068225005802VN62470515MMTLLNconPiweQR0824Thanh%20toan%20dat%20ban%20tai%2026304847F
    at notFound (D:\DoAnNodeJs\BE\middlewares\errorHandler.js:11:17)
    at Layer.handle [as handle_request] (D:\DoAnNodeJs\BE\node_modules\express\lib\router\layer.js:95:5)
    at trim_prefix (D:\DoAnNodeJs\BE\node_modules\express\lib\router\index.js:328:13)
    at D:\DoAnNodeJs\BE\node_modules\express\lib\router\index.js:286:9
    at Function.process_params (D:\DoAnNodeJs\BE\node_modules\express\lib\router\index.js:346:12)
    at next (D:\DoAnNodeJs\BE\node_modules\express\lib\router\index.js:280:10)
    at D:\DoAnNodeJs\BE\services\order\server.js:173:3
    at Layer.handle [as handle_request] (D:\DoAnNodeJs\BE\node_modules\express\lib\router\layer.js:95:5)
    at trim_prefix (D:\DoAnNodeJs\BE\node_modules\express\lib\router\index.js:328:13)
    at D:\DoAnNodeJs\BE\node_modules\express\lib\router\index.js:286:9
2025-04-13 11:01:36:136 error: Không tìm thấy - /00020101021226110007vn.momo38620010A00000072701320006970454011899MM25103O000000910208QRIBFTTA530370454068225005802VN62470515MMTenoNaH2ysQQR0824Thanh%20toan%20dat%20ban%20tai%202630424D4
Error: Không tìm thấy - /00020101021226110007vn.momo38620010A00000072701320006970454011899MM25103O000000910208QRIBFTTA530370454068225005802VN62470515MMTenoNaH2ysQQR0824Thanh%20toan%20dat%20ban%20tai%202630424D4
    at notFound (D:\DoAnNodeJs\BE\middlewares\errorHandler.js:11:17)
    at Layer.handle [as handle_request] (D:\DoAnNodeJs\BE\node_modules\express\lib\router\layer.js:95:5)
    at trim_prefix (D:\DoAnNodeJs\BE\node_modules\express\lib\router\index.js:328:13)
    at D:\DoAnNodeJs\BE\node_modules\express\lib\router\index.js:286:9
    at Function.process_params (D:\DoAnNodeJs\BE\node_modules\express\lib\router\index.js:346:12)
    at next (D:\DoAnNodeJs\BE\node_modules\express\lib\router\index.js:280:10)
    at D:\DoAnNodeJs\BE\services\order\server.js:173:3
    at Layer.handle [as handle_request] (D:\DoAnNodeJs\BE\node_modules\express\lib\router\layer.js:95:5)
    at trim_prefix (D:\DoAnNodeJs\BE\node_modules\express\lib\router\index.js:328:13)
    at D:\DoAnNodeJs\BE\node_modules\express\lib\router\index.js:286:9
2025-04-13 11:01:37:137 error: Không tìm thấy - /00020101021226110007vn.momo38630010A000000727013300069704180119MMP25103000000000110208QRIBFTTA530370454068225005802VN62470515MMTyXO7oCPBASQR0824Thanh%20toan%20dat%20ban%20tai%20263041CB2
Error: Không tìm thấy - /00020101021226110007vn.momo38630010A000000727013300069704180119MMP25103000000000110208QRIBFTTA530370454068225005802VN62470515MMTyXO7oCPBASQR0824Thanh%20toan%20dat%20ban%20tai%20263041CB2
    at notFound (D:\DoAnNodeJs\BE\middlewares\errorHandler.js:11:17)
    at Layer.handle [as handle_request] (D:\DoAnNodeJs\BE\node_modules\express\lib\router\layer.js:95:5)
    at trim_prefix (D:\DoAnNodeJs\BE\node_modules\express\lib\router\index.js:328:13)
    at D:\DoAnNodeJs\BE\node_modules\express\lib\router\index.js:286:9
    at Function.process_params (D:\DoAnNodeJs\BE\node_modules\express\lib\router\index.js:346:12)
    at next (D:\DoAnNodeJs\BE\node_modules\express\lib\router\index.js:280:10)
    at D:\DoAnNodeJs\BE\services\order\server.js:173:3
    at Layer.handle [as handle_request] (D:\DoAnNodeJs\BE\node_modules\express\lib\router\layer.js:95:5)
    at trim_prefix (D:\DoAnNodeJs\BE\node_modules\express\lib\router\index.js:328:13)
    at D:\DoAnNodeJs\BE\node_modules\express\lib\router\index.js:286:9
2025-04-13 11:01:37:137 error: Không tìm thấy - /00020101021226110007vn.momo38620010A00000072701320006970454011899MM25103O000000930208QRIBFTTA530370454068225005802VN62470515MMTPfBHQWekcuQR0824Thanh%20toan%20dat%20ban%20tai%20263042B89
Error: Không tìm thấy - /00020101021226110007vn.momo38620010A00000072701320006970454011899MM25103O000000930208QRIBFTTA530370454068225005802VN62470515MMTPfBHQWekcuQR0824Thanh%20toan%20dat%20ban%20tai%20263042B89
    at notFound (D:\DoAnNodeJs\BE\middlewares\errorHandler.js:11:17)
    at Layer.handle [as handle_request] (D:\DoAnNodeJs\BE\node_modules\express\lib\router\layer.js:95:5)
    at trim_prefix (D:\DoAnNodeJs\BE\node_modules\express\lib\router\index.js:328:13)
    at D:\DoAnNodeJs\BE\node_modules\express\lib\router\index.js:286:9
    at Function.process_params (D:\DoAnNodeJs\BE\node_modules\express\lib\router\index.js:346:12)
    at next (D:\DoAnNodeJs\BE\node_modules\express\lib\router\index.js:280:10)
    at D:\DoAnNodeJs\BE\services\order\server.js:173:3
    at Layer.handle [as handle_request] (D:\DoAnNodeJs\BE\node_modules\express\lib\router\layer.js:95:5)
    at trim_prefix (D:\DoAnNodeJs\BE\node_modules\express\lib\router\index.js:328:13)
    at D:\DoAnNodeJs\BE\node_modules\express\lib\router\index.js:286:9
2025-04-13 11:01:37:137 error: Không tìm thấy - /00020101021226110007vn.momo38620010A00000072701320006970454011899MM25103O000000940208QRIBFTTA530370454068225005802VN62470515MMT6EcogXgYD7QR0824Thanh%20toan%20dat%20ban%20tai%20263046FAD
Error: Không tìm thấy - /00020101021226110007vn.momo38620010A00000072701320006970454011899MM25103O000000940208QRIBFTTA530370454068225005802VN62470515MMT6EcogXgYD7QR0824Thanh%20toan%20dat%20ban%20tai%20263046FAD
    at notFound (D:\DoAnNodeJs\BE\middlewares\errorHandler.js:11:17)
    at Layer.handle [as handle_request] (D:\DoAnNodeJs\BE\node_modules\express\lib\router\layer.js:95:5)
    at trim_prefix (D:\DoAnNodeJs\BE\node_modules\express\lib\router\index.js:328:13)
    at D:\DoAnNodeJs\BE\node_modules\express\lib\router\index.js:286:9
    at Function.process_params (D:\DoAnNodeJs\BE\node_modules\express\lib\router\index.js:346:12)
    at next (D:\DoAnNodeJs\BE\node_modules\express\lib\router\index.js:280:10)
    at D:\DoAnNodeJs\BE\services\order\server.js:173:3
    at Layer.handle [as handle_request] (D:\DoAnNodeJs\BE\node_modules\express\lib\router\layer.js:95:5)
    at trim_prefix (D:\DoAnNodeJs\BE\node_modules\express\lib\router\index.js:328:13)
    at D:\DoAnNodeJs\BE\node_modules\express\lib\router\index.js:286:9
2025-04-13 11:01:37:137 error: Không tìm thấy - /00020101021226110007vn.momo38620010A00000072701320006970454011899MM25103O000000950208QRIBFTTA530370454068225005802VN62470515MMTunBXCmUy95QR0824Thanh%20toan%20dat%20ban%20tai%20263046ABC
Error: Không tìm thấy - /00020101021226110007vn.momo38620010A00000072701320006970454011899MM25103O000000950208QRIBFTTA530370454068225005802VN62470515MMTunBXCmUy95QR0824Thanh%20toan%20dat%20ban%20tai%20263046ABC
    at notFound (D:\DoAnNodeJs\BE\middlewares\errorHandler.js:11:17)
    at Layer.handle [as handle_request] (D:\DoAnNodeJs\BE\node_modules\express\lib\router\layer.js:95:5)
    at trim_prefix (D:\DoAnNodeJs\BE\node_modules\express\lib\router\index.js:328:13)
    at D:\DoAnNodeJs\BE\node_modules\express\lib\router\index.js:286:9
    at Function.process_params (D:\DoAnNodeJs\BE\node_modules\express\lib\router\index.js:346:12)
    at next (D:\DoAnNodeJs\BE\node_modules\express\lib\router\index.js:280:10)
    at D:\DoAnNodeJs\BE\services\order\server.js:173:3
    at Layer.handle [as handle_request] (D:\DoAnNodeJs\BE\node_modules\express\lib\router\layer.js:95:5)
    at trim_prefix (D:\DoAnNodeJs\BE\node_modules\express\lib\router\index.js:328:13)
    at D:\DoAnNodeJs\BE\node_modules\express\lib\router\index.js:286:9
2025-04-13 11:01:37:137 error: Không tìm thấy - /00020101021226110007vn.momo38620010A00000072701320006970454011899MM25103O000000960208QRIBFTTA530370454068225005802VN62470515MMTxaqI0S1HC8QR0824Thanh%20toan%20dat%20ban%20tai%2026304AAE1
Error: Không tìm thấy - /00020101021226110007vn.momo38620010A00000072701320006970454011899MM25103O000000960208QRIBFTTA530370454068225005802VN62470515MMTxaqI0S1HC8QR0824Thanh%20toan%20dat%20ban%20tai%2026304AAE1
    at notFound (D:\DoAnNodeJs\BE\middlewares\errorHandler.js:11:17)
    at Layer.handle [as handle_request] (D:\DoAnNodeJs\BE\node_modules\express\lib\router\layer.js:95:5)
    at trim_prefix (D:\DoAnNodeJs\BE\node_modules\express\lib\router\index.js:328:13)
    at D:\DoAnNodeJs\BE\node_modules\express\lib\router\index.js:286:9
    at Function.process_params (D:\DoAnNodeJs\BE\node_modules\express\lib\router\index.js:346:12)
    at next (D:\DoAnNodeJs\BE\node_modules\express\lib\router\index.js:280:10)
    at D:\DoAnNodeJs\BE\services\order\server.js:173:3
    at Layer.handle [as handle_request] (D:\DoAnNodeJs\BE\node_modules\express\lib\router\layer.js:95:5)
    at trim_prefix (D:\DoAnNodeJs\BE\node_modules\express\lib\router\index.js:328:13)
    at D:\DoAnNodeJs\BE\node_modules\express\lib\router\index.js:286:9
2025-04-13 11:01:38:138 error: Không tìm thấy - /00020101021226110007vn.momo38620010A00000072701320006970454011899MM25103O000000970208QRIBFTTA530370454068225005802VN62470515MMTLhDaE1qOqlQR0824Thanh%20toan%20dat%20ban%20tai%2026304B576
Error: Không tìm thấy - /00020101021226110007vn.momo38620010A00000072701320006970454011899MM25103O000000970208QRIBFTTA530370454068225005802VN62470515MMTLhDaE1qOqlQR0824Thanh%20toan%20dat%20ban%20tai%2026304B576
    at notFound (D:\DoAnNodeJs\BE\middlewares\errorHandler.js:11:17)
    at Layer.handle [as handle_request] (D:\DoAnNodeJs\BE\node_modules\express\lib\router\layer.js:95:5)
    at trim_prefix (D:\DoAnNodeJs\BE\node_modules\express\lib\router\index.js:328:13)
    at D:\DoAnNodeJs\BE\node_modules\express\lib\router\index.js:286:9
    at Function.process_params (D:\DoAnNodeJs\BE\node_modules\express\lib\router\index.js:346:12)
    at next (D:\DoAnNodeJs\BE\node_modules\express\lib\router\index.js:280:10)
    at D:\DoAnNodeJs\BE\services\order\server.js:173:3
    at Layer.handle [as handle_request] (D:\DoAnNodeJs\BE\node_modules\express\lib\router\layer.js:95:5)
    at trim_prefix (D:\DoAnNodeJs\BE\node_modules\express\lib\router\index.js:328:13)
    at D:\DoAnNodeJs\BE\node_modules\express\lib\router\index.js:286:9
2025-04-13 11:01:38:138 error: Không tìm thấy - /00020101021226110007vn.momo38620010A00000072701320006970454011899MM25103O000000980208QRIBFTTA530370454068225005802VN62470515MMTJvW93uhQISQR0824Thanh%20toan%20dat%20ban%20tai%2026304F7FC
Error: Không tìm thấy - /00020101021226110007vn.momo38620010A00000072701320006970454011899MM25103O000000980208QRIBFTTA530370454068225005802VN62470515MMTJvW93uhQISQR0824Thanh%20toan%20dat%20ban%20tai%2026304F7FC
    at notFound (D:\DoAnNodeJs\BE\middlewares\errorHandler.js:11:17)
    at Layer.handle [as handle_request] (D:\DoAnNodeJs\BE\node_modules\express\lib\router\layer.js:95:5)
    at trim_prefix (D:\DoAnNodeJs\BE\node_modules\express\lib\router\index.js:328:13)
    at D:\DoAnNodeJs\BE\node_modules\express\lib\router\index.js:286:9
    at Function.process_params (D:\DoAnNodeJs\BE\node_modules\express\lib\router\index.js:346:12)
    at next (D:\DoAnNodeJs\BE\node_modules\express\lib\router\index.js:280:10)
    at D:\DoAnNodeJs\BE\services\order\server.js:173:3
    at Layer.handle [as handle_request] (D:\DoAnNodeJs\BE\node_modules\express\lib\router\layer.js:95:5)
    at trim_prefix (D:\DoAnNodeJs\BE\node_modules\express\lib\router\index.js:328:13)
    at D:\DoAnNodeJs\BE\node_modules\express\lib\router\index.js:286:9
2025-04-13 11:01:38:138 error: Không tìm thấy - /00020101021226110007vn.momo38620010A00000072701320006970454011899MM25103O000000990208QRIBFTTA530370454068225005802VN62470515MMTFrd4CWneerQR0824Thanh%20toan%20dat%20ban%20tai%20263045CD6
Error: Không tìm thấy - /00020101021226110007vn.momo38620010A00000072701320006970454011899MM25103O000000990208QRIBFTTA530370454068225005802VN62470515MMTFrd4CWneerQR0824Thanh%20toan%20dat%20ban%20tai%20263045CD6
    at notFound (D:\DoAnNodeJs\BE\middlewares\errorHandler.js:11:17)
    at Layer.handle [as handle_request] (D:\DoAnNodeJs\BE\node_modules\express\lib\router\layer.js:95:5)
    at trim_prefix (D:\DoAnNodeJs\BE\node_modules\express\lib\router\index.js:328:13)
    at D:\DoAnNodeJs\BE\node_modules\express\lib\router\index.js:286:9
    at Function.process_params (D:\DoAnNodeJs\BE\node_modules\express\lib\router\index.js:346:12)
    at next (D:\DoAnNodeJs\BE\node_modules\express\lib\router\index.js:280:10)
    at D:\DoAnNodeJs\BE\services\order\server.js:173:3
    at Layer.handle [as handle_request] (D:\DoAnNodeJs\BE\node_modules\express\lib\router\layer.js:95:5)
    at trim_prefix (D:\DoAnNodeJs\BE\node_modules\express\lib\router\index.js:328:13)
    at D:\DoAnNodeJs\BE\node_modules\express\lib\router\index.js:286:9
2025-04-13 11:01:38:138 error: Không tìm thấy - /00020101021226110007vn.momo38620010A00000072701320006970454011899MM25103O000001000208QRIBFTTA530370454068225005802VN62470515MMTL0TQo3STlkQR0824Thanh%20toan%20dat%20ban%20tai%20263048BB6
Error: Không tìm thấy - /00020101021226110007vn.momo38620010A00000072701320006970454011899MM25103O000001000208QRIBFTTA530370454068225005802VN62470515MMTL0TQo3STlkQR0824Thanh%20toan%20dat%20ban%20tai%20263048BB6
    at notFound (D:\DoAnNodeJs\BE\middlewares\errorHandler.js:11:17)
    at Layer.handle [as handle_request] (D:\DoAnNodeJs\BE\node_modules\express\lib\router\layer.js:95:5)
    at trim_prefix (D:\DoAnNodeJs\BE\node_modules\express\lib\router\index.js:328:13)
    at D:\DoAnNodeJs\BE\node_modules\express\lib\router\index.js:286:9
    at Function.process_params (D:\DoAnNodeJs\BE\node_modules\express\lib\router\index.js:346:12)
    at next (D:\DoAnNodeJs\BE\node_modules\express\lib\router\index.js:280:10)
    at D:\DoAnNodeJs\BE\services\order\server.js:173:3
    at Layer.handle [as handle_request] (D:\DoAnNodeJs\BE\node_modules\express\lib\router\layer.js:95:5)
    at trim_prefix (D:\DoAnNodeJs\BE\node_modules\express\lib\router\index.js:328:13)
    at D:\DoAnNodeJs\BE\node_modules\express\lib\router\index.js:286:9
2025-04-13 11:01:38:138 error: Không tìm thấy - /00020101021226110007vn.momo38620010A00000072701320006970454011899MM25103O000001010208QRIBFTTA530370454068225005802VN62470515MMTm0n5QrN3MJQR0824Thanh%20toan%20dat%20ban%20tai%20263047F3A
Error: Không tìm thấy - /00020101021226110007vn.momo38620010A00000072701320006970454011899MM25103O000001010208QRIBFTTA530370454068225005802VN62470515MMTm0n5QrN3MJQR0824Thanh%20toan%20dat%20ban%20tai%20263047F3A
    at notFound (D:\DoAnNodeJs\BE\middlewares\errorHandler.js:11:17)
    at Layer.handle [as handle_request] (D:\DoAnNodeJs\BE\node_modules\express\lib\router\layer.js:95:5)
    at trim_prefix (D:\DoAnNodeJs\BE\node_modules\express\lib\router\index.js:328:13)
    at D:\DoAnNodeJs\BE\node_modules\express\lib\router\index.js:286:9
    at Function.process_params (D:\DoAnNodeJs\BE\node_modules\express\lib\router\index.js:346:12)
    at next (D:\DoAnNodeJs\BE\node_modules\express\lib\router\index.js:280:10)
    at D:\DoAnNodeJs\BE\services\order\server.js:173:3
    at Layer.handle [as handle_request] (D:\DoAnNodeJs\BE\node_modules\express\lib\router\layer.js:95:5)
    at trim_prefix (D:\DoAnNodeJs\BE\node_modules\express\lib\router\index.js:328:13)
    at D:\DoAnNodeJs\BE\node_modules\express\lib\router\index.js:286:9
2025-04-13 11:01:38:138 error: Không tìm thấy - /00020101021226110007vn.momo38630010A000000727013300069704180119MMP25103000000000120208QRIBFTTA530370454068225005802VN62470515MMTBwlRwfnNGlQR0824Thanh%20toan%20dat%20ban%20tai%2026304C21C
Error: Không tìm thấy - /00020101021226110007vn.momo38630010A000000727013300069704180119MMP25103000000000120208QRIBFTTA530370454068225005802VN62470515MMTBwlRwfnNGlQR0824Thanh%20toan%20dat%20ban%20tai%2026304C21C
    at notFound (D:\DoAnNodeJs\BE\middlewares\errorHandler.js:11:17)
    at Layer.handle [as handle_request] (D:\DoAnNodeJs\BE\node_modules\express\lib\router\layer.js:95:5)
    at trim_prefix (D:\DoAnNodeJs\BE\node_modules\express\lib\router\index.js:328:13)
    at D:\DoAnNodeJs\BE\node_modules\express\lib\router\index.js:286:9
    at Function.process_params (D:\DoAnNodeJs\BE\node_modules\express\lib\router\index.js:346:12)
    at next (D:\DoAnNodeJs\BE\node_modules\express\lib\router\index.js:280:10)
    at D:\DoAnNodeJs\BE\services\order\server.js:173:3
    at Layer.handle [as handle_request] (D:\DoAnNodeJs\BE\node_modules\express\lib\router\layer.js:95:5)
    at trim_prefix (D:\DoAnNodeJs\BE\node_modules\express\lib\router\index.js:328:13)
    at D:\DoAnNodeJs\BE\node_modules\express\lib\router\index.js:286:9
2025-04-13 11:01:55:155 error: Không tìm thấy - /00020101021226110007vn.momo38630010A000000727013300069704180119MMP25103000000000120208QRIBFTTA530370454068225005802VN62470515MMTBwlRwfnNGlQR0824Thanh%20toan%20dat%20ban%20tai%2026304C21C
Error: Không tìm thấy - /00020101021226110007vn.momo38630010A000000727013300069704180119MMP25103000000000120208QRIBFTTA530370454068225005802VN62470515MMTBwlRwfnNGlQR0824Thanh%20toan%20dat%20ban%20tai%2026304C21C
    at notFound (D:\DoAnNodeJs\BE\middlewares\errorHandler.js:11:17)
    at Layer.handle [as handle_request] (D:\DoAnNodeJs\BE\node_modules\express\lib\router\layer.js:95:5)
    at trim_prefix (D:\DoAnNodeJs\BE\node_modules\express\lib\router\index.js:328:13)
    at D:\DoAnNodeJs\BE\node_modules\express\lib\router\index.js:286:9
    at Function.process_params (D:\DoAnNodeJs\BE\node_modules\express\lib\router\index.js:346:12)
    at next (D:\DoAnNodeJs\BE\node_modules\express\lib\router\index.js:280:10)
    at D:\DoAnNodeJs\BE\services\order\server.js:173:3
    at Layer.handle [as handle_request] (D:\DoAnNodeJs\BE\node_modules\express\lib\router\layer.js:95:5)
    at trim_prefix (D:\DoAnNodeJs\BE\node_modules\express\lib\router\index.js:328:13)
    at D:\DoAnNodeJs\BE\node_modules\express\lib\router\index.js:286:9
2025-04-13 11:01:55:155 error: Không tìm thấy - /00020101021226110007vn.momo38620010A00000072701320006970454011899MM25103O000001030208QRIBFTTA530370454068225005802VN62470515MMTx31HxYbGQoQR0824Thanh%20toan%20dat%20ban%20tai%202630464AF
Error: Không tìm thấy - /00020101021226110007vn.momo38620010A00000072701320006970454011899MM25103O000001030208QRIBFTTA530370454068225005802VN62470515MMTx31HxYbGQoQR0824Thanh%20toan%20dat%20ban%20tai%202630464AF
    at notFound (D:\DoAnNodeJs\BE\middlewares\errorHandler.js:11:17)
    at Layer.handle [as handle_request] (D:\DoAnNodeJs\BE\node_modules\express\lib\router\layer.js:95:5)
    at trim_prefix (D:\DoAnNodeJs\BE\node_modules\express\lib\router\index.js:328:13)
    at D:\DoAnNodeJs\BE\node_modules\express\lib\router\index.js:286:9
    at Function.process_params (D:\DoAnNodeJs\BE\node_modules\express\lib\router\index.js:346:12)
    at next (D:\DoAnNodeJs\BE\node_modules\express\lib\router\index.js:280:10)
    at D:\DoAnNodeJs\BE\services\order\server.js:173:3
    at Layer.handle [as handle_request] (D:\DoAnNodeJs\BE\node_modules\express\lib\router\layer.js:95:5)
    at trim_prefix (D:\DoAnNodeJs\BE\node_modules\express\lib\router\index.js:328:13)
    at D:\DoAnNodeJs\BE\node_modules\express\lib\router\index.js:286:9
2025-04-13 11:01:55:155 error: Không tìm thấy - /00020101021226110007vn.momo38620010A00000072701320006970454011899MM25103O000001040208QRIBFTTA530370454068225005802VN62470515MMTtymFMPojFjQR0824Thanh%20toan%20dat%20ban%20tai%202630425DB
Error: Không tìm thấy - /00020101021226110007vn.momo38620010A00000072701320006970454011899MM25103O000001040208QRIBFTTA530370454068225005802VN62470515MMTtymFMPojFjQR0824Thanh%20toan%20dat%20ban%20tai%202630425DB
    at notFound (D:\DoAnNodeJs\BE\middlewares\errorHandler.js:11:17)
    at Layer.handle [as handle_request] (D:\DoAnNodeJs\BE\node_modules\express\lib\router\layer.js:95:5)
    at trim_prefix (D:\DoAnNodeJs\BE\node_modules\express\lib\router\index.js:328:13)
    at D:\DoAnNodeJs\BE\node_modules\express\lib\router\index.js:286:9
    at Function.process_params (D:\DoAnNodeJs\BE\node_modules\express\lib\router\index.js:346:12)
    at next (D:\DoAnNodeJs\BE\node_modules\express\lib\router\index.js:280:10)
    at D:\DoAnNodeJs\BE\services\order\server.js:173:3
    at Layer.handle [as handle_request] (D:\DoAnNodeJs\BE\node_modules\express\lib\router\layer.js:95:5)
    at trim_prefix (D:\DoAnNodeJs\BE\node_modules\express\lib\router\index.js:328:13)
    at D:\DoAnNodeJs\BE\node_modules\express\lib\router\index.js:286:9
2025-04-13 11:01:55:155 error: Không tìm thấy - /00020101021226110007vn.momo38620010A00000072701320006970454011899MM25103O000001020208QRIBFTTA530370454068225005802VN62470515MMTECHhawxM0bQR0824Thanh%20toan%20dat%20ban%20tai%202630450C5
Error: Không tìm thấy - /00020101021226110007vn.momo38620010A00000072701320006970454011899MM25103O000001020208QRIBFTTA530370454068225005802VN62470515MMTECHhawxM0bQR0824Thanh%20toan%20dat%20ban%20tai%202630450C5
    at notFound (D:\DoAnNodeJs\BE\middlewares\errorHandler.js:11:17)
    at Layer.handle [as handle_request] (D:\DoAnNodeJs\BE\node_modules\express\lib\router\layer.js:95:5)
    at trim_prefix (D:\DoAnNodeJs\BE\node_modules\express\lib\router\index.js:328:13)
    at D:\DoAnNodeJs\BE\node_modules\express\lib\router\index.js:286:9
    at Function.process_params (D:\DoAnNodeJs\BE\node_modules\express\lib\router\index.js:346:12)
    at next (D:\DoAnNodeJs\BE\node_modules\express\lib\router\index.js:280:10)
    at D:\DoAnNodeJs\BE\services\order\server.js:173:3
    at Layer.handle [as handle_request] (D:\DoAnNodeJs\BE\node_modules\express\lib\router\layer.js:95:5)
    at trim_prefix (D:\DoAnNodeJs\BE\node_modules\express\lib\router\index.js:328:13)
    at D:\DoAnNodeJs\BE\node_modules\express\lib\router\index.js:286:9
2025-04-13 11:01:55:155 error: Không tìm thấy - /00020101021226110007vn.momo38620010A00000072701320006970454011899MM25103O000001050208QRIBFTTA530370454068225005802VN62470515MMTyudQGqCWbhQR0824Thanh%20toan%20dat%20ban%20tai%2026304E49C
Error: Không tìm thấy - /00020101021226110007vn.momo38620010A00000072701320006970454011899MM25103O000001050208QRIBFTTA530370454068225005802VN62470515MMTyudQGqCWbhQR0824Thanh%20toan%20dat%20ban%20tai%2026304E49C
    at notFound (D:\DoAnNodeJs\BE\middlewares\errorHandler.js:11:17)
    at Layer.handle [as handle_request] (D:\DoAnNodeJs\BE\node_modules\express\lib\router\layer.js:95:5)
    at trim_prefix (D:\DoAnNodeJs\BE\node_modules\express\lib\router\index.js:328:13)
    at D:\DoAnNodeJs\BE\node_modules\express\lib\router\index.js:286:9
    at Function.process_params (D:\DoAnNodeJs\BE\node_modules\express\lib\router\index.js:346:12)
    at next (D:\DoAnNodeJs\BE\node_modules\express\lib\router\index.js:280:10)
    at D:\DoAnNodeJs\BE\services\order\server.js:173:3
    at Layer.handle [as handle_request] (D:\DoAnNodeJs\BE\node_modules\express\lib\router\layer.js:95:5)
    at trim_prefix (D:\DoAnNodeJs\BE\node_modules\express\lib\router\index.js:328:13)
    at D:\DoAnNodeJs\BE\node_modules\express\lib\router\index.js:286:9
2025-04-13 11:01:56:156 error: Không tìm thấy - /00020101021226110007vn.momo38620010A00000072701320006970454011899MM25103O000001060208QRIBFTTA530370454068225005802VN62470515MMTWBDhZ2EPkgQR0824Thanh%20toan%20dat%20ban%20tai%2026304E2E7
Error: Không tìm thấy - /00020101021226110007vn.momo38620010A00000072701320006970454011899MM25103O000001060208QRIBFTTA530370454068225005802VN62470515MMTWBDhZ2EPkgQR0824Thanh%20toan%20dat%20ban%20tai%2026304E2E7
    at notFound (D:\DoAnNodeJs\BE\middlewares\errorHandler.js:11:17)
    at Layer.handle [as handle_request] (D:\DoAnNodeJs\BE\node_modules\express\lib\router\layer.js:95:5)
    at trim_prefix (D:\DoAnNodeJs\BE\node_modules\express\lib\router\index.js:328:13)
    at D:\DoAnNodeJs\BE\node_modules\express\lib\router\index.js:286:9
    at Function.process_params (D:\DoAnNodeJs\BE\node_modules\express\lib\router\index.js:346:12)
    at next (D:\DoAnNodeJs\BE\node_modules\express\lib\router\index.js:280:10)
    at D:\DoAnNodeJs\BE\services\order\server.js:173:3
    at Layer.handle [as handle_request] (D:\DoAnNodeJs\BE\node_modules\express\lib\router\layer.js:95:5)
    at trim_prefix (D:\DoAnNodeJs\BE\node_modules\express\lib\router\index.js:328:13)
    at D:\DoAnNodeJs\BE\node_modules\express\lib\router\index.js:286:9
2025-04-13 11:01:56:156 error: Không tìm thấy - /00020101021226110007vn.momo38620010A00000072701320006970454011899MM25103O000001070208QRIBFTTA530370454068225005802VN62470515MMTjYl1I09RtQQR0824Thanh%20toan%20dat%20ban%20tai%20263047990
Error: Không tìm thấy - /00020101021226110007vn.momo38620010A00000072701320006970454011899MM25103O000001070208QRIBFTTA530370454068225005802VN62470515MMTjYl1I09RtQQR0824Thanh%20toan%20dat%20ban%20tai%20263047990
    at notFound (D:\DoAnNodeJs\BE\middlewares\errorHandler.js:11:17)
    at Layer.handle [as handle_request] (D:\DoAnNodeJs\BE\node_modules\express\lib\router\layer.js:95:5)
    at trim_prefix (D:\DoAnNodeJs\BE\node_modules\express\lib\router\index.js:328:13)
    at D:\DoAnNodeJs\BE\node_modules\express\lib\router\index.js:286:9
    at Function.process_params (D:\DoAnNodeJs\BE\node_modules\express\lib\router\index.js:346:12)
    at next (D:\DoAnNodeJs\BE\node_modules\express\lib\router\index.js:280:10)
    at D:\DoAnNodeJs\BE\services\order\server.js:173:3
    at Layer.handle [as handle_request] (D:\DoAnNodeJs\BE\node_modules\express\lib\router\layer.js:95:5)
    at trim_prefix (D:\DoAnNodeJs\BE\node_modules\express\lib\router\index.js:328:13)
    at D:\DoAnNodeJs\BE\node_modules\express\lib\router\index.js:286:9
2025-04-13 11:01:56:156 error: Không tìm thấy - /00020101021226110007vn.momo38620010A00000072701320006970454011899MM25103O000001080208QRIBFTTA530370454068225005802VN62470515MMT7gh1zh0kojQR0824Thanh%20toan%20dat%20ban%20tai%20263042DA5
Error: Không tìm thấy - /00020101021226110007vn.momo38620010A00000072701320006970454011899MM25103O000001080208QRIBFTTA530370454068225005802VN62470515MMT7gh1zh0kojQR0824Thanh%20toan%20dat%20ban%20tai%20263042DA5
    at notFound (D:\DoAnNodeJs\BE\middlewares\errorHandler.js:11:17)
    at Layer.handle [as handle_request] (D:\DoAnNodeJs\BE\node_modules\express\lib\router\layer.js:95:5)
    at trim_prefix (D:\DoAnNodeJs\BE\node_modules\express\lib\router\index.js:328:13)
    at D:\DoAnNodeJs\BE\node_modules\express\lib\router\index.js:286:9
    at Function.process_params (D:\DoAnNodeJs\BE\node_modules\express\lib\router\index.js:346:12)
    at next (D:\DoAnNodeJs\BE\node_modules\express\lib\router\index.js:280:10)
    at D:\DoAnNodeJs\BE\services\order\server.js:173:3
    at Layer.handle [as handle_request] (D:\DoAnNodeJs\BE\node_modules\express\lib\router\layer.js:95:5)
    at trim_prefix (D:\DoAnNodeJs\BE\node_modules\express\lib\router\index.js:328:13)
    at D:\DoAnNodeJs\BE\node_modules\express\lib\router\index.js:286:9
2025-04-13 11:01:56:156 error: Không tìm thấy - /00020101021226110007vn.momo38620010A00000072701320006970454011899MM25103O000001090208QRIBFTTA530370454068225005802VN62470515MMT3eJikIqBuJQR0824Thanh%20toan%20dat%20ban%20tai%2026304A9FD
Error: Không tìm thấy - /00020101021226110007vn.momo38620010A00000072701320006970454011899MM25103O000001090208QRIBFTTA530370454068225005802VN62470515MMT3eJikIqBuJQR0824Thanh%20toan%20dat%20ban%20tai%2026304A9FD
    at notFound (D:\DoAnNodeJs\BE\middlewares\errorHandler.js:11:17)
    at Layer.handle [as handle_request] (D:\DoAnNodeJs\BE\node_modules\express\lib\router\layer.js:95:5)
    at trim_prefix (D:\DoAnNodeJs\BE\node_modules\express\lib\router\index.js:328:13)
    at D:\DoAnNodeJs\BE\node_modules\express\lib\router\index.js:286:9
    at Function.process_params (D:\DoAnNodeJs\BE\node_modules\express\lib\router\index.js:346:12)
    at next (D:\DoAnNodeJs\BE\node_modules\express\lib\router\index.js:280:10)
    at D:\DoAnNodeJs\BE\services\order\server.js:173:3
    at Layer.handle [as handle_request] (D:\DoAnNodeJs\BE\node_modules\express\lib\router\layer.js:95:5)
    at trim_prefix (D:\DoAnNodeJs\BE\node_modules\express\lib\router\index.js:328:13)
    at D:\DoAnNodeJs\BE\node_modules\express\lib\router\index.js:286:9
2025-04-13 11:01:56:156 error: Không tìm thấy - /00020101021226110007vn.momo38620010A00000072701320006970454011899MM25103O000001100208QRIBFTTA530370454068225005802VN62470515MMTEvRL7SatAfQR0824Thanh%20toan%20dat%20ban%20tai%20263046E06
Error: Không tìm thấy - /00020101021226110007vn.momo38620010A00000072701320006970454011899MM25103O000001100208QRIBFTTA530370454068225005802VN62470515MMTEvRL7SatAfQR0824Thanh%20toan%20dat%20ban%20tai%20263046E06
    at notFound (D:\DoAnNodeJs\BE\middlewares\errorHandler.js:11:17)
    at Layer.handle [as handle_request] (D:\DoAnNodeJs\BE\node_modules\express\lib\router\layer.js:95:5)
    at trim_prefix (D:\DoAnNodeJs\BE\node_modules\express\lib\router\index.js:328:13)
    at D:\DoAnNodeJs\BE\node_modules\express\lib\router\index.js:286:9
    at Function.process_params (D:\DoAnNodeJs\BE\node_modules\express\lib\router\index.js:346:12)
    at next (D:\DoAnNodeJs\BE\node_modules\express\lib\router\index.js:280:10)
    at D:\DoAnNodeJs\BE\services\order\server.js:173:3
    at Layer.handle [as handle_request] (D:\DoAnNodeJs\BE\node_modules\express\lib\router\layer.js:95:5)
    at trim_prefix (D:\DoAnNodeJs\BE\node_modules\express\lib\router\index.js:328:13)
    at D:\DoAnNodeJs\BE\node_modules\express\lib\router\index.js:286:9
2025-04-13 11:01:57:157 error: Không tìm thấy - /00020101021226110007vn.momo38630010A000000727013300069704180119MMP25103000000000130208QRIBFTTA530370454068225005802VN62470515MMTARG1683wD5QR0824Thanh%20toan%20dat%20ban%20tai%2026304B626
Error: Không tìm thấy - /00020101021226110007vn.momo38630010A000000727013300069704180119MMP25103000000000130208QRIBFTTA530370454068225005802VN62470515MMTARG1683wD5QR0824Thanh%20toan%20dat%20ban%20tai%2026304B626
    at notFound (D:\DoAnNodeJs\BE\middlewares\errorHandler.js:11:17)
    at Layer.handle [as handle_request] (D:\DoAnNodeJs\BE\node_modules\express\lib\router\layer.js:95:5)
    at trim_prefix (D:\DoAnNodeJs\BE\node_modules\express\lib\router\index.js:328:13)
    at D:\DoAnNodeJs\BE\node_modules\express\lib\router\index.js:286:9
    at Function.process_params (D:\DoAnNodeJs\BE\node_modules\express\lib\router\index.js:346:12)
    at next (D:\DoAnNodeJs\BE\node_modules\express\lib\router\index.js:280:10)
    at D:\DoAnNodeJs\BE\services\order\server.js:173:3
    at Layer.handle [as handle_request] (D:\DoAnNodeJs\BE\node_modules\express\lib\router\layer.js:95:5)
    at trim_prefix (D:\DoAnNodeJs\BE\node_modules\express\lib\router\index.js:328:13)
    at D:\DoAnNodeJs\BE\node_modules\express\lib\router\index.js:286:9
2025-04-13 11:01:57:157 error: Không tìm thấy - /00020101021226110007vn.momo38620010A00000072701320006970454011899MM25103O000001110208QRIBFTTA530370454068225005802VN62470515MMTHcdY7D6GuyQR0824Thanh%20toan%20dat%20ban%20tai%202630485E9
Error: Không tìm thấy - /00020101021226110007vn.momo38620010A00000072701320006970454011899MM25103O000001110208QRIBFTTA530370454068225005802VN62470515MMTHcdY7D6GuyQR0824Thanh%20toan%20dat%20ban%20tai%202630485E9
    at notFound (D:\DoAnNodeJs\BE\middlewares\errorHandler.js:11:17)
    at Layer.handle [as handle_request] (D:\DoAnNodeJs\BE\node_modules\express\lib\router\layer.js:95:5)
    at trim_prefix (D:\DoAnNodeJs\BE\node_modules\express\lib\router\index.js:328:13)
    at D:\DoAnNodeJs\BE\node_modules\express\lib\router\index.js:286:9
    at Function.process_params (D:\DoAnNodeJs\BE\node_modules\express\lib\router\index.js:346:12)
    at next (D:\DoAnNodeJs\BE\node_modules\express\lib\router\index.js:280:10)
    at D:\DoAnNodeJs\BE\services\order\server.js:173:3
    at Layer.handle [as handle_request] (D:\DoAnNodeJs\BE\node_modules\express\lib\router\layer.js:95:5)
    at trim_prefix (D:\DoAnNodeJs\BE\node_modules\express\lib\router\index.js:328:13)
    at D:\DoAnNodeJs\BE\node_modules\express\lib\router\index.js:286:9
2025-04-13 11:01:57:157 error: Không tìm thấy - /00020101021226110007vn.momo38620010A00000072701320006970454011899MM25103O000001120208QRIBFTTA530370454068225005802VN62470515MMTSsiFbMMApJQR0824Thanh%20toan%20dat%20ban%20tai%20263049B74
Error: Không tìm thấy - /00020101021226110007vn.momo38620010A00000072701320006970454011899MM25103O000001120208QRIBFTTA530370454068225005802VN62470515MMTSsiFbMMApJQR0824Thanh%20toan%20dat%20ban%20tai%20263049B74
    at notFound (D:\DoAnNodeJs\BE\middlewares\errorHandler.js:11:17)
    at Layer.handle [as handle_request] (D:\DoAnNodeJs\BE\node_modules\express\lib\router\layer.js:95:5)
    at trim_prefix (D:\DoAnNodeJs\BE\node_modules\express\lib\router\index.js:328:13)
    at D:\DoAnNodeJs\BE\node_modules\express\lib\router\index.js:286:9
    at Function.process_params (D:\DoAnNodeJs\BE\node_modules\express\lib\router\index.js:346:12)
    at next (D:\DoAnNodeJs\BE\node_modules\express\lib\router\index.js:280:10)
    at D:\DoAnNodeJs\BE\services\order\server.js:173:3
    at Layer.handle [as handle_request] (D:\DoAnNodeJs\BE\node_modules\express\lib\router\layer.js:95:5)
    at trim_prefix (D:\DoAnNodeJs\BE\node_modules\express\lib\router\index.js:328:13)
    at D:\DoAnNodeJs\BE\node_modules\express\lib\router\index.js:286:9
2025-04-13 11:01:57:157 error: Không tìm thấy - /00020101021226110007vn.momo38620010A00000072701320006970454011899MM25103O000001130208QRIBFTTA530370454068225005802VN62470515MMT7ad7YaOzXFQR0824Thanh%20toan%20dat%20ban%20tai%2026304E765
Error: Không tìm thấy - /00020101021226110007vn.momo38620010A00000072701320006970454011899MM25103O000001130208QRIBFTTA530370454068225005802VN62470515MMT7ad7YaOzXFQR0824Thanh%20toan%20dat%20ban%20tai%2026304E765
    at notFound (D:\DoAnNodeJs\BE\middlewares\errorHandler.js:11:17)
    at Layer.handle [as handle_request] (D:\DoAnNodeJs\BE\node_modules\express\lib\router\layer.js:95:5)
    at trim_prefix (D:\DoAnNodeJs\BE\node_modules\express\lib\router\index.js:328:13)
    at D:\DoAnNodeJs\BE\node_modules\express\lib\router\index.js:286:9
    at Function.process_params (D:\DoAnNodeJs\BE\node_modules\express\lib\router\index.js:346:12)
    at next (D:\DoAnNodeJs\BE\node_modules\express\lib\router\index.js:280:10)
    at D:\DoAnNodeJs\BE\services\order\server.js:173:3
    at Layer.handle [as handle_request] (D:\DoAnNodeJs\BE\node_modules\express\lib\router\layer.js:95:5)
    at trim_prefix (D:\DoAnNodeJs\BE\node_modules\express\lib\router\index.js:328:13)
    at D:\DoAnNodeJs\BE\node_modules\express\lib\router\index.js:286:9
2025-04-13 11:04:31:431 error: Không tìm thấy - /00020101021226110007vn.momo38620010A00000072701320006970454011899MM25103O000001140208QRIBFTTA530370454066580005802VN62470515MMTl8906o9b0PQR0824Thanh%20toan%20dat%20ban%20tai%20263045EBC
Error: Không tìm thấy - /00020101021226110007vn.momo38620010A00000072701320006970454011899MM25103O000001140208QRIBFTTA530370454066580005802VN62470515MMTl8906o9b0PQR0824Thanh%20toan%20dat%20ban%20tai%20263045EBC
    at notFound (D:\DoAnNodeJs\BE\middlewares\errorHandler.js:11:17)
    at Layer.handle [as handle_request] (D:\DoAnNodeJs\BE\node_modules\express\lib\router\layer.js:95:5)
    at trim_prefix (D:\DoAnNodeJs\BE\node_modules\express\lib\router\index.js:328:13)
    at D:\DoAnNodeJs\BE\node_modules\express\lib\router\index.js:286:9
    at Function.process_params (D:\DoAnNodeJs\BE\node_modules\express\lib\router\index.js:346:12)
    at next (D:\DoAnNodeJs\BE\node_modules\express\lib\router\index.js:280:10)
    at D:\DoAnNodeJs\BE\services\order\server.js:173:3
    at Layer.handle [as handle_request] (D:\DoAnNodeJs\BE\node_modules\express\lib\router\layer.js:95:5)
    at trim_prefix (D:\DoAnNodeJs\BE\node_modules\express\lib\router\index.js:328:13)
    at D:\DoAnNodeJs\BE\node_modules\express\lib\router\index.js:286:9
2025-04-13 11:04:32:432 error: Không tìm thấy - /00020101021226110007vn.momo38620010A00000072701320006970454011899MM25103O000001150208QRIBFTTA530370454066580005802VN62470515MMTvZOAsB5ZvXQR0824Thanh%20toan%20dat%20ban%20tai%2026304F864
Error: Không tìm thấy - /00020101021226110007vn.momo38620010A00000072701320006970454011899MM25103O000001150208QRIBFTTA530370454066580005802VN62470515MMTvZOAsB5ZvXQR0824Thanh%20toan%20dat%20ban%20tai%2026304F864
    at notFound (D:\DoAnNodeJs\BE\middlewares\errorHandler.js:11:17)
    at Layer.handle [as handle_request] (D:\DoAnNodeJs\BE\node_modules\express\lib\router\layer.js:95:5)
    at trim_prefix (D:\DoAnNodeJs\BE\node_modules\express\lib\router\index.js:328:13)
    at D:\DoAnNodeJs\BE\node_modules\express\lib\router\index.js:286:9
    at Function.process_params (D:\DoAnNodeJs\BE\node_modules\express\lib\router\index.js:346:12)
    at next (D:\DoAnNodeJs\BE\node_modules\express\lib\router\index.js:280:10)
    at D:\DoAnNodeJs\BE\services\order\server.js:173:3
    at Layer.handle [as handle_request] (D:\DoAnNodeJs\BE\node_modules\express\lib\router\layer.js:95:5)
    at trim_prefix (D:\DoAnNodeJs\BE\node_modules\express\lib\router\index.js:328:13)
    at D:\DoAnNodeJs\BE\node_modules\express\lib\router\index.js:286:9
2025-04-13 11:04:32:432 error: Không tìm thấy - /00020101021226110007vn.momo38620010A00000072701320006970454011899MM25103O000001160208QRIBFTTA530370454066580005802VN62470515MMT4p2sJD3q4OQR0824Thanh%20toan%20dat%20ban%20tai%2026304457C
Error: Không tìm thấy - /00020101021226110007vn.momo38620010A00000072701320006970454011899MM25103O000001160208QRIBFTTA530370454066580005802VN62470515MMT4p2sJD3q4OQR0824Thanh%20toan%20dat%20ban%20tai%2026304457C
    at notFound (D:\DoAnNodeJs\BE\middlewares\errorHandler.js:11:17)
    at Layer.handle [as handle_request] (D:\DoAnNodeJs\BE\node_modules\express\lib\router\layer.js:95:5)
    at trim_prefix (D:\DoAnNodeJs\BE\node_modules\express\lib\router\index.js:328:13)
    at D:\DoAnNodeJs\BE\node_modules\express\lib\router\index.js:286:9
    at Function.process_params (D:\DoAnNodeJs\BE\node_modules\express\lib\router\index.js:346:12)
    at next (D:\DoAnNodeJs\BE\node_modules\express\lib\router\index.js:280:10)
    at D:\DoAnNodeJs\BE\services\order\server.js:173:3
    at Layer.handle [as handle_request] (D:\DoAnNodeJs\BE\node_modules\express\lib\router\layer.js:95:5)
    at trim_prefix (D:\DoAnNodeJs\BE\node_modules\express\lib\router\index.js:328:13)
    at D:\DoAnNodeJs\BE\node_modules\express\lib\router\index.js:286:9
2025-04-13 11:04:32:432 error: Không tìm thấy - /00020101021226110007vn.momo38620010A00000072701320006970454011899MM25103O000001170208QRIBFTTA530370454066580005802VN62470515MMTt83nuF0hT6QR0824Thanh%20toan%20dat%20ban%20tai%202630439AA
Error: Không tìm thấy - /00020101021226110007vn.momo38620010A00000072701320006970454011899MM25103O000001170208QRIBFTTA530370454066580005802VN62470515MMTt83nuF0hT6QR0824Thanh%20toan%20dat%20ban%20tai%202630439AA
    at notFound (D:\DoAnNodeJs\BE\middlewares\errorHandler.js:11:17)
    at Layer.handle [as handle_request] (D:\DoAnNodeJs\BE\node_modules\express\lib\router\layer.js:95:5)
    at trim_prefix (D:\DoAnNodeJs\BE\node_modules\express\lib\router\index.js:328:13)
    at D:\DoAnNodeJs\BE\node_modules\express\lib\router\index.js:286:9
    at Function.process_params (D:\DoAnNodeJs\BE\node_modules\express\lib\router\index.js:346:12)
    at next (D:\DoAnNodeJs\BE\node_modules\express\lib\router\index.js:280:10)
    at D:\DoAnNodeJs\BE\services\order\server.js:173:3
    at Layer.handle [as handle_request] (D:\DoAnNodeJs\BE\node_modules\express\lib\router\layer.js:95:5)
    at trim_prefix (D:\DoAnNodeJs\BE\node_modules\express\lib\router\index.js:328:13)
    at D:\DoAnNodeJs\BE\node_modules\express\lib\router\index.js:286:9
2025-04-13 11:04:32:432 error: Không tìm thấy - /00020101021226110007vn.momo38620010A00000072701320006970454011899MM25103O000001180208QRIBFTTA530370454066580005802VN62470515MMTiwp1XJtvH7QR0824Thanh%20toan%20dat%20ban%20tai%202630481CC
Error: Không tìm thấy - /00020101021226110007vn.momo38620010A00000072701320006970454011899MM25103O000001180208QRIBFTTA530370454066580005802VN62470515MMTiwp1XJtvH7QR0824Thanh%20toan%20dat%20ban%20tai%202630481CC
    at notFound (D:\DoAnNodeJs\BE\middlewares\errorHandler.js:11:17)
    at Layer.handle [as handle_request] (D:\DoAnNodeJs\BE\node_modules\express\lib\router\layer.js:95:5)
    at trim_prefix (D:\DoAnNodeJs\BE\node_modules\express\lib\router\index.js:328:13)
    at D:\DoAnNodeJs\BE\node_modules\express\lib\router\index.js:286:9
    at Function.process_params (D:\DoAnNodeJs\BE\node_modules\express\lib\router\index.js:346:12)
    at next (D:\DoAnNodeJs\BE\node_modules\express\lib\router\index.js:280:10)
    at D:\DoAnNodeJs\BE\services\order\server.js:173:3
    at Layer.handle [as handle_request] (D:\DoAnNodeJs\BE\node_modules\express\lib\router\layer.js:95:5)
    at trim_prefix (D:\DoAnNodeJs\BE\node_modules\express\lib\router\index.js:328:13)
    at D:\DoAnNodeJs\BE\node_modules\express\lib\router\index.js:286:9
2025-04-13 11:04:33:433 error: Không tìm thấy - /00020101021226110007vn.momo38620010A00000072701320006970454011899MM25103O000001190208QRIBFTTA530370454066580005802VN62470515MMTKIpvro4yxBQR0824Thanh%20toan%20dat%20ban%20tai%2026304E8DB
Error: Không tìm thấy - /00020101021226110007vn.momo38620010A00000072701320006970454011899MM25103O000001190208QRIBFTTA530370454066580005802VN62470515MMTKIpvro4yxBQR0824Thanh%20toan%20dat%20ban%20tai%2026304E8DB
    at notFound (D:\DoAnNodeJs\BE\middlewares\errorHandler.js:11:17)
    at Layer.handle [as handle_request] (D:\DoAnNodeJs\BE\node_modules\express\lib\router\layer.js:95:5)
    at trim_prefix (D:\DoAnNodeJs\BE\node_modules\express\lib\router\index.js:328:13)
    at D:\DoAnNodeJs\BE\node_modules\express\lib\router\index.js:286:9
    at Function.process_params (D:\DoAnNodeJs\BE\node_modules\express\lib\router\index.js:346:12)
    at next (D:\DoAnNodeJs\BE\node_modules\express\lib\router\index.js:280:10)
    at D:\DoAnNodeJs\BE\services\order\server.js:173:3
    at Layer.handle [as handle_request] (D:\DoAnNodeJs\BE\node_modules\express\lib\router\layer.js:95:5)
    at trim_prefix (D:\DoAnNodeJs\BE\node_modules\express\lib\router\index.js:328:13)
    at D:\DoAnNodeJs\BE\node_modules\express\lib\router\index.js:286:9
2025-04-13 11:04:52:452 error: Không tìm thấy - /00020101021226110007vn.momo38630010A000000727013300069704180119MMP25103000000000140208QRIBFTTA530370454062690005802VN62470515MMTIDYOkw6XduQR0824Thanh%20toan%20dat%20ban%20tai%2026304D02C
Error: Không tìm thấy - /00020101021226110007vn.momo38630010A000000727013300069704180119MMP25103000000000140208QRIBFTTA530370454062690005802VN62470515MMTIDYOkw6XduQR0824Thanh%20toan%20dat%20ban%20tai%2026304D02C
    at notFound (D:\DoAnNodeJs\BE\middlewares\errorHandler.js:11:17)
    at Layer.handle [as handle_request] (D:\DoAnNodeJs\BE\node_modules\express\lib\router\layer.js:95:5)
    at trim_prefix (D:\DoAnNodeJs\BE\node_modules\express\lib\router\index.js:328:13)
    at D:\DoAnNodeJs\BE\node_modules\express\lib\router\index.js:286:9
    at Function.process_params (D:\DoAnNodeJs\BE\node_modules\express\lib\router\index.js:346:12)
    at next (D:\DoAnNodeJs\BE\node_modules\express\lib\router\index.js:280:10)
    at D:\DoAnNodeJs\BE\services\order\server.js:173:3
    at Layer.handle [as handle_request] (D:\DoAnNodeJs\BE\node_modules\express\lib\router\layer.js:95:5)
    at trim_prefix (D:\DoAnNodeJs\BE\node_modules\express\lib\router\index.js:328:13)
    at D:\DoAnNodeJs\BE\node_modules\express\lib\router\index.js:286:9
2025-04-13 11:04:52:452 error: Không tìm thấy - /00020101021226110007vn.momo38620010A00000072701320006970454011899MM25103O000001200208QRIBFTTA530370454062690005802VN62470515MMTRM7SedOMpOQR0824Thanh%20toan%20dat%20ban%20tai%20263044A3F
Error: Không tìm thấy - /00020101021226110007vn.momo38620010A00000072701320006970454011899MM25103O000001200208QRIBFTTA530370454062690005802VN62470515MMTRM7SedOMpOQR0824Thanh%20toan%20dat%20ban%20tai%20263044A3F
    at notFound (D:\DoAnNodeJs\BE\middlewares\errorHandler.js:11:17)
    at Layer.handle [as handle_request] (D:\DoAnNodeJs\BE\node_modules\express\lib\router\layer.js:95:5)
    at trim_prefix (D:\DoAnNodeJs\BE\node_modules\express\lib\router\index.js:328:13)
    at D:\DoAnNodeJs\BE\node_modules\express\lib\router\index.js:286:9
    at Function.process_params (D:\DoAnNodeJs\BE\node_modules\express\lib\router\index.js:346:12)
    at next (D:\DoAnNodeJs\BE\node_modules\express\lib\router\index.js:280:10)
    at D:\DoAnNodeJs\BE\services\order\server.js:173:3
    at Layer.handle [as handle_request] (D:\DoAnNodeJs\BE\node_modules\express\lib\router\layer.js:95:5)
    at trim_prefix (D:\DoAnNodeJs\BE\node_modules\express\lib\router\index.js:328:13)
    at D:\DoAnNodeJs\BE\node_modules\express\lib\router\index.js:286:9
2025-04-13 11:04:52:452 error: Không tìm thấy - /00020101021226110007vn.momo38620010A00000072701320006970454011899MM25103O000001210208QRIBFTTA530370454062690005802VN62470515MMTPG6TnzKk1JQR0824Thanh%20toan%20dat%20ban%20tai%2026304EFEC
Error: Không tìm thấy - /00020101021226110007vn.momo38620010A00000072701320006970454011899MM25103O000001210208QRIBFTTA530370454062690005802VN62470515MMTPG6TnzKk1JQR0824Thanh%20toan%20dat%20ban%20tai%2026304EFEC
    at notFound (D:\DoAnNodeJs\BE\middlewares\errorHandler.js:11:17)
    at Layer.handle [as handle_request] (D:\DoAnNodeJs\BE\node_modules\express\lib\router\layer.js:95:5)
    at trim_prefix (D:\DoAnNodeJs\BE\node_modules\express\lib\router\index.js:328:13)
    at D:\DoAnNodeJs\BE\node_modules\express\lib\router\index.js:286:9
    at Function.process_params (D:\DoAnNodeJs\BE\node_modules\express\lib\router\index.js:346:12)
    at next (D:\DoAnNodeJs\BE\node_modules\express\lib\router\index.js:280:10)
    at D:\DoAnNodeJs\BE\services\order\server.js:173:3
    at Layer.handle [as handle_request] (D:\DoAnNodeJs\BE\node_modules\express\lib\router\layer.js:95:5)
    at trim_prefix (D:\DoAnNodeJs\BE\node_modules\express\lib\router\index.js:328:13)
    at D:\DoAnNodeJs\BE\node_modules\express\lib\router\index.js:286:9
2025-04-13 11:04:52:452 error: Không tìm thấy - /00020101021226110007vn.momo38620010A00000072701320006970454011899MM25103O000001220208QRIBFTTA530370454062690005802VN62470515MMT5QaLQR5RiCQR0824Thanh%20toan%20dat%20ban%20tai%2026304C15C
Error: Không tìm thấy - /00020101021226110007vn.momo38620010A00000072701320006970454011899MM25103O000001220208QRIBFTTA530370454062690005802VN62470515MMT5QaLQR5RiCQR0824Thanh%20toan%20dat%20ban%20tai%2026304C15C
    at notFound (D:\DoAnNodeJs\BE\middlewares\errorHandler.js:11:17)
    at Layer.handle [as handle_request] (D:\DoAnNodeJs\BE\node_modules\express\lib\router\layer.js:95:5)
    at trim_prefix (D:\DoAnNodeJs\BE\node_modules\express\lib\router\index.js:328:13)
    at D:\DoAnNodeJs\BE\node_modules\express\lib\router\index.js:286:9
    at Function.process_params (D:\DoAnNodeJs\BE\node_modules\express\lib\router\index.js:346:12)
    at next (D:\DoAnNodeJs\BE\node_modules\express\lib\router\index.js:280:10)
    at D:\DoAnNodeJs\BE\services\order\server.js:173:3
    at Layer.handle [as handle_request] (D:\DoAnNodeJs\BE\node_modules\express\lib\router\layer.js:95:5)
    at trim_prefix (D:\DoAnNodeJs\BE\node_modules\express\lib\router\index.js:328:13)
    at D:\DoAnNodeJs\BE\node_modules\express\lib\router\index.js:286:9
2025-04-13 11:04:52:452 error: Không tìm thấy - /00020101021226110007vn.momo38620010A00000072701320006970454011899MM25103O000001230208QRIBFTTA530370454062690005802VN62470515MMTxj1hqt08AnQR0824Thanh%20toan%20dat%20ban%20tai%20263040507
Error: Không tìm thấy - /00020101021226110007vn.momo38620010A00000072701320006970454011899MM25103O000001230208QRIBFTTA530370454062690005802VN62470515MMTxj1hqt08AnQR0824Thanh%20toan%20dat%20ban%20tai%20263040507
    at notFound (D:\DoAnNodeJs\BE\middlewares\errorHandler.js:11:17)
    at Layer.handle [as handle_request] (D:\DoAnNodeJs\BE\node_modules\express\lib\router\layer.js:95:5)
    at trim_prefix (D:\DoAnNodeJs\BE\node_modules\express\lib\router\index.js:328:13)
    at D:\DoAnNodeJs\BE\node_modules\express\lib\router\index.js:286:9
    at Function.process_params (D:\DoAnNodeJs\BE\node_modules\express\lib\router\index.js:346:12)
    at next (D:\DoAnNodeJs\BE\node_modules\express\lib\router\index.js:280:10)
    at D:\DoAnNodeJs\BE\services\order\server.js:173:3
    at Layer.handle [as handle_request] (D:\DoAnNodeJs\BE\node_modules\express\lib\router\layer.js:95:5)
    at trim_prefix (D:\DoAnNodeJs\BE\node_modules\express\lib\router\index.js:328:13)
    at D:\DoAnNodeJs\BE\node_modules\express\lib\router\index.js:286:9
2025-04-13 11:04:53:453 error: Không tìm thấy - /00020101021226110007vn.momo38620010A00000072701320006970454011899MM25103O000001240208QRIBFTTA530370454062690005802VN62470515MMTf8zBHZlfkqQR0824Thanh%20toan%20dat%20ban%20tai%2026304E61E
Error: Không tìm thấy - /00020101021226110007vn.momo38620010A00000072701320006970454011899MM25103O000001240208QRIBFTTA530370454062690005802VN62470515MMTf8zBHZlfkqQR0824Thanh%20toan%20dat%20ban%20tai%2026304E61E
    at notFound (D:\DoAnNodeJs\BE\middlewares\errorHandler.js:11:17)
    at Layer.handle [as handle_request] (D:\DoAnNodeJs\BE\node_modules\express\lib\router\layer.js:95:5)
    at trim_prefix (D:\DoAnNodeJs\BE\node_modules\express\lib\router\index.js:328:13)
    at D:\DoAnNodeJs\BE\node_modules\express\lib\router\index.js:286:9
    at Function.process_params (D:\DoAnNodeJs\BE\node_modules\express\lib\router\index.js:346:12)
    at next (D:\DoAnNodeJs\BE\node_modules\express\lib\router\index.js:280:10)
    at D:\DoAnNodeJs\BE\services\order\server.js:173:3
    at Layer.handle [as handle_request] (D:\DoAnNodeJs\BE\node_modules\express\lib\router\layer.js:95:5)
    at trim_prefix (D:\DoAnNodeJs\BE\node_modules\express\lib\router\index.js:328:13)
    at D:\DoAnNodeJs\BE\node_modules\express\lib\router\index.js:286:9
2025-04-13 11:04:53:453 error: Không tìm thấy - /00020101021226110007vn.momo38620010A00000072701320006970454011899MM25103O000001250208QRIBFTTA530370454062690005802VN62470515MMTTJutS0MALGQR0824Thanh%20toan%20dat%20ban%20tai%202630441AE
Error: Không tìm thấy - /00020101021226110007vn.momo38620010A00000072701320006970454011899MM25103O000001250208QRIBFTTA530370454062690005802VN62470515MMTTJutS0MALGQR0824Thanh%20toan%20dat%20ban%20tai%202630441AE
    at notFound (D:\DoAnNodeJs\BE\middlewares\errorHandler.js:11:17)
    at Layer.handle [as handle_request] (D:\DoAnNodeJs\BE\node_modules\express\lib\router\layer.js:95:5)
    at trim_prefix (D:\DoAnNodeJs\BE\node_modules\express\lib\router\index.js:328:13)
    at D:\DoAnNodeJs\BE\node_modules\express\lib\router\index.js:286:9
    at Function.process_params (D:\DoAnNodeJs\BE\node_modules\express\lib\router\index.js:346:12)
    at next (D:\DoAnNodeJs\BE\node_modules\express\lib\router\index.js:280:10)
    at D:\DoAnNodeJs\BE\services\order\server.js:173:3
    at Layer.handle [as handle_request] (D:\DoAnNodeJs\BE\node_modules\express\lib\router\layer.js:95:5)
    at trim_prefix (D:\DoAnNodeJs\BE\node_modules\express\lib\router\index.js:328:13)
    at D:\DoAnNodeJs\BE\node_modules\express\lib\router\index.js:286:9
2025-04-13 11:04:53:453 error: Không tìm thấy - /00020101021226110007vn.momo38620010A00000072701320006970454011899MM25103O000001260208QRIBFTTA530370454062690005802VN62470515MMTg08uF7kFsMQR0824Thanh%20toan%20dat%20ban%20tai%2026304095E
Error: Không tìm thấy - /00020101021226110007vn.momo38620010A00000072701320006970454011899MM25103O000001260208QRIBFTTA530370454062690005802VN62470515MMTg08uF7kFsMQR0824Thanh%20toan%20dat%20ban%20tai%2026304095E
    at notFound (D:\DoAnNodeJs\BE\middlewares\errorHandler.js:11:17)
    at Layer.handle [as handle_request] (D:\DoAnNodeJs\BE\node_modules\express\lib\router\layer.js:95:5)
    at trim_prefix (D:\DoAnNodeJs\BE\node_modules\express\lib\router\index.js:328:13)
    at D:\DoAnNodeJs\BE\node_modules\express\lib\router\index.js:286:9
    at Function.process_params (D:\DoAnNodeJs\BE\node_modules\express\lib\router\index.js:346:12)
    at next (D:\DoAnNodeJs\BE\node_modules\express\lib\router\index.js:280:10)
    at D:\DoAnNodeJs\BE\services\order\server.js:173:3
    at Layer.handle [as handle_request] (D:\DoAnNodeJs\BE\node_modules\express\lib\router\layer.js:95:5)
    at trim_prefix (D:\DoAnNodeJs\BE\node_modules\express\lib\router\index.js:328:13)
    at D:\DoAnNodeJs\BE\node_modules\express\lib\router\index.js:286:9
2025-04-13 11:04:53:453 error: Không tìm thấy - /00020101021226110007vn.momo38620010A00000072701320006970454011899MM25103O000001270208QRIBFTTA530370454062690005802VN62470515MMTVwfzaMAJUOQR0824Thanh%20toan%20dat%20ban%20tai%2026304EDD2
Error: Không tìm thấy - /00020101021226110007vn.momo38620010A00000072701320006970454011899MM25103O000001270208QRIBFTTA530370454062690005802VN62470515MMTVwfzaMAJUOQR0824Thanh%20toan%20dat%20ban%20tai%2026304EDD2
    at notFound (D:\DoAnNodeJs\BE\middlewares\errorHandler.js:11:17)
    at Layer.handle [as handle_request] (D:\DoAnNodeJs\BE\node_modules\express\lib\router\layer.js:95:5)
    at trim_prefix (D:\DoAnNodeJs\BE\node_modules\express\lib\router\index.js:328:13)
    at D:\DoAnNodeJs\BE\node_modules\express\lib\router\index.js:286:9
    at Function.process_params (D:\DoAnNodeJs\BE\node_modules\express\lib\router\index.js:346:12)
    at next (D:\DoAnNodeJs\BE\node_modules\express\lib\router\index.js:280:10)
    at D:\DoAnNodeJs\BE\services\order\server.js:173:3
    at Layer.handle [as handle_request] (D:\DoAnNodeJs\BE\node_modules\express\lib\router\layer.js:95:5)
    at trim_prefix (D:\DoAnNodeJs\BE\node_modules\express\lib\router\index.js:328:13)
    at D:\DoAnNodeJs\BE\node_modules\express\lib\router\index.js:286:9
2025-04-13 11:09:47:947 error: Không tìm thấy - /00020101021226110007vn.momo38620010A00000072701320006970454011899MM25103O000001280208QRIBFTTA530370454068070005802VN62470515MMTaoUYjx5nSsQR0824Thanh%20toan%20dat%20ban%20tai%2026304C276
Error: Không tìm thấy - /00020101021226110007vn.momo38620010A00000072701320006970454011899MM25103O000001280208QRIBFTTA530370454068070005802VN62470515MMTaoUYjx5nSsQR0824Thanh%20toan%20dat%20ban%20tai%2026304C276
    at notFound (D:\DoAnNodeJs\BE\middlewares\errorHandler.js:11:17)
    at Layer.handle [as handle_request] (D:\DoAnNodeJs\BE\node_modules\express\lib\router\layer.js:95:5)
    at trim_prefix (D:\DoAnNodeJs\BE\node_modules\express\lib\router\index.js:328:13)
    at D:\DoAnNodeJs\BE\node_modules\express\lib\router\index.js:286:9
    at Function.process_params (D:\DoAnNodeJs\BE\node_modules\express\lib\router\index.js:346:12)
    at next (D:\DoAnNodeJs\BE\node_modules\express\lib\router\index.js:280:10)
    at D:\DoAnNodeJs\BE\services\order\server.js:173:3
    at Layer.handle [as handle_request] (D:\DoAnNodeJs\BE\node_modules\express\lib\router\layer.js:95:5)
    at trim_prefix (D:\DoAnNodeJs\BE\node_modules\express\lib\router\index.js:328:13)
    at D:\DoAnNodeJs\BE\node_modules\express\lib\router\index.js:286:9
2025-04-13 11:14:45:1445 error: Không tìm thấy - /00020101021226110007vn.momo38620010A00000072701320006970454011899MM25103O000001290208QRIBFTTA530370454065380005802VN62470515MMTiKX4Zm0mg3QR0824Thanh%20toan%20dat%20ban%20tai%2026304398E
Error: Không tìm thấy - /00020101021226110007vn.momo38620010A00000072701320006970454011899MM25103O000001290208QRIBFTTA530370454065380005802VN62470515MMTiKX4Zm0mg3QR0824Thanh%20toan%20dat%20ban%20tai%2026304398E
    at notFound (D:\DoAnNodeJs\BE\middlewares\errorHandler.js:11:17)
    at Layer.handle [as handle_request] (D:\DoAnNodeJs\BE\node_modules\express\lib\router\layer.js:95:5)
    at trim_prefix (D:\DoAnNodeJs\BE\node_modules\express\lib\router\index.js:328:13)
    at D:\DoAnNodeJs\BE\node_modules\express\lib\router\index.js:286:9
    at Function.process_params (D:\DoAnNodeJs\BE\node_modules\express\lib\router\index.js:346:12)
    at next (D:\DoAnNodeJs\BE\node_modules\express\lib\router\index.js:280:10)
    at D:\DoAnNodeJs\BE\services\order\server.js:173:3
    at Layer.handle [as handle_request] (D:\DoAnNodeJs\BE\node_modules\express\lib\router\layer.js:95:5)
    at trim_prefix (D:\DoAnNodeJs\BE\node_modules\express\lib\router\index.js:328:13)
    at D:\DoAnNodeJs\BE\node_modules\express\lib\router\index.js:286:9
2025-04-13 11:20:07:207 error: Không tìm thấy - /00020101021226110007vn.momo38620010A00000072701320006970454011899MM25103O000001300208QRIBFTTA530370454068380005802VN62470515MMTZNq0q0bhwNQR0824Thanh%20toan%20dat%20ban%20tai%2026304DDCB
Error: Không tìm thấy - /00020101021226110007vn.momo38620010A00000072701320006970454011899MM25103O000001300208QRIBFTTA530370454068380005802VN62470515MMTZNq0q0bhwNQR0824Thanh%20toan%20dat%20ban%20tai%2026304DDCB
    at notFound (D:\DoAnNodeJs\BE\middlewares\errorHandler.js:11:17)
    at Layer.handle [as handle_request] (D:\DoAnNodeJs\BE\node_modules\express\lib\router\layer.js:95:5)
    at trim_prefix (D:\DoAnNodeJs\BE\node_modules\express\lib\router\index.js:328:13)
    at D:\DoAnNodeJs\BE\node_modules\express\lib\router\index.js:286:9
    at Function.process_params (D:\DoAnNodeJs\BE\node_modules\express\lib\router\index.js:346:12)
    at next (D:\DoAnNodeJs\BE\node_modules\express\lib\router\index.js:280:10)
    at D:\DoAnNodeJs\BE\services\order\server.js:173:3
    at Layer.handle [as handle_request] (D:\DoAnNodeJs\BE\node_modules\express\lib\router\layer.js:95:5)
    at trim_prefix (D:\DoAnNodeJs\BE\node_modules\express\lib\router\index.js:328:13)
    at D:\DoAnNodeJs\BE\node_modules\express\lib\router\index.js:286:9
2025-04-13 11:24:41:2441 error: Không tìm thấy - /00020101021226110007vn.momo38620010A00000072701320006970454011899MM25103O000001310208QRIBFTTA5303704540722455005802VN62470515MMTl1Lq21P96PQR0824Thanh%20toan%20dat%20ban%20tai%2016304D165
Error: Không tìm thấy - /00020101021226110007vn.momo38620010A00000072701320006970454011899MM25103O000001310208QRIBFTTA5303704540722455005802VN62470515MMTl1Lq21P96PQR0824Thanh%20toan%20dat%20ban%20tai%2016304D165
    at notFound (D:\DoAnNodeJs\BE\middlewares\errorHandler.js:11:17)
    at Layer.handle [as handle_request] (D:\DoAnNodeJs\BE\node_modules\express\lib\router\layer.js:95:5)
    at trim_prefix (D:\DoAnNodeJs\BE\node_modules\express\lib\router\index.js:328:13)
    at D:\DoAnNodeJs\BE\node_modules\express\lib\router\index.js:286:9
    at Function.process_params (D:\DoAnNodeJs\BE\node_modules\express\lib\router\index.js:346:12)
    at next (D:\DoAnNodeJs\BE\node_modules\express\lib\router\index.js:280:10)
    at D:\DoAnNodeJs\BE\services\order\server.js:173:3
    at Layer.handle [as handle_request] (D:\DoAnNodeJs\BE\node_modules\express\lib\router\layer.js:95:5)
    at trim_prefix (D:\DoAnNodeJs\BE\node_modules\express\lib\router\index.js:328:13)
    at D:\DoAnNodeJs\BE\node_modules\express\lib\router\index.js:286:9
2025-04-13 11:27:34:2734 error: Không tìm thấy - /00020101021226110007vn.momo38620010A00000072701320006970454011899MM25103O000001320208QRIBFTTA530370454068225005802VN62470515MMTpmyrYcCrWzQR0824Thanh%20toan%20dat%20ban%20tai%201630451B1
Error: Không tìm thấy - /00020101021226110007vn.momo38620010A00000072701320006970454011899MM25103O000001320208QRIBFTTA530370454068225005802VN62470515MMTpmyrYcCrWzQR0824Thanh%20toan%20dat%20ban%20tai%201630451B1
    at notFound (D:\DoAnNodeJs\BE\middlewares\errorHandler.js:11:17)
    at Layer.handle [as handle_request] (D:\DoAnNodeJs\BE\node_modules\express\lib\router\layer.js:95:5)
    at trim_prefix (D:\DoAnNodeJs\BE\node_modules\express\lib\router\index.js:328:13)
    at D:\DoAnNodeJs\BE\node_modules\express\lib\router\index.js:286:9
    at Function.process_params (D:\DoAnNodeJs\BE\node_modules\express\lib\router\index.js:346:12)
    at next (D:\DoAnNodeJs\BE\node_modules\express\lib\router\index.js:280:10)
    at D:\DoAnNodeJs\BE\services\order\server.js:173:3
    at Layer.handle [as handle_request] (D:\DoAnNodeJs\BE\node_modules\express\lib\router\layer.js:95:5)
    at trim_prefix (D:\DoAnNodeJs\BE\node_modules\express\lib\router\index.js:328:13)
    at D:\DoAnNodeJs\BE\node_modules\express\lib\router\index.js:286:9
2025-04-13 21:36:54:3654 error: Không tìm thấy - /00020101021226110007vn.momo38620010A00000072701320006970454011899MM25103O000002400208QRIBFTTA530370454065380005802VN62470515MMTDoYpT3gGSBQR0824Thanh%20toan%20dat%20ban%20tai%20263047284
Error: Không tìm thấy - /00020101021226110007vn.momo38620010A00000072701320006970454011899MM25103O000002400208QRIBFTTA530370454065380005802VN62470515MMTDoYpT3gGSBQR0824Thanh%20toan%20dat%20ban%20tai%20263047284
    at notFound (D:\DoAnNodeJs\BE\middlewares\errorHandler.js:11:17)
    at Layer.handle [as handle_request] (D:\DoAnNodeJs\BE\node_modules\express\lib\router\layer.js:95:5)
    at trim_prefix (D:\DoAnNodeJs\BE\node_modules\express\lib\router\index.js:328:13)
    at D:\DoAnNodeJs\BE\node_modules\express\lib\router\index.js:286:9
    at Function.process_params (D:\DoAnNodeJs\BE\node_modules\express\lib\router\index.js:346:12)
    at next (D:\DoAnNodeJs\BE\node_modules\express\lib\router\index.js:280:10)
    at D:\DoAnNodeJs\BE\services\order\server.js:173:3
    at Layer.handle [as handle_request] (D:\DoAnNodeJs\BE\node_modules\express\lib\router\layer.js:95:5)
    at trim_prefix (D:\DoAnNodeJs\BE\node_modules\express\lib\router\index.js:328:13)
    at D:\DoAnNodeJs\BE\node_modules\express\lib\router\index.js:286:9
2025-04-13 21:36:55:3655 error: Không tìm thấy - /00020101021226110007vn.momo38620010A00000072701320006970454011899MM25103O000002410208QRIBFTTA530370454065380005802VN62470515MMTot9tUE8ZQqQR0824Thanh%20toan%20dat%20ban%20tai%20263047B6E
Error: Không tìm thấy - /00020101021226110007vn.momo38620010A00000072701320006970454011899MM25103O000002410208QRIBFTTA530370454065380005802VN62470515MMTot9tUE8ZQqQR0824Thanh%20toan%20dat%20ban%20tai%20263047B6E
    at notFound (D:\DoAnNodeJs\BE\middlewares\errorHandler.js:11:17)
    at Layer.handle [as handle_request] (D:\DoAnNodeJs\BE\node_modules\express\lib\router\layer.js:95:5)
    at trim_prefix (D:\DoAnNodeJs\BE\node_modules\express\lib\router\index.js:328:13)
    at D:\DoAnNodeJs\BE\node_modules\express\lib\router\index.js:286:9
    at Function.process_params (D:\DoAnNodeJs\BE\node_modules\express\lib\router\index.js:346:12)
    at next (D:\DoAnNodeJs\BE\node_modules\express\lib\router\index.js:280:10)
    at D:\DoAnNodeJs\BE\services\order\server.js:173:3
    at Layer.handle [as handle_request] (D:\DoAnNodeJs\BE\node_modules\express\lib\router\layer.js:95:5)
    at trim_prefix (D:\DoAnNodeJs\BE\node_modules\express\lib\router\index.js:328:13)
    at D:\DoAnNodeJs\BE\node_modules\express\lib\router\index.js:286:9
2025-04-13 21:40:23:4023 error: Proxy error (Auth): 
2025-04-13 21:40:23:4023 error: Proxy error (Auth): 
2025-04-13 21:41:12:4112 error: Không tìm thấy - /payment
Error: Không tìm thấy - /payment
    at notFound (D:\DoAnNodeJs\BE\middlewares\errorHandler.js:21:17)
    at Layer.handle [as handle_request] (D:\DoAnNodeJs\BE\node_modules\express\lib\router\layer.js:95:5)
    at trim_prefix (D:\DoAnNodeJs\BE\node_modules\express\lib\router\index.js:328:13)
    at D:\DoAnNodeJs\BE\node_modules\express\lib\router\index.js:286:9
    at Function.process_params (D:\DoAnNodeJs\BE\node_modules\express\lib\router\index.js:346:12)
    at next (D:\DoAnNodeJs\BE\node_modules\express\lib\router\index.js:280:10)
    at D:\DoAnNodeJs\BE\services\order\server.js:173:3
    at Layer.handle [as handle_request] (D:\DoAnNodeJs\BE\node_modules\express\lib\router\layer.js:95:5)
    at trim_prefix (D:\DoAnNodeJs\BE\node_modules\express\lib\router\index.js:328:13)
    at D:\DoAnNodeJs\BE\node_modules\express\lib\router\index.js:286:9
2025-04-13 21:41:18:4118 error: Không tìm thấy - /payment
Error: Không tìm thấy - /payment
    at notFound (D:\DoAnNodeJs\BE\middlewares\errorHandler.js:21:17)
    at Layer.handle [as handle_request] (D:\DoAnNodeJs\BE\node_modules\express\lib\router\layer.js:95:5)
    at trim_prefix (D:\DoAnNodeJs\BE\node_modules\express\lib\router\index.js:328:13)
    at D:\DoAnNodeJs\BE\node_modules\express\lib\router\index.js:286:9
    at Function.process_params (D:\DoAnNodeJs\BE\node_modules\express\lib\router\index.js:346:12)
    at next (D:\DoAnNodeJs\BE\node_modules\express\lib\router\index.js:280:10)
    at D:\DoAnNodeJs\BE\services\order\server.js:173:3
    at Layer.handle [as handle_request] (D:\DoAnNodeJs\BE\node_modules\express\lib\router\layer.js:95:5)
    at trim_prefix (D:\DoAnNodeJs\BE\node_modules\express\lib\router\index.js:328:13)
    at D:\DoAnNodeJs\BE\node_modules\express\lib\router\index.js:286:9
2025-04-13 21:45:53:4553 error: Không tìm thấy - /payment
Error: Không tìm thấy - /payment
    at notFound (D:\DoAnNodeJs\BE\middlewares\errorHandler.js:21:17)
    at Layer.handle [as handle_request] (D:\DoAnNodeJs\BE\node_modules\express\lib\router\layer.js:95:5)
    at trim_prefix (D:\DoAnNodeJs\BE\node_modules\express\lib\router\index.js:328:13)
    at D:\DoAnNodeJs\BE\node_modules\express\lib\router\index.js:286:9
    at Function.process_params (D:\DoAnNodeJs\BE\node_modules\express\lib\router\index.js:346:12)
    at next (D:\DoAnNodeJs\BE\node_modules\express\lib\router\index.js:280:10)
    at next (D:\DoAnNodeJs\BE\node_modules\express\lib\router\route.js:141:14)
    at D:\DoAnNodeJs\BE\services\order\server.js:203:3
    at Layer.handle [as handle_request] (D:\DoAnNodeJs\BE\node_modules\express\lib\router\layer.js:95:5)
    at next (D:\DoAnNodeJs\BE\node_modules\express\lib\router\route.js:149:13)
2025-04-13 21:49:07:497 error: Không tìm thấy - /payment
Error: Không tìm thấy - /payment
    at notFound (D:\DoAnNodeJs\BE\middlewares\errorHandler.js:21:17)
    at Layer.handle [as handle_request] (D:\DoAnNodeJs\BE\node_modules\express\lib\router\layer.js:95:5)
    at trim_prefix (D:\DoAnNodeJs\BE\node_modules\express\lib\router\index.js:328:13)
    at D:\DoAnNodeJs\BE\node_modules\express\lib\router\index.js:286:9
    at Function.process_params (D:\DoAnNodeJs\BE\node_modules\express\lib\router\index.js:346:12)
    at next (D:\DoAnNodeJs\BE\node_modules\express\lib\router\index.js:280:10)
    at next (D:\DoAnNodeJs\BE\node_modules\express\lib\router\route.js:141:14)
    at D:\DoAnNodeJs\BE\services\order\server.js:203:3
    at Layer.handle [as handle_request] (D:\DoAnNodeJs\BE\node_modules\express\lib\router\layer.js:95:5)
    at next (D:\DoAnNodeJs\BE\node_modules\express\lib\router\route.js:149:13)
2025-04-13 21:52:20:5220 error: Không tìm thấy - /payment
Error: Không tìm thấy - /payment
    at notFound (D:\DoAnNodeJs\BE\middlewares\errorHandler.js:21:17)
    at Layer.handle [as handle_request] (D:\DoAnNodeJs\BE\node_modules\express\lib\router\layer.js:95:5)
    at trim_prefix (D:\DoAnNodeJs\BE\node_modules\express\lib\router\index.js:328:13)
    at D:\DoAnNodeJs\BE\node_modules\express\lib\router\index.js:286:9
    at Function.process_params (D:\DoAnNodeJs\BE\node_modules\express\lib\router\index.js:346:12)
    at next (D:\DoAnNodeJs\BE\node_modules\express\lib\router\index.js:280:10)
    at next (D:\DoAnNodeJs\BE\node_modules\express\lib\router\route.js:141:14)
    at D:\DoAnNodeJs\BE\services\order\server.js:203:3
    at Layer.handle [as handle_request] (D:\DoAnNodeJs\BE\node_modules\express\lib\router\layer.js:95:5)
    at next (D:\DoAnNodeJs\BE\node_modules\express\lib\router\route.js:149:13)
2026-04-01 18:58:24:5824 error: Không tìm thấy - /payment
Error: Không tìm thấy - /payment
    at notFound (F:\Project_NodeJs\restaurant-reservations-project\BE\middlewares\errorHandler.js:21:17)
    at Layer.handle [as handle_request] (F:\Project_NodeJs\restaurant-reservations-project\BE\node_modules\express\lib\router\layer.js:95:5)
    at trim_prefix (F:\Project_NodeJs\restaurant-reservations-project\BE\node_modules\express\lib\router\index.js:328:13)
    at F:\Project_NodeJs\restaurant-reservations-project\BE\node_modules\express\lib\router\index.js:286:9
    at router.process_params (F:\Project_NodeJs\restaurant-reservations-project\BE\node_modules\express\lib\router\index.js:346:12)
    at next (F:\Project_NodeJs\restaurant-reservations-project\BE\node_modules\express\lib\router\index.js:280:10)
    at next (F:\Project_NodeJs\restaurant-reservations-project\BE\node_modules\express\lib\router\route.js:141:14)
    at F:\Project_NodeJs\restaurant-reservations-project\BE\services\order\server.js:203:3
    at Layer.handle [as handle_request] (F:\Project_NodeJs\restaurant-reservations-project\BE\node_modules\express\lib\router\layer.js:95:5)
    at next (F:\Project_NodeJs\restaurant-reservations-project\BE\node_modules\express\lib\router\route.js:149:13)
2026-07-19 03:22:38:2238 error: Không tìm thấy - /nha-hang/count
Error: Không tìm thấy - /nha-hang/count
    at notFound (F:\WebsiteBatDongSan\real_estate_website\BE\middlewares\errorHandler.js:21:17)
    at Layer.handle [as handle_request] (F:\WebsiteBatDongSan\real_estate_website\BE\node_modules\express\lib\router\layer.js:95:5)
    at trim_prefix (F:\WebsiteBatDongSan\real_estate_website\BE\node_modules\express\lib\router\index.js:328:13)
    at F:\WebsiteBatDongSan\real_estate_website\BE\node_modules\express\lib\router\index.js:286:9
    at router.process_params (F:\WebsiteBatDongSan\real_estate_website\BE\node_modules\express\lib\router\index.js:346:12)
    at next (F:\WebsiteBatDongSan\real_estate_website\BE\node_modules\express\lib\router\index.js:280:10)
    at logger (F:\WebsiteBatDongSan\real_estate_website\BE\node_modules\morgan\index.js:144:5)
    at Layer.handle [as handle_request] (F:\WebsiteBatDongSan\real_estate_website\BE\node_modules\express\lib\router\layer.js:95:5)
    at trim_prefix (F:\WebsiteBatDongSan\real_estate_website\BE\node_modules\express\lib\router\index.js:328:13)
    at F:\WebsiteBatDongSan\real_estate_website\BE\node_modules\express\lib\router\index.js:286:9
2026-07-19 03:22:38:2238 error: Không tìm thấy - /nha-hang/count
Error: Không tìm thấy - /nha-hang/count
    at notFound (F:\WebsiteBatDongSan\real_estate_website\BE\middlewares\errorHandler.js:21:17)
    at Layer.handle [as handle_request] (F:\WebsiteBatDongSan\real_estate_website\BE\node_modules\express\lib\router\layer.js:95:5)
    at trim_prefix (F:\WebsiteBatDongSan\real_estate_website\BE\node_modules\express\lib\router\index.js:328:13)
    at F:\WebsiteBatDongSan\real_estate_website\BE\node_modules\express\lib\router\index.js:286:9
    at router.process_params (F:\WebsiteBatDongSan\real_estate_website\BE\node_modules\express\lib\router\index.js:346:12)
    at next (F:\WebsiteBatDongSan\real_estate_website\BE\node_modules\express\lib\router\index.js:280:10)
    at logger (F:\WebsiteBatDongSan\real_estate_website\BE\node_modules\morgan\index.js:144:5)
    at Layer.handle [as handle_request] (F:\WebsiteBatDongSan\real_estate_website\BE\node_modules\express\lib\router\layer.js:95:5)
    at trim_prefix (F:\WebsiteBatDongSan\real_estate_website\BE\node_modules\express\lib\router\index.js:328:13)
    at F:\WebsiteBatDongSan\real_estate_website\BE\node_modules\express\lib\router\index.js:286:9
2026-07-19 03:22:53:2253 error: Không tìm thấy - /order/dat-ban
Error: Không tìm thấy - /order/dat-ban
    at notFound (F:\WebsiteBatDongSan\real_estate_website\BE\middlewares\errorHandler.js:21:17)
    at Layer.handle [as handle_request] (F:\WebsiteBatDongSan\real_estate_website\BE\node_modules\express\lib\router\layer.js:95:5)
    at trim_prefix (F:\WebsiteBatDongSan\real_estate_website\BE\node_modules\express\lib\router\index.js:328:13)
    at F:\WebsiteBatDongSan\real_estate_website\BE\node_modules\express\lib\router\index.js:286:9
    at router.process_params (F:\WebsiteBatDongSan\real_estate_website\BE\node_modules\express\lib\router\index.js:346:12)
    at next (F:\WebsiteBatDongSan\real_estate_website\BE\node_modules\express\lib\router\index.js:280:10)
    at next (F:\WebsiteBatDongSan\real_estate_website\BE\node_modules\express\lib\router\route.js:141:14)
    at F:\WebsiteBatDongSan\real_estate_website\BE\services\order\server.js:203:3
    at Layer.handle [as handle_request] (F:\WebsiteBatDongSan\real_estate_website\BE\node_modules\express\lib\router\layer.js:95:5)
    at next (F:\WebsiteBatDongSan\real_estate_website\BE\node_modules\express\lib\router\route.js:149:13)
2026-07-19 03:22:53:2253 error: Không tìm thấy - /order/dat-ban
Error: Không tìm thấy - /order/dat-ban
    at notFound (F:\WebsiteBatDongSan\real_estate_website\BE\middlewares\errorHandler.js:21:17)
    at Layer.handle [as handle_request] (F:\WebsiteBatDongSan\real_estate_website\BE\node_modules\express\lib\router\layer.js:95:5)
    at trim_prefix (F:\WebsiteBatDongSan\real_estate_website\BE\node_modules\express\lib\router\index.js:328:13)
    at F:\WebsiteBatDongSan\real_estate_website\BE\node_modules\express\lib\router\index.js:286:9
    at router.process_params (F:\WebsiteBatDongSan\real_estate_website\BE\node_modules\express\lib\router\index.js:346:12)
    at next (F:\WebsiteBatDongSan\real_estate_website\BE\node_modules\express\lib\router\index.js:280:10)
    at next (F:\WebsiteBatDongSan\real_estate_website\BE\node_modules\express\lib\router\route.js:141:14)
    at F:\WebsiteBatDongSan\real_estate_website\BE\services\order\server.js:203:3
    at Layer.handle [as handle_request] (F:\WebsiteBatDongSan\real_estate_website\BE\node_modules\express\lib\router\layer.js:95:5)
    at next (F:\WebsiteBatDongSan\real_estate_website\BE\node_modules\express\lib\router\route.js:149:13)
2026-07-19 03:22:53:2253 error: Không tìm thấy - /nha-hang/count
Error: Không tìm thấy - /nha-hang/count
    at notFound (F:\WebsiteBatDongSan\real_estate_website\BE\middlewares\errorHandler.js:21:17)
    at Layer.handle [as handle_request] (F:\WebsiteBatDongSan\real_estate_website\BE\node_modules\express\lib\router\layer.js:95:5)
    at trim_prefix (F:\WebsiteBatDongSan\real_estate_website\BE\node_modules\express\lib\router\index.js:328:13)
    at F:\WebsiteBatDongSan\real_estate_website\BE\node_modules\express\lib\router\index.js:286:9
    at router.process_params (F:\WebsiteBatDongSan\real_estate_website\BE\node_modules\express\lib\router\index.js:346:12)
    at next (F:\WebsiteBatDongSan\real_estate_website\BE\node_modules\express\lib\router\index.js:280:10)
    at logger (F:\WebsiteBatDongSan\real_estate_website\BE\node_modules\morgan\index.js:144:5)
    at Layer.handle [as handle_request] (F:\WebsiteBatDongSan\real_estate_website\BE\node_modules\express\lib\router\layer.js:95:5)
    at trim_prefix (F:\WebsiteBatDongSan\real_estate_website\BE\node_modules\express\lib\router\index.js:328:13)
    at F:\WebsiteBatDongSan\real_estate_website\BE\node_modules\express\lib\router\index.js:286:9
2026-07-19 03:22:53:2253 error: Không tìm thấy - /nha-hang/count
Error: Không tìm thấy - /nha-hang/count
    at notFound (F:\WebsiteBatDongSan\real_estate_website\BE\middlewares\errorHandler.js:21:17)
    at Layer.handle [as handle_request] (F:\WebsiteBatDongSan\real_estate_website\BE\node_modules\express\lib\router\layer.js:95:5)
    at trim_prefix (F:\WebsiteBatDongSan\real_estate_website\BE\node_modules\express\lib\router\index.js:328:13)
    at F:\WebsiteBatDongSan\real_estate_website\BE\node_modules\express\lib\router\index.js:286:9
    at router.process_params (F:\WebsiteBatDongSan\real_estate_website\BE\node_modules\express\lib\router\index.js:346:12)
    at next (F:\WebsiteBatDongSan\real_estate_website\BE\node_modules\express\lib\router\index.js:280:10)
    at logger (F:\WebsiteBatDongSan\real_estate_website\BE\node_modules\morgan\index.js:144:5)
    at Layer.handle [as handle_request] (F:\WebsiteBatDongSan\real_estate_website\BE\node_modules\express\lib\router\layer.js:95:5)
    at trim_prefix (F:\WebsiteBatDongSan\real_estate_website\BE\node_modules\express\lib\router\index.js:328:13)
    at F:\WebsiteBatDongSan\real_estate_website\BE\node_modules\express\lib\router\index.js:286:9
2026-07-19 04:51:25:5125 error: Không tìm thấy - /nha-hang/count
Error: Không tìm thấy - /nha-hang/count
    at notFound (F:\WebsiteBatDongSan\real_estate_website\BE\middlewares\errorHandler.js:21:17)
    at Layer.handle [as handle_request] (F:\WebsiteBatDongSan\real_estate_website\BE\node_modules\express\lib\router\layer.js:95:5)
    at trim_prefix (F:\WebsiteBatDongSan\real_estate_website\BE\node_modules\express\lib\router\index.js:328:13)
    at F:\WebsiteBatDongSan\real_estate_website\BE\node_modules\express\lib\router\index.js:286:9
    at router.process_params (F:\WebsiteBatDongSan\real_estate_website\BE\node_modules\express\lib\router\index.js:346:12)
    at next (F:\WebsiteBatDongSan\real_estate_website\BE\node_modules\express\lib\router\index.js:280:10)
    at logger (F:\WebsiteBatDongSan\real_estate_website\BE\node_modules\morgan\index.js:144:5)
    at Layer.handle [as handle_request] (F:\WebsiteBatDongSan\real_estate_website\BE\node_modules\express\lib\router\layer.js:95:5)
    at trim_prefix (F:\WebsiteBatDongSan\real_estate_website\BE\node_modules\express\lib\router\index.js:328:13)
    at F:\WebsiteBatDongSan\real_estate_website\BE\node_modules\express\lib\router\index.js:286:9
2026-07-19 04:51:25:5125 error: Không tìm thấy - /nha-hang/count
Error: Không tìm thấy - /nha-hang/count
    at notFound (F:\WebsiteBatDongSan\real_estate_website\BE\middlewares\errorHandler.js:21:17)
    at Layer.handle [as handle_request] (F:\WebsiteBatDongSan\real_estate_website\BE\node_modules\express\lib\router\layer.js:95:5)
    at trim_prefix (F:\WebsiteBatDongSan\real_estate_website\BE\node_modules\express\lib\router\index.js:328:13)
    at F:\WebsiteBatDongSan\real_estate_website\BE\node_modules\express\lib\router\index.js:286:9
    at router.process_params (F:\WebsiteBatDongSan\real_estate_website\BE\node_modules\express\lib\router\index.js:346:12)
    at next (F:\WebsiteBatDongSan\real_estate_website\BE\node_modules\express\lib\router\index.js:280:10)
    at logger (F:\WebsiteBatDongSan\real_estate_website\BE\node_modules\morgan\index.js:144:5)
    at Layer.handle [as handle_request] (F:\WebsiteBatDongSan\real_estate_website\BE\node_modules\express\lib\router\layer.js:95:5)
    at trim_prefix (F:\WebsiteBatDongSan\real_estate_website\BE\node_modules\express\lib\router\index.js:328:13)
    at F:\WebsiteBatDongSan\real_estate_website\BE\node_modules\express\lib\router\index.js:286:9
2026-07-19 04:51:34:5134 error: Không tìm thấy - /order/dat-ban
Error: Không tìm thấy - /order/dat-ban
    at notFound (F:\WebsiteBatDongSan\real_estate_website\BE\middlewares\errorHandler.js:21:17)
    at Layer.handle [as handle_request] (F:\WebsiteBatDongSan\real_estate_website\BE\node_modules\express\lib\router\layer.js:95:5)
    at trim_prefix (F:\WebsiteBatDongSan\real_estate_website\BE\node_modules\express\lib\router\index.js:328:13)
    at F:\WebsiteBatDongSan\real_estate_website\BE\node_modules\express\lib\router\index.js:286:9
    at router.process_params (F:\WebsiteBatDongSan\real_estate_website\BE\node_modules\express\lib\router\index.js:346:12)
    at next (F:\WebsiteBatDongSan\real_estate_website\BE\node_modules\express\lib\router\index.js:280:10)
    at next (F:\WebsiteBatDongSan\real_estate_website\BE\node_modules\express\lib\router\route.js:141:14)
    at F:\WebsiteBatDongSan\real_estate_website\BE\services\order\server.js:203:3
    at Layer.handle [as handle_request] (F:\WebsiteBatDongSan\real_estate_website\BE\node_modules\express\lib\router\layer.js:95:5)
    at next (F:\WebsiteBatDongSan\real_estate_website\BE\node_modules\express\lib\router\route.js:149:13)
2026-07-19 04:51:34:5134 error: Không tìm thấy - /order/dat-ban
Error: Không tìm thấy - /order/dat-ban
    at notFound (F:\WebsiteBatDongSan\real_estate_website\BE\middlewares\errorHandler.js:21:17)
    at Layer.handle [as handle_request] (F:\WebsiteBatDongSan\real_estate_website\BE\node_modules\express\lib\router\layer.js:95:5)
    at trim_prefix (F:\WebsiteBatDongSan\real_estate_website\BE\node_modules\express\lib\router\index.js:328:13)
    at F:\WebsiteBatDongSan\real_estate_website\BE\node_modules\express\lib\router\index.js:286:9
    at router.process_params (F:\WebsiteBatDongSan\real_estate_website\BE\node_modules\express\lib\router\index.js:346:12)
    at next (F:\WebsiteBatDongSan\real_estate_website\BE\node_modules\express\lib\router\index.js:280:10)
    at next (F:\WebsiteBatDongSan\real_estate_website\BE\node_modules\express\lib\router\route.js:141:14)
    at F:\WebsiteBatDongSan\real_estate_website\BE\services\order\server.js:203:3
    at Layer.handle [as handle_request] (F:\WebsiteBatDongSan\real_estate_website\BE\node_modules\express\lib\router\layer.js:95:5)
    at next (F:\WebsiteBatDongSan\real_estate_website\BE\node_modules\express\lib\router\route.js:149:13)
2026-07-19 04:51:35:5135 error: Không tìm thấy - /order/dat-ban
Error: Không tìm thấy - /order/dat-ban
    at notFound (F:\WebsiteBatDongSan\real_estate_website\BE\middlewares\errorHandler.js:21:17)
    at Layer.handle [as handle_request] (F:\WebsiteBatDongSan\real_estate_website\BE\node_modules\express\lib\router\layer.js:95:5)
    at trim_prefix (F:\WebsiteBatDongSan\real_estate_website\BE\node_modules\express\lib\router\index.js:328:13)
    at F:\WebsiteBatDongSan\real_estate_website\BE\node_modules\express\lib\router\index.js:286:9
    at router.process_params (F:\WebsiteBatDongSan\real_estate_website\BE\node_modules\express\lib\router\index.js:346:12)
    at next (F:\WebsiteBatDongSan\real_estate_website\BE\node_modules\express\lib\router\index.js:280:10)
    at next (F:\WebsiteBatDongSan\real_estate_website\BE\node_modules\express\lib\router\route.js:141:14)
    at F:\WebsiteBatDongSan\real_estate_website\BE\services\order\server.js:203:3
    at Layer.handle [as handle_request] (F:\WebsiteBatDongSan\real_estate_website\BE\node_modules\express\lib\router\layer.js:95:5)
    at next (F:\WebsiteBatDongSan\real_estate_website\BE\node_modules\express\lib\router\route.js:149:13)
2026-07-19 04:51:35:5135 error: Không tìm thấy - /order/dat-ban
Error: Không tìm thấy - /order/dat-ban
    at notFound (F:\WebsiteBatDongSan\real_estate_website\BE\middlewares\errorHandler.js:21:17)
    at Layer.handle [as handle_request] (F:\WebsiteBatDongSan\real_estate_website\BE\node_modules\express\lib\router\layer.js:95:5)
    at trim_prefix (F:\WebsiteBatDongSan\real_estate_website\BE\node_modules\express\lib\router\index.js:328:13)
    at F:\WebsiteBatDongSan\real_estate_website\BE\node_modules\express\lib\router\index.js:286:9
    at router.process_params (F:\WebsiteBatDongSan\real_estate_website\BE\node_modules\express\lib\router\index.js:346:12)
    at next (F:\WebsiteBatDongSan\real_estate_website\BE\node_modules\express\lib\router\index.js:280:10)
    at next (F:\WebsiteBatDongSan\real_estate_website\BE\node_modules\express\lib\router\route.js:141:14)
    at F:\WebsiteBatDongSan\real_estate_website\BE\services\order\server.js:203:3
    at Layer.handle [as handle_request] (F:\WebsiteBatDongSan\real_estate_website\BE\node_modules\express\lib\router\layer.js:95:5)
    at next (F:\WebsiteBatDongSan\real_estate_website\BE\node_modules\express\lib\router\route.js:149:13)
2026-07-19 04:52:09:529 error: Không tìm thấy - /order/dat-ban
Error: Không tìm thấy - /order/dat-ban
    at notFound (F:\WebsiteBatDongSan\real_estate_website\BE\middlewares\errorHandler.js:21:17)
    at Layer.handle [as handle_request] (F:\WebsiteBatDongSan\real_estate_website\BE\node_modules\express\lib\router\layer.js:95:5)
    at trim_prefix (F:\WebsiteBatDongSan\real_estate_website\BE\node_modules\express\lib\router\index.js:328:13)
    at F:\WebsiteBatDongSan\real_estate_website\BE\node_modules\express\lib\router\index.js:286:9
    at router.process_params (F:\WebsiteBatDongSan\real_estate_website\BE\node_modules\express\lib\router\index.js:346:12)
    at next (F:\WebsiteBatDongSan\real_estate_website\BE\node_modules\express\lib\router\index.js:280:10)
    at next (F:\WebsiteBatDongSan\real_estate_website\BE\node_modules\express\lib\router\route.js:141:14)
    at F:\WebsiteBatDongSan\real_estate_website\BE\services\order\server.js:203:3
    at Layer.handle [as handle_request] (F:\WebsiteBatDongSan\real_estate_website\BE\node_modules\express\lib\router\layer.js:95:5)
    at next (F:\WebsiteBatDongSan\real_estate_website\BE\node_modules\express\lib\router\route.js:149:13)
2026-07-19 04:52:09:529 error: Không tìm thấy - /order/dat-ban
Error: Không tìm thấy - /order/dat-ban
    at notFound (F:\WebsiteBatDongSan\real_estate_website\BE\middlewares\errorHandler.js:21:17)
    at Layer.handle [as handle_request] (F:\WebsiteBatDongSan\real_estate_website\BE\node_modules\express\lib\router\layer.js:95:5)
    at trim_prefix (F:\WebsiteBatDongSan\real_estate_website\BE\node_modules\express\lib\router\index.js:328:13)
    at F:\WebsiteBatDongSan\real_estate_website\BE\node_modules\express\lib\router\index.js:286:9
    at router.process_params (F:\WebsiteBatDongSan\real_estate_website\BE\node_modules\express\lib\router\index.js:346:12)
    at next (F:\WebsiteBatDongSan\real_estate_website\BE\node_modules\express\lib\router\index.js:280:10)
    at next (F:\WebsiteBatDongSan\real_estate_website\BE\node_modules\express\lib\router\route.js:141:14)
    at F:\WebsiteBatDongSan\real_estate_website\BE\services\order\server.js:203:3
    at Layer.handle [as handle_request] (F:\WebsiteBatDongSan\real_estate_website\BE\node_modules\express\lib\router\layer.js:95:5)
    at next (F:\WebsiteBatDongSan\real_estate_website\BE\node_modules\express\lib\router\route.js:149:13)
